{
  "testId" : "1-.-testovi-rezervacija.gspec",
  "name" : "./testovi/rezervacija.gspec",
  "report" : {
    "nodes" : [ {
      "name" : "Mutation test",
      "status" : "info",
      "nodes" : [ {
        "name" : "check  ./testovi/rezervacija.gspec --url file:///D:/nginx-1.15.5/html/Adem/rezervacija.html --size 1200x800 --offset 5 --htmlreport ./izvjestaji/mutation-rezervacija",
        "status" : "info",
        "nodes" : [ {
          "name" : "Check layout: ./testovi/rezervacija.gspec included tags: ",
          "status" : "info",
          "time" : 1573594060254,
          "sections" : [ {
            "name" : "Skeleton",
            "place" : {
              "filePath" : "./testovi/rezervacija.gspec",
              "lineNumber" : 14
            },
            "objects" : [ {
              "name" : "meni",
              "specs" : [ {
                "status" : "info",
                "place" : {
                  "filePath" : "./testovi/rezervacija.gspec",
                  "lineNumber" : 16
                },
                "name" : "centered horizontally inside screen",
                "highlight" : [ "meni", "screen" ]
              } ]
            }, {
              "name" : "logo",
              "specs" : [ {
                "status" : "info",
                "place" : {
                  "filePath" : "./testovi/rezervacija.gspec",
                  "lineNumber" : 16
                },
                "name" : "centered horizontally inside screen",
                "highlight" : [ "logo", "screen" ]
              } ]
            }, {
              "name" : "sadrzaj",
              "specs" : [ {
                "status" : "info",
                "place" : {
                  "filePath" : "./testovi/rezervacija.gspec",
                  "lineNumber" : 16
                },
                "name" : "centered horizontally inside screen",
                "highlight" : [ "sadrzaj", "screen" ]
              } ]
            } ]
          }, {
            "name" : "meni",
            "place" : {
              "filePath" : "./testovi/rezervacija.gspec",
              "lineNumber" : 18
            },
            "objects" : [ {
              "name" : "meni",
              "specs" : [ {
                "status" : "info",
                "place" : {
                  "filePath" : "./testovi/rezervacija.gspec",
                  "lineNumber" : 20
                },
                "name" : "width ~ 80 % of screen/width",
                "meta" : [ {
                  "from" : {
                    "object" : "meni",
                    "edge" : "left"
                  },
                  "to" : {
                    "object" : "meni",
                    "edge" : "right"
                  },
                  "expectedDistance" : "78 to 82% [913 to 960px]",
                  "realDistance" : "79% [936px]"
                } ],
                "highlight" : [ "meni" ]
              }, {
                "status" : "info",
                "place" : {
                  "filePath" : "./testovi/rezervacija.gspec",
                  "lineNumber" : 21
                },
                "name" : "below logo  -50 % of logo/height",
                "meta" : [ {
                  "from" : {
                    "object" : "meni",
                    "edge" : "top"
                  },
                  "to" : {
                    "object" : "logo",
                    "edge" : "bottom"
                  },
                  "expectedDistance" : "-50px",
                  "realDistance" : "-50px"
                } ],
                "highlight" : [ "meni", "logo" ]
              }, {
                "status" : "info",
                "place" : {
                  "filePath" : "./testovi/rezervacija.gspec",
                  "lineNumber" : 22
                },
                "name" : "centered horizontally inside screen",
                "highlight" : [ "meni", "screen" ]
              }, {
                "status" : "info",
                "place" : {
                  "filePath" : "./testovi/rezervacija.gspec",
                  "lineNumber" : 23
                },
                "name" : "contains partly logo",
                "highlight" : [ "meni", "logo" ]
              }, {
                "status" : "info",
                "place" : {
                  "filePath" : "./testovi/rezervacija.gspec",
                  "lineNumber" : 24
                },
                "name" : "height 10 to 20 % of screen/height",
                "meta" : [ {
                  "from" : {
                    "object" : "meni",
                    "edge" : "top"
                  },
                  "to" : {
                    "object" : "meni",
                    "edge" : "bottom"
                  },
                  "expectedDistance" : "10 to 20% [104 to 208px]",
                  "realDistance" : "14% [146px]"
                } ],
                "highlight" : [ "meni" ]
              }, {
                "status" : "info",
                "place" : {
                  "filePath" : "./testovi/rezervacija.gspec",
                  "lineNumber" : 25
                },
                "name" : "above sadrzaj 40 to 60 px",
                "meta" : [ {
                  "from" : {
                    "object" : "meni",
                    "edge" : "bottom"
                  },
                  "to" : {
                    "object" : "sadrzaj",
                    "edge" : "top"
                  },
                  "expectedDistance" : "40 to 60px",
                  "realDistance" : "48px"
                } ],
                "highlight" : [ "meni", "sadrzaj" ]
              }, {
                "status" : "info",
                "place" : {
                  "filePath" : "./testovi/rezervacija.gspec",
                  "lineNumber" : 26
                },
                "name" : "inside screen 60 to 85 px top",
                "meta" : [ {
                  "from" : {
                    "object" : "meni",
                    "edge" : "top"
                  },
                  "to" : {
                    "object" : "screen",
                    "edge" : "top"
                  },
                  "expectedDistance" : "60 to 85px",
                  "realDistance" : "80px"
                } ],
                "highlight" : [ "meni", "screen" ]
              } ]
            } ]
          }, {
            "name" : "logo",
            "place" : {
              "filePath" : "./testovi/rezervacija.gspec",
              "lineNumber" : 27
            },
            "objects" : [ {
              "name" : "logo",
              "specs" : [ {
                "status" : "info",
                "place" : {
                  "filePath" : "./testovi/rezervacija.gspec",
                  "lineNumber" : 29
                },
                "name" : "above meni -50% of logo/height",
                "meta" : [ {
                  "from" : {
                    "object" : "logo",
                    "edge" : "bottom"
                  },
                  "to" : {
                    "object" : "meni",
                    "edge" : "top"
                  },
                  "expectedDistance" : "-50px",
                  "realDistance" : "-50px"
                } ],
                "highlight" : [ "logo", "meni" ]
              } ],
              "specGroups" : [ {
                "name" : "should be squared",
                "specs" : [ {
                  "status" : "info",
                  "place" : {
                    "filePath" : "./testovi/rezervacija.gspec",
                    "lineNumber" : 30
                  },
                  "name" : "width 100% of logo/height",
                  "meta" : [ {
                    "from" : {
                      "object" : "logo",
                      "edge" : "left"
                    },
                    "to" : {
                      "object" : "logo",
                      "edge" : "right"
                    },
                    "expectedDistance" : "100% [100px]",
                    "realDistance" : "100% [100px]"
                  } ],
                  "highlight" : [ "logo" ]
                } ]
              } ]
            } ]
          }, {
            "name" : "stranice-*",
            "place" : {
              "filePath" : "./testovi/rezervacija.gspec",
              "lineNumber" : 32
            },
            "objects" : [ {
              "name" : "stranice-1",
              "specs" : [ {
                "status" : "info",
                "place" : {
                  "filePath" : "./testovi/rezervacija.gspec",
                  "lineNumber" : 34
                },
                "name" : "aligned horizontally all stranice-2",
                "highlight" : [ "stranice-1", "stranice-2" ]
              }, {
                "status" : "info",
                "place" : {
                  "filePath" : "./testovi/rezervacija.gspec",
                  "lineNumber" : 35
                },
                "name" : "inside meni ~ 20px bottom, ~ 110 px top, > 10% of meni/width left right",
                "meta" : [ {
                  "from" : {
                    "object" : "stranice-1",
                    "edge" : "bottom"
                  },
                  "to" : {
                    "object" : "meni",
                    "edge" : "bottom"
                  },
                  "expectedDistance" : "18 to 22px",
                  "realDistance" : "20px"
                }, {
                  "from" : {
                    "object" : "stranice-1",
                    "edge" : "top"
                  },
                  "to" : {
                    "object" : "meni",
                    "edge" : "top"
                  },
                  "expectedDistance" : "108 to 112px",
                  "realDistance" : "109px"
                }, {
                  "from" : {
                    "object" : "stranice-1",
                    "edge" : "left"
                  },
                  "to" : {
                    "object" : "meni",
                    "edge" : "left"
                  },
                  "expectedDistance" : "> 10px",
                  "realDistance" : "259px"
                }, {
                  "from" : {
                    "object" : "stranice-1",
                    "edge" : "right"
                  },
                  "to" : {
                    "object" : "meni",
                    "edge" : "right"
                  },
                  "expectedDistance" : "> 10px",
                  "realDistance" : "592px"
                } ],
                "highlight" : [ "stranice-1", "meni" ]
              }, {
                "status" : "info",
                "place" : {
                  "filePath" : "./testovi/rezervacija.gspec",
                  "lineNumber" : 36
                },
                "name" : "height 10 to 20 px",
                "meta" : [ {
                  "from" : {
                    "object" : "stranice-1",
                    "edge" : "top"
                  },
                  "to" : {
                    "object" : "stranice-1",
                    "edge" : "bottom"
                  },
                  "expectedDistance" : "10 to 20px",
                  "realDistance" : "17px"
                } ],
                "highlight" : [ "stranice-1" ]
              }, {
                "status" : "info",
                "place" : {
                  "filePath" : "./testovi/rezervacija.gspec",
                  "lineNumber" : 37
                },
                "name" : "width 40 to 220 px",
                "meta" : [ {
                  "from" : {
                    "object" : "stranice-1",
                    "edge" : "left"
                  },
                  "to" : {
                    "object" : "stranice-1",
                    "edge" : "right"
                  },
                  "expectedDistance" : "40 to 220px",
                  "realDistance" : "85px"
                } ],
                "highlight" : [ "stranice-1" ]
              }, {
                "status" : "info",
                "place" : {
                  "filePath" : "./testovi/rezervacija.gspec",
                  "lineNumber" : 40
                },
                "name" : "inside meni  20 to 30% of meni/width left, > 60 % of meni/width right",
                "meta" : [ {
                  "from" : {
                    "object" : "stranice-1",
                    "edge" : "left"
                  },
                  "to" : {
                    "object" : "meni",
                    "edge" : "left"
                  },
                  "expectedDistance" : "20 to 30px",
                  "realDistance" : "259px"
                }, {
                  "from" : {
                    "object" : "stranice-1",
                    "edge" : "right"
                  },
                  "to" : {
                    "object" : "meni",
                    "edge" : "right"
                  },
                  "expectedDistance" : "> 60px",
                  "realDistance" : "592px"
                } ],
                "highlight" : [ "stranice-1", "meni" ]
              }, {
                "status" : "info",
                "place" : {
                  "filePath" : "./testovi/rezervacija.gspec",
                  "lineNumber" : 41
                },
                "name" : "near stranice-2 ~ 5px left",
                "meta" : [ {
                  "from" : {
                    "object" : "stranice-1",
                    "edge" : "right"
                  },
                  "to" : {
                    "object" : "stranice-2",
                    "edge" : "left"
                  },
                  "expectedDistance" : "3 to 7px",
                  "realDistance" : "4px"
                } ],
                "highlight" : [ "stranice-1", "stranice-2" ]
              }, {
                "status" : "info",
                "place" : {
                  "filePath" : "./testovi/rezervacija.gspec",
                  "lineNumber" : 42
                },
                "name" : "near stranice-2 ~ -150px right",
                "meta" : [ {
                  "from" : {
                    "object" : "stranice-1",
                    "edge" : "left"
                  },
                  "to" : {
                    "object" : "stranice-2",
                    "edge" : "right"
                  },
                  "expectedDistance" : "-152 to -148px",
                  "realDistance" : "-150px"
                } ],
                "highlight" : [ "stranice-1", "stranice-2" ]
              } ]
            }, {
              "name" : "stranice-2",
              "specs" : [ {
                "status" : "info",
                "place" : {
                  "filePath" : "./testovi/rezervacija.gspec",
                  "lineNumber" : 34
                },
                "name" : "aligned horizontally all stranice-2",
                "highlight" : [ "stranice-2", "stranice-2" ]
              }, {
                "status" : "info",
                "place" : {
                  "filePath" : "./testovi/rezervacija.gspec",
                  "lineNumber" : 35
                },
                "name" : "inside meni ~ 20px bottom, ~ 110 px top, > 10% of meni/width left right",
                "meta" : [ {
                  "from" : {
                    "object" : "stranice-2",
                    "edge" : "bottom"
                  },
                  "to" : {
                    "object" : "meni",
                    "edge" : "bottom"
                  },
                  "expectedDistance" : "18 to 22px",
                  "realDistance" : "20px"
                }, {
                  "from" : {
                    "object" : "stranice-2",
                    "edge" : "top"
                  },
                  "to" : {
                    "object" : "meni",
                    "edge" : "top"
                  },
                  "expectedDistance" : "108 to 112px",
                  "realDistance" : "109px"
                }, {
                  "from" : {
                    "object" : "stranice-2",
                    "edge" : "left"
                  },
                  "to" : {
                    "object" : "meni",
                    "edge" : "left"
                  },
                  "expectedDistance" : "> 10px",
                  "realDistance" : "348px"
                }, {
                  "from" : {
                    "object" : "stranice-2",
                    "edge" : "right"
                  },
                  "to" : {
                    "object" : "meni",
                    "edge" : "right"
                  },
                  "expectedDistance" : "> 10px",
                  "realDistance" : "527px"
                } ],
                "highlight" : [ "stranice-2", "meni" ]
              }, {
                "status" : "info",
                "place" : {
                  "filePath" : "./testovi/rezervacija.gspec",
                  "lineNumber" : 36
                },
                "name" : "height 10 to 20 px",
                "meta" : [ {
                  "from" : {
                    "object" : "stranice-2",
                    "edge" : "top"
                  },
                  "to" : {
                    "object" : "stranice-2",
                    "edge" : "bottom"
                  },
                  "expectedDistance" : "10 to 20px",
                  "realDistance" : "17px"
                } ],
                "highlight" : [ "stranice-2" ]
              }, {
                "status" : "info",
                "place" : {
                  "filePath" : "./testovi/rezervacija.gspec",
                  "lineNumber" : 37
                },
                "name" : "width 40 to 220 px",
                "meta" : [ {
                  "from" : {
                    "object" : "stranice-2",
                    "edge" : "left"
                  },
                  "to" : {
                    "object" : "stranice-2",
                    "edge" : "right"
                  },
                  "expectedDistance" : "40 to 220px",
                  "realDistance" : "61px"
                } ],
                "highlight" : [ "stranice-2" ]
              }, {
                "status" : "info",
                "place" : {
                  "filePath" : "./testovi/rezervacija.gspec",
                  "lineNumber" : 45
                },
                "name" : "near stranice-1 ~ 5px right",
                "meta" : [ {
                  "from" : {
                    "object" : "stranice-2",
                    "edge" : "left"
                  },
                  "to" : {
                    "object" : "stranice-1",
                    "edge" : "right"
                  },
                  "expectedDistance" : "3 to 7px",
                  "realDistance" : "4px"
                } ],
                "highlight" : [ "stranice-2", "stranice-1" ]
              }, {
                "status" : "info",
                "place" : {
                  "filePath" : "./testovi/rezervacija.gspec",
                  "lineNumber" : 46
                },
                "name" : "near stranice-3 ~ 5px left",
                "meta" : [ {
                  "from" : {
                    "object" : "stranice-2",
                    "edge" : "right"
                  },
                  "to" : {
                    "object" : "stranice-3",
                    "edge" : "left"
                  },
                  "expectedDistance" : "3 to 7px",
                  "realDistance" : "5px"
                } ],
                "highlight" : [ "stranice-2", "stranice-3" ]
              } ]
            }, {
              "name" : "stranice-3",
              "specs" : [ {
                "status" : "info",
                "place" : {
                  "filePath" : "./testovi/rezervacija.gspec",
                  "lineNumber" : 34
                },
                "name" : "aligned horizontally all stranice-2",
                "highlight" : [ "stranice-3", "stranice-2" ]
              }, {
                "status" : "info",
                "place" : {
                  "filePath" : "./testovi/rezervacija.gspec",
                  "lineNumber" : 35
                },
                "name" : "inside meni ~ 20px bottom, ~ 110 px top, > 10% of meni/width left right",
                "meta" : [ {
                  "from" : {
                    "object" : "stranice-3",
                    "edge" : "bottom"
                  },
                  "to" : {
                    "object" : "meni",
                    "edge" : "bottom"
                  },
                  "expectedDistance" : "18 to 22px",
                  "realDistance" : "20px"
                }, {
                  "from" : {
                    "object" : "stranice-3",
                    "edge" : "top"
                  },
                  "to" : {
                    "object" : "meni",
                    "edge" : "top"
                  },
                  "expectedDistance" : "108 to 112px",
                  "realDistance" : "109px"
                }, {
                  "from" : {
                    "object" : "stranice-3",
                    "edge" : "left"
                  },
                  "to" : {
                    "object" : "meni",
                    "edge" : "left"
                  },
                  "expectedDistance" : "> 10px",
                  "realDistance" : "414px"
                }, {
                  "from" : {
                    "object" : "stranice-3",
                    "edge" : "right"
                  },
                  "to" : {
                    "object" : "meni",
                    "edge" : "right"
                  },
                  "expectedDistance" : "> 10px",
                  "realDistance" : "455px"
                } ],
                "highlight" : [ "stranice-3", "meni" ]
              }, {
                "status" : "info",
                "place" : {
                  "filePath" : "./testovi/rezervacija.gspec",
                  "lineNumber" : 36
                },
                "name" : "height 10 to 20 px",
                "meta" : [ {
                  "from" : {
                    "object" : "stranice-3",
                    "edge" : "top"
                  },
                  "to" : {
                    "object" : "stranice-3",
                    "edge" : "bottom"
                  },
                  "expectedDistance" : "10 to 20px",
                  "realDistance" : "17px"
                } ],
                "highlight" : [ "stranice-3" ]
              }, {
                "status" : "info",
                "place" : {
                  "filePath" : "./testovi/rezervacija.gspec",
                  "lineNumber" : 37
                },
                "name" : "width 40 to 220 px",
                "meta" : [ {
                  "from" : {
                    "object" : "stranice-3",
                    "edge" : "left"
                  },
                  "to" : {
                    "object" : "stranice-3",
                    "edge" : "right"
                  },
                  "expectedDistance" : "40 to 220px",
                  "realDistance" : "67px"
                } ],
                "highlight" : [ "stranice-3" ]
              }, {
                "status" : "info",
                "place" : {
                  "filePath" : "./testovi/rezervacija.gspec",
                  "lineNumber" : 49
                },
                "name" : "near stranice-2 ~ 5px right",
                "meta" : [ {
                  "from" : {
                    "object" : "stranice-3",
                    "edge" : "left"
                  },
                  "to" : {
                    "object" : "stranice-2",
                    "edge" : "right"
                  },
                  "expectedDistance" : "3 to 7px",
                  "realDistance" : "5px"
                } ],
                "highlight" : [ "stranice-3", "stranice-2" ]
              }, {
                "status" : "info",
                "place" : {
                  "filePath" : "./testovi/rezervacija.gspec",
                  "lineNumber" : 50
                },
                "name" : "near stranice-4 ~ 5px left",
                "meta" : [ {
                  "from" : {
                    "object" : "stranice-3",
                    "edge" : "right"
                  },
                  "to" : {
                    "object" : "stranice-4",
                    "edge" : "left"
                  },
                  "expectedDistance" : "3 to 7px",
                  "realDistance" : "5px"
                } ],
                "highlight" : [ "stranice-3", "stranice-4" ]
              } ]
            }, {
              "name" : "stranice-4",
              "specs" : [ {
                "status" : "info",
                "place" : {
                  "filePath" : "./testovi/rezervacija.gspec",
                  "lineNumber" : 34
                },
                "name" : "aligned horizontally all stranice-2",
                "highlight" : [ "stranice-4", "stranice-2" ]
              }, {
                "status" : "info",
                "place" : {
                  "filePath" : "./testovi/rezervacija.gspec",
                  "lineNumber" : 35
                },
                "name" : "inside meni ~ 20px bottom, ~ 110 px top, > 10% of meni/width left right",
                "meta" : [ {
                  "from" : {
                    "object" : "stranice-4",
                    "edge" : "bottom"
                  },
                  "to" : {
                    "object" : "meni",
                    "edge" : "bottom"
                  },
                  "expectedDistance" : "18 to 22px",
                  "realDistance" : "20px"
                }, {
                  "from" : {
                    "object" : "stranice-4",
                    "edge" : "top"
                  },
                  "to" : {
                    "object" : "meni",
                    "edge" : "top"
                  },
                  "expectedDistance" : "108 to 112px",
                  "realDistance" : "109px"
                }, {
                  "from" : {
                    "object" : "stranice-4",
                    "edge" : "left"
                  },
                  "to" : {
                    "object" : "meni",
                    "edge" : "left"
                  },
                  "expectedDistance" : "> 10px",
                  "realDistance" : "486px"
                }, {
                  "from" : {
                    "object" : "stranice-4",
                    "edge" : "right"
                  },
                  "to" : {
                    "object" : "meni",
                    "edge" : "right"
                  },
                  "expectedDistance" : "> 10px",
                  "realDistance" : "338px"
                } ],
                "highlight" : [ "stranice-4", "meni" ]
              }, {
                "status" : "info",
                "place" : {
                  "filePath" : "./testovi/rezervacija.gspec",
                  "lineNumber" : 36
                },
                "name" : "height 10 to 20 px",
                "meta" : [ {
                  "from" : {
                    "object" : "stranice-4",
                    "edge" : "top"
                  },
                  "to" : {
                    "object" : "stranice-4",
                    "edge" : "bottom"
                  },
                  "expectedDistance" : "10 to 20px",
                  "realDistance" : "17px"
                } ],
                "highlight" : [ "stranice-4" ]
              }, {
                "status" : "info",
                "place" : {
                  "filePath" : "./testovi/rezervacija.gspec",
                  "lineNumber" : 37
                },
                "name" : "width 40 to 220 px",
                "meta" : [ {
                  "from" : {
                    "object" : "stranice-4",
                    "edge" : "left"
                  },
                  "to" : {
                    "object" : "stranice-4",
                    "edge" : "right"
                  },
                  "expectedDistance" : "40 to 220px",
                  "realDistance" : "112px"
                } ],
                "highlight" : [ "stranice-4" ]
              }, {
                "status" : "info",
                "place" : {
                  "filePath" : "./testovi/rezervacija.gspec",
                  "lineNumber" : 53
                },
                "name" : "near stranice-3 ~ 5px right",
                "meta" : [ {
                  "from" : {
                    "object" : "stranice-4",
                    "edge" : "left"
                  },
                  "to" : {
                    "object" : "stranice-3",
                    "edge" : "right"
                  },
                  "expectedDistance" : "3 to 7px",
                  "realDistance" : "5px"
                } ],
                "highlight" : [ "stranice-4", "stranice-3" ]
              }, {
                "status" : "info",
                "place" : {
                  "filePath" : "./testovi/rezervacija.gspec",
                  "lineNumber" : 54
                },
                "name" : "near stranice-5 ~ 5px left",
                "meta" : [ {
                  "from" : {
                    "object" : "stranice-4",
                    "edge" : "right"
                  },
                  "to" : {
                    "object" : "stranice-5",
                    "edge" : "left"
                  },
                  "expectedDistance" : "3 to 7px",
                  "realDistance" : "4px"
                } ],
                "highlight" : [ "stranice-4", "stranice-5" ]
              } ]
            }, {
              "name" : "stranice-5",
              "specs" : [ {
                "status" : "info",
                "place" : {
                  "filePath" : "./testovi/rezervacija.gspec",
                  "lineNumber" : 34
                },
                "name" : "aligned horizontally all stranice-2",
                "highlight" : [ "stranice-5", "stranice-2" ]
              }, {
                "status" : "info",
                "place" : {
                  "filePath" : "./testovi/rezervacija.gspec",
                  "lineNumber" : 35
                },
                "name" : "inside meni ~ 20px bottom, ~ 110 px top, > 10% of meni/width left right",
                "meta" : [ {
                  "from" : {
                    "object" : "stranice-5",
                    "edge" : "bottom"
                  },
                  "to" : {
                    "object" : "meni",
                    "edge" : "bottom"
                  },
                  "expectedDistance" : "18 to 22px",
                  "realDistance" : "20px"
                }, {
                  "from" : {
                    "object" : "stranice-5",
                    "edge" : "top"
                  },
                  "to" : {
                    "object" : "meni",
                    "edge" : "top"
                  },
                  "expectedDistance" : "108 to 112px",
                  "realDistance" : "109px"
                }, {
                  "from" : {
                    "object" : "stranice-5",
                    "edge" : "left"
                  },
                  "to" : {
                    "object" : "meni",
                    "edge" : "left"
                  },
                  "expectedDistance" : "> 10px",
                  "realDistance" : "602px"
                }, {
                  "from" : {
                    "object" : "stranice-5",
                    "edge" : "right"
                  },
                  "to" : {
                    "object" : "meni",
                    "edge" : "right"
                  },
                  "expectedDistance" : "> 10px",
                  "realDistance" : "259px"
                } ],
                "highlight" : [ "stranice-5", "meni" ]
              }, {
                "status" : "info",
                "place" : {
                  "filePath" : "./testovi/rezervacija.gspec",
                  "lineNumber" : 36
                },
                "name" : "height 10 to 20 px",
                "meta" : [ {
                  "from" : {
                    "object" : "stranice-5",
                    "edge" : "top"
                  },
                  "to" : {
                    "object" : "stranice-5",
                    "edge" : "bottom"
                  },
                  "expectedDistance" : "10 to 20px",
                  "realDistance" : "17px"
                } ],
                "highlight" : [ "stranice-5" ]
              }, {
                "status" : "info",
                "place" : {
                  "filePath" : "./testovi/rezervacija.gspec",
                  "lineNumber" : 37
                },
                "name" : "width 40 to 220 px",
                "meta" : [ {
                  "from" : {
                    "object" : "stranice-5",
                    "edge" : "left"
                  },
                  "to" : {
                    "object" : "stranice-5",
                    "edge" : "right"
                  },
                  "expectedDistance" : "40 to 220px",
                  "realDistance" : "75px"
                } ],
                "highlight" : [ "stranice-5" ]
              }, {
                "status" : "info",
                "place" : {
                  "filePath" : "./testovi/rezervacija.gspec",
                  "lineNumber" : 57
                },
                "name" : "inside meni 20 to 30% of meni/width right, > 60 % of meni/width left",
                "meta" : [ {
                  "from" : {
                    "object" : "stranice-5",
                    "edge" : "right"
                  },
                  "to" : {
                    "object" : "meni",
                    "edge" : "right"
                  },
                  "expectedDistance" : "20 to 30px",
                  "realDistance" : "259px"
                }, {
                  "from" : {
                    "object" : "stranice-5",
                    "edge" : "left"
                  },
                  "to" : {
                    "object" : "meni",
                    "edge" : "left"
                  },
                  "expectedDistance" : "> 60px",
                  "realDistance" : "602px"
                } ],
                "highlight" : [ "stranice-5", "meni" ]
              }, {
                "status" : "info",
                "place" : {
                  "filePath" : "./testovi/rezervacija.gspec",
                  "lineNumber" : 58
                },
                "name" : "near stranice-4 ~ 5px right",
                "meta" : [ {
                  "from" : {
                    "object" : "stranice-5",
                    "edge" : "left"
                  },
                  "to" : {
                    "object" : "stranice-4",
                    "edge" : "right"
                  },
                  "expectedDistance" : "3 to 7px",
                  "realDistance" : "4px"
                } ],
                "highlight" : [ "stranice-5", "stranice-4" ]
              }, {
                "status" : "info",
                "place" : {
                  "filePath" : "./testovi/rezervacija.gspec",
                  "lineNumber" : 59
                },
                "name" : "near stranice-4 ~ -190px left",
                "meta" : [ {
                  "from" : {
                    "object" : "stranice-5",
                    "edge" : "right"
                  },
                  "to" : {
                    "object" : "stranice-4",
                    "edge" : "left"
                  },
                  "expectedDistance" : "-192 to -188px",
                  "realDistance" : "-191px"
                } ],
                "highlight" : [ "stranice-5", "stranice-4" ]
              } ]
            }, {
              "name" : "global",
              "specs" : [ {
                "status" : "info",
                "place" : {
                  "filePath" : "./testovi/rezervacija.gspec",
                  "lineNumber" : 61
                },
                "name" : "count any stranice-* is 5",
                "highlight" : [ "stranice-5", "stranice-4", "stranice-1", "stranice-3", "stranice-2" ]
              } ]
            } ]
          }, {
            "name" : "sale",
            "place" : {
              "filePath" : "./testovi/rezervacija.gspec",
              "lineNumber" : 63
            },
            "objects" : [ {
              "name" : "sale",
              "specs" : [ {
                "status" : "info",
                "place" : {
                  "filePath" : "./testovi/rezervacija.gspec",
                  "lineNumber" : 65
                },
                "name" : "inside sadrzaj",
                "meta" : [ ],
                "highlight" : [ "sale", "sadrzaj" ]
              } ]
            } ]
          }, {
            "name" : "periodicna",
            "place" : {
              "filePath" : "./testovi/rezervacija.gspec",
              "lineNumber" : 67
            },
            "objects" : [ {
              "name" : "periodicna",
              "specs" : [ {
                "status" : "info",
                "place" : {
                  "filePath" : "./testovi/rezervacija.gspec",
                  "lineNumber" : 69
                },
                "name" : "inside sadrzaj",
                "meta" : [ ],
                "highlight" : [ "periodicna", "sadrzaj" ]
              } ]
            } ]
          }, {
            "name" : "vrijeme-*",
            "place" : {
              "filePath" : "./testovi/rezervacija.gspec",
              "lineNumber" : 71
            },
            "objects" : [ {
              "name" : "vrijeme-1",
              "specs" : [ {
                "status" : "info",
                "place" : {
                  "filePath" : "./testovi/rezervacija.gspec",
                  "lineNumber" : 73
                },
                "name" : "inside sadrzaj",
                "meta" : [ ],
                "highlight" : [ "vrijeme-1", "sadrzaj" ]
              } ]
            }, {
              "name" : "vrijeme-2",
              "specs" : [ {
                "status" : "info",
                "place" : {
                  "filePath" : "./testovi/rezervacija.gspec",
                  "lineNumber" : 73
                },
                "name" : "inside sadrzaj",
                "meta" : [ ],
                "highlight" : [ "vrijeme-2", "sadrzaj" ]
              } ]
            } ]
          }, {
            "name" : "kalendar",
            "place" : {
              "filePath" : "./testovi/rezervacija.gspec",
              "lineNumber" : 75
            },
            "objects" : [ {
              "name" : "kalendar",
              "specs" : [ {
                "status" : "info",
                "place" : {
                  "filePath" : "./testovi/rezervacija.gspec",
                  "lineNumber" : 77
                },
                "name" : "inside sadrzaj",
                "meta" : [ ],
                "highlight" : [ "kalendar", "sadrzaj" ]
              }, {
                "status" : "info",
                "place" : {
                  "filePath" : "./testovi/rezervacija.gspec",
                  "lineNumber" : 78
                },
                "name" : "width ~ 80 % of sadrzaj/width",
                "meta" : [ {
                  "from" : {
                    "object" : "kalendar",
                    "edge" : "left"
                  },
                  "to" : {
                    "object" : "kalendar",
                    "edge" : "right"
                  },
                  "expectedDistance" : "78 to 82% [730 to 767px]",
                  "realDistance" : "80% [749px]"
                } ],
                "highlight" : [ "kalendar" ]
              } ]
            } ]
          } ],
          "objects" : {
            "meni" : {
              "area" : [ 117, 80, 936, 146 ]
            },
            "vrijeme-2" : {
              "area" : [ 558, 383, 74, 22 ]
            },
            "vrijeme-1" : {
              "area" : [ 558, 344, 74, 22 ]
            },
            "screen" : {
              "area" : [ 0, 0, 1171, 1041 ]
            },
            "sadrzaj" : {
              "area" : [ 117, 274, 936, 767 ]
            },
            "sale" : {
              "area" : [ 579, 290, 53, 20 ]
            },
            "stranice-5" : {
              "area" : [ 719, 189, 75, 17 ]
            },
            "logo" : {
              "area" : [ 535, 30, 100, 100 ]
            },
            "stranice-4" : {
              "area" : [ 603, 189, 112, 17 ]
            },
            "stranice-1" : {
              "area" : [ 376, 189, 85, 17 ]
            },
            "stranice-3" : {
              "area" : [ 531, 189, 67, 17 ]
            },
            "kalendar" : {
              "area" : [ 210, 413, 749, 541 ]
            },
            "stranice-2" : {
              "area" : [ 465, 189, 61, 17 ]
            },
            "periodicna" : {
              "area" : [ 542, 319, 13, 13 ]
            }
          },
          "screenshot" : "layout-1-screenshot.png",
          "type" : "layout"
        }, {
          "name" : "Mutation testing: ./testovi/rezervacija.gspec included tags: ",
          "status" : "error",
          "time" : 1573594060254,
          "mutationReport" : {
            "objectMutationStatistics" : {
              "meni" : {
                "passed" : 10,
                "failed" : 0,
                "failedMutations" : [ ]
              },
              "vrijeme-2" : {
                "passed" : 0,
                "failed" : 10,
                "failedMutations" : [ "vrijeme-2: drag left by 5px", "vrijeme-2: drag right by 5px", "vrijeme-2: drag top by 5px", "vrijeme-2: drag down by 5px", "vrijeme-2: increase width by 5px", "vrijeme-2: decrease width by 5px", "vrijeme-2: increase height by 5px", "vrijeme-2: decrease height by 5px", "vrijeme-2: move left edge right by 5px", "vrijeme-2: move top edge down by 5px" ]
              },
              "vrijeme-1" : {
                "passed" : 0,
                "failed" : 10,
                "failedMutations" : [ "vrijeme-1: drag left by 5px", "vrijeme-1: drag right by 5px", "vrijeme-1: drag top by 5px", "vrijeme-1: drag down by 5px", "vrijeme-1: increase width by 5px", "vrijeme-1: decrease width by 5px", "vrijeme-1: increase height by 5px", "vrijeme-1: decrease height by 5px", "vrijeme-1: move left edge right by 5px", "vrijeme-1: move top edge down by 5px" ]
              },
              "screen" : {
                "passed" : 10,
                "failed" : 0,
                "failedMutations" : [ ]
              },
              "sadrzaj" : {
                "passed" : 10,
                "failed" : 0,
                "failedMutations" : [ ]
              },
              "sale" : {
                "passed" : 0,
                "failed" : 10,
                "failedMutations" : [ "sale: drag left by 5px", "sale: drag right by 5px", "sale: drag top by 5px", "sale: drag down by 5px", "sale: increase width by 5px", "sale: decrease width by 5px", "sale: increase height by 5px", "sale: decrease height by 5px", "sale: move left edge right by 5px", "sale: move top edge down by 5px" ]
              },
              "stranice-5" : {
                "passed" : 10,
                "failed" : 0,
                "failedMutations" : [ ]
              },
              "logo" : {
                "passed" : 10,
                "failed" : 0,
                "failedMutations" : [ ]
              },
              "stranice-4" : {
                "passed" : 10,
                "failed" : 0,
                "failedMutations" : [ ]
              },
              "stranice-1" : {
                "passed" : 10,
                "failed" : 0,
                "failedMutations" : [ ]
              },
              "stranice-3" : {
                "passed" : 10,
                "failed" : 0,
                "failedMutations" : [ ]
              },
              "kalendar" : {
                "passed" : 0,
                "failed" : 10,
                "failedMutations" : [ "kalendar: drag left by 5px", "kalendar: drag right by 5px", "kalendar: drag top by 5px", "kalendar: drag down by 5px", "kalendar: increase width by 5px", "kalendar: decrease width by 5px", "kalendar: increase height by 5px", "kalendar: decrease height by 5px", "kalendar: move left edge right by 5px", "kalendar: move top edge down by 5px" ]
              },
              "stranice-2" : {
                "passed" : 10,
                "failed" : 0,
                "failedMutations" : [ ]
              },
              "periodicna" : {
                "passed" : 0,
                "failed" : 10,
                "failedMutations" : [ "periodicna: drag left by 5px", "periodicna: drag right by 5px", "periodicna: drag top by 5px", "periodicna: drag down by 5px", "periodicna: increase width by 5px", "periodicna: decrease width by 5px", "periodicna: increase height by 5px", "periodicna: decrease height by 5px", "periodicna: move left edge right by 5px", "periodicna: move top edge down by 5px" ]
              }
            },
            "totalPassed" : 90,
            "totalFailed" : 50,
            "totalMutations" : 140,
            "failedRatio" : 35.714285714285715
          },
          "type" : "mutation"
        } ],
        "time" : 1573594046962,
        "type" : "node"
      } ],
      "time" : 1573594037064,
      "type" : "node"
    } ]
  }
}