{
  "testId" : "1-.-testovi-mobilesale.gspec",
  "name" : "./testovi/mobileSale.gspec",
  "report" : {
    "nodes" : [ {
      "name" : "Simple check",
      "status" : "info",
      "nodes" : [ {
        "name" : "check  ./testovi/mobileSale.gspec --url file:///D:/nginx-1.15.5/html/Adem/sale.html --size 580x768 --htmlreport ./izvjestaji/mobileSale_izvjestaj",
        "status" : "info",
        "nodes" : [ {
          "name" : "Check layout: ./testovi/mobileSale.gspec included tags: ",
          "status" : "info",
          "time" : 1573635438788,
          "sections" : [ {
            "name" : "Skeleton",
            "place" : {
              "filePath" : "./testovi/mobileSale.gspec",
              "lineNumber" : 13
            },
            "objects" : [ {
              "name" : "meni",
              "specs" : [ {
                "status" : "info",
                "place" : {
                  "filePath" : "./testovi/mobileSale.gspec",
                  "lineNumber" : 15
                },
                "name" : "centered horizontally inside screen",
                "highlight" : [ "meni", "screen" ]
              } ]
            }, {
              "name" : "logo",
              "specs" : [ {
                "status" : "info",
                "place" : {
                  "filePath" : "./testovi/mobileSale.gspec",
                  "lineNumber" : 15
                },
                "name" : "centered horizontally inside screen",
                "highlight" : [ "logo", "screen" ]
              } ]
            }, {
              "name" : "sadrzaj",
              "specs" : [ {
                "status" : "info",
                "place" : {
                  "filePath" : "./testovi/mobileSale.gspec",
                  "lineNumber" : 15
                },
                "name" : "centered horizontally inside screen",
                "highlight" : [ "sadrzaj", "screen" ]
              } ]
            } ]
          }, {
            "name" : "meni",
            "place" : {
              "filePath" : "./testovi/mobileSale.gspec",
              "lineNumber" : 17
            },
            "objects" : [ {
              "name" : "meni",
              "specs" : [ {
                "status" : "info",
                "place" : {
                  "filePath" : "./testovi/mobileSale.gspec",
                  "lineNumber" : 19
                },
                "name" : "width ~ 80 % of screen/width",
                "meta" : [ {
                  "from" : {
                    "object" : "meni",
                    "edge" : "left"
                  },
                  "to" : {
                    "object" : "meni",
                    "edge" : "right"
                  },
                  "expectedDistance" : "78 to 82% [429 to 451px]",
                  "realDistance" : "79% [440px]"
                } ],
                "highlight" : [ "meni" ]
              }, {
                "status" : "info",
                "place" : {
                  "filePath" : "./testovi/mobileSale.gspec",
                  "lineNumber" : 20
                },
                "name" : "below logo  -50 % of logo/height",
                "meta" : [ {
                  "from" : {
                    "object" : "meni",
                    "edge" : "top"
                  },
                  "to" : {
                    "object" : "logo",
                    "edge" : "bottom"
                  },
                  "expectedDistance" : "-50px",
                  "realDistance" : "-50px"
                } ],
                "highlight" : [ "meni", "logo" ]
              }, {
                "status" : "info",
                "place" : {
                  "filePath" : "./testovi/mobileSale.gspec",
                  "lineNumber" : 21
                },
                "name" : "centered horizontally inside screen",
                "highlight" : [ "meni", "screen" ]
              }, {
                "status" : "info",
                "place" : {
                  "filePath" : "./testovi/mobileSale.gspec",
                  "lineNumber" : 22
                },
                "name" : "contains partly logo",
                "highlight" : [ "meni", "logo" ]
              }, {
                "status" : "info",
                "place" : {
                  "filePath" : "./testovi/mobileSale.gspec",
                  "lineNumber" : 23
                },
                "name" : "contains stranice-*",
                "highlight" : [ "meni", "stranice-1", "stranice-2", "stranice-3", "stranice-4", "stranice-5" ]
              }, {
                "status" : "info",
                "place" : {
                  "filePath" : "./testovi/mobileSale.gspec",
                  "lineNumber" : 24
                },
                "name" : "height 35 to 45 % of screen/height",
                "meta" : [ {
                  "from" : {
                    "object" : "meni",
                    "edge" : "top"
                  },
                  "to" : {
                    "object" : "meni",
                    "edge" : "bottom"
                  },
                  "expectedDistance" : "35 to 45% [245 to 315px]",
                  "realDistance" : "44% [310px]"
                } ],
                "highlight" : [ "meni" ]
              }, {
                "status" : "info",
                "place" : {
                  "filePath" : "./testovi/mobileSale.gspec",
                  "lineNumber" : 25
                },
                "name" : "above sadrzaj 40 to 60 px",
                "meta" : [ {
                  "from" : {
                    "object" : "meni",
                    "edge" : "bottom"
                  },
                  "to" : {
                    "object" : "sadrzaj",
                    "edge" : "top"
                  },
                  "expectedDistance" : "40 to 60px",
                  "realDistance" : "48px"
                } ],
                "highlight" : [ "meni", "sadrzaj" ]
              }, {
                "status" : "info",
                "place" : {
                  "filePath" : "./testovi/mobileSale.gspec",
                  "lineNumber" : 26
                },
                "name" : "inside screen 60 to 85 px top",
                "meta" : [ {
                  "from" : {
                    "object" : "meni",
                    "edge" : "top"
                  },
                  "to" : {
                    "object" : "screen",
                    "edge" : "top"
                  },
                  "expectedDistance" : "60 to 85px",
                  "realDistance" : "80px"
                } ],
                "highlight" : [ "meni", "screen" ]
              } ]
            } ]
          }, {
            "name" : "logo",
            "place" : {
              "filePath" : "./testovi/mobileSale.gspec",
              "lineNumber" : 27
            },
            "objects" : [ {
              "name" : "logo",
              "specs" : [ {
                "status" : "info",
                "place" : {
                  "filePath" : "./testovi/mobileSale.gspec",
                  "lineNumber" : 29
                },
                "name" : "above meni -50% of logo/height",
                "meta" : [ {
                  "from" : {
                    "object" : "logo",
                    "edge" : "bottom"
                  },
                  "to" : {
                    "object" : "meni",
                    "edge" : "top"
                  },
                  "expectedDistance" : "-50px",
                  "realDistance" : "-50px"
                } ],
                "highlight" : [ "logo", "meni" ]
              } ],
              "specGroups" : [ {
                "name" : "should be squared",
                "specs" : [ {
                  "status" : "info",
                  "place" : {
                    "filePath" : "./testovi/mobileSale.gspec",
                    "lineNumber" : 30
                  },
                  "name" : "width 100% of logo/height",
                  "meta" : [ {
                    "from" : {
                      "object" : "logo",
                      "edge" : "left"
                    },
                    "to" : {
                      "object" : "logo",
                      "edge" : "right"
                    },
                    "expectedDistance" : "100% [100px]",
                    "realDistance" : "100% [100px]"
                  } ],
                  "highlight" : [ "logo" ]
                } ]
              } ]
            } ]
          }, {
            "name" : "stranice-*",
            "place" : {
              "filePath" : "./testovi/mobileSale.gspec",
              "lineNumber" : 32
            },
            "objects" : [ {
              "name" : "stranice-1",
              "specs" : [ {
                "status" : "info",
                "place" : {
                  "filePath" : "./testovi/mobileSale.gspec",
                  "lineNumber" : 34
                },
                "name" : "aligned vertically all stranice-2",
                "highlight" : [ "stranice-1", "stranice-2" ]
              }, {
                "status" : "info",
                "place" : {
                  "filePath" : "./testovi/mobileSale.gspec",
                  "lineNumber" : 35
                },
                "name" : "inside meni >= 10px bottom, >= 100 px top, ~ 0% of meni/width left right",
                "meta" : [ {
                  "from" : {
                    "object" : "stranice-1",
                    "edge" : "bottom"
                  },
                  "to" : {
                    "object" : "meni",
                    "edge" : "bottom"
                  },
                  "expectedDistance" : ">= 10px",
                  "realDistance" : "170px"
                }, {
                  "from" : {
                    "object" : "stranice-1",
                    "edge" : "top"
                  },
                  "to" : {
                    "object" : "meni",
                    "edge" : "top"
                  },
                  "expectedDistance" : ">= 100px",
                  "realDistance" : "100px"
                }, {
                  "from" : {
                    "object" : "stranice-1",
                    "edge" : "left"
                  },
                  "to" : {
                    "object" : "meni",
                    "edge" : "left"
                  },
                  "expectedDistance" : "-2 to 2px",
                  "realDistance" : "0px"
                }, {
                  "from" : {
                    "object" : "stranice-1",
                    "edge" : "right"
                  },
                  "to" : {
                    "object" : "meni",
                    "edge" : "right"
                  },
                  "expectedDistance" : "-2 to 2px",
                  "realDistance" : "0px"
                } ],
                "highlight" : [ "stranice-1", "meni" ]
              }, {
                "status" : "info",
                "place" : {
                  "filePath" : "./testovi/mobileSale.gspec",
                  "lineNumber" : 36
                },
                "name" : "height 30 to 40 px",
                "meta" : [ {
                  "from" : {
                    "object" : "stranice-1",
                    "edge" : "top"
                  },
                  "to" : {
                    "object" : "stranice-1",
                    "edge" : "bottom"
                  },
                  "expectedDistance" : "30 to 40px",
                  "realDistance" : "40px"
                } ],
                "highlight" : [ "stranice-1" ]
              }, {
                "status" : "info",
                "place" : {
                  "filePath" : "./testovi/mobileSale.gspec",
                  "lineNumber" : 37
                },
                "name" : "width ~ 100 % of meni/width",
                "meta" : [ {
                  "from" : {
                    "object" : "stranice-1",
                    "edge" : "left"
                  },
                  "to" : {
                    "object" : "stranice-1",
                    "edge" : "right"
                  },
                  "expectedDistance" : "98 to 102% [431 to 448px]",
                  "realDistance" : "100% [440px]"
                } ],
                "highlight" : [ "stranice-1" ]
              }, {
                "status" : "info",
                "place" : {
                  "filePath" : "./testovi/mobileSale.gspec",
                  "lineNumber" : 40
                },
                "name" : "above stranice-2 ~ 0px",
                "meta" : [ {
                  "from" : {
                    "object" : "stranice-1",
                    "edge" : "bottom"
                  },
                  "to" : {
                    "object" : "stranice-2",
                    "edge" : "top"
                  },
                  "expectedDistance" : "-2 to 2px",
                  "realDistance" : "0px"
                } ],
                "highlight" : [ "stranice-1", "stranice-2" ]
              } ]
            }, {
              "name" : "stranice-2",
              "specs" : [ {
                "status" : "info",
                "place" : {
                  "filePath" : "./testovi/mobileSale.gspec",
                  "lineNumber" : 34
                },
                "name" : "aligned vertically all stranice-2",
                "highlight" : [ "stranice-2", "stranice-2" ]
              }, {
                "status" : "info",
                "place" : {
                  "filePath" : "./testovi/mobileSale.gspec",
                  "lineNumber" : 35
                },
                "name" : "inside meni >= 10px bottom, >= 100 px top, ~ 0% of meni/width left right",
                "meta" : [ {
                  "from" : {
                    "object" : "stranice-2",
                    "edge" : "bottom"
                  },
                  "to" : {
                    "object" : "meni",
                    "edge" : "bottom"
                  },
                  "expectedDistance" : ">= 10px",
                  "realDistance" : "130px"
                }, {
                  "from" : {
                    "object" : "stranice-2",
                    "edge" : "top"
                  },
                  "to" : {
                    "object" : "meni",
                    "edge" : "top"
                  },
                  "expectedDistance" : ">= 100px",
                  "realDistance" : "140px"
                }, {
                  "from" : {
                    "object" : "stranice-2",
                    "edge" : "left"
                  },
                  "to" : {
                    "object" : "meni",
                    "edge" : "left"
                  },
                  "expectedDistance" : "-2 to 2px",
                  "realDistance" : "0px"
                }, {
                  "from" : {
                    "object" : "stranice-2",
                    "edge" : "right"
                  },
                  "to" : {
                    "object" : "meni",
                    "edge" : "right"
                  },
                  "expectedDistance" : "-2 to 2px",
                  "realDistance" : "0px"
                } ],
                "highlight" : [ "stranice-2", "meni" ]
              }, {
                "status" : "info",
                "place" : {
                  "filePath" : "./testovi/mobileSale.gspec",
                  "lineNumber" : 36
                },
                "name" : "height 30 to 40 px",
                "meta" : [ {
                  "from" : {
                    "object" : "stranice-2",
                    "edge" : "top"
                  },
                  "to" : {
                    "object" : "stranice-2",
                    "edge" : "bottom"
                  },
                  "expectedDistance" : "30 to 40px",
                  "realDistance" : "40px"
                } ],
                "highlight" : [ "stranice-2" ]
              }, {
                "status" : "info",
                "place" : {
                  "filePath" : "./testovi/mobileSale.gspec",
                  "lineNumber" : 37
                },
                "name" : "width ~ 100 % of meni/width",
                "meta" : [ {
                  "from" : {
                    "object" : "stranice-2",
                    "edge" : "left"
                  },
                  "to" : {
                    "object" : "stranice-2",
                    "edge" : "right"
                  },
                  "expectedDistance" : "98 to 102% [431 to 448px]",
                  "realDistance" : "100% [440px]"
                } ],
                "highlight" : [ "stranice-2" ]
              }, {
                "status" : "info",
                "place" : {
                  "filePath" : "./testovi/mobileSale.gspec",
                  "lineNumber" : 43
                },
                "name" : "above stranice-3 ~ 0px",
                "meta" : [ {
                  "from" : {
                    "object" : "stranice-2",
                    "edge" : "bottom"
                  },
                  "to" : {
                    "object" : "stranice-3",
                    "edge" : "top"
                  },
                  "expectedDistance" : "-2 to 2px",
                  "realDistance" : "0px"
                } ],
                "highlight" : [ "stranice-2", "stranice-3" ]
              }, {
                "status" : "info",
                "place" : {
                  "filePath" : "./testovi/mobileSale.gspec",
                  "lineNumber" : 44
                },
                "name" : "below stranice-1 ~ 0px",
                "meta" : [ {
                  "from" : {
                    "object" : "stranice-2",
                    "edge" : "top"
                  },
                  "to" : {
                    "object" : "stranice-1",
                    "edge" : "bottom"
                  },
                  "expectedDistance" : "-2 to 2px",
                  "realDistance" : "0px"
                } ],
                "highlight" : [ "stranice-2", "stranice-1" ]
              } ]
            }, {
              "name" : "stranice-3",
              "specs" : [ {
                "status" : "info",
                "place" : {
                  "filePath" : "./testovi/mobileSale.gspec",
                  "lineNumber" : 34
                },
                "name" : "aligned vertically all stranice-2",
                "highlight" : [ "stranice-3", "stranice-2" ]
              }, {
                "status" : "info",
                "place" : {
                  "filePath" : "./testovi/mobileSale.gspec",
                  "lineNumber" : 35
                },
                "name" : "inside meni >= 10px bottom, >= 100 px top, ~ 0% of meni/width left right",
                "meta" : [ {
                  "from" : {
                    "object" : "stranice-3",
                    "edge" : "bottom"
                  },
                  "to" : {
                    "object" : "meni",
                    "edge" : "bottom"
                  },
                  "expectedDistance" : ">= 10px",
                  "realDistance" : "90px"
                }, {
                  "from" : {
                    "object" : "stranice-3",
                    "edge" : "top"
                  },
                  "to" : {
                    "object" : "meni",
                    "edge" : "top"
                  },
                  "expectedDistance" : ">= 100px",
                  "realDistance" : "180px"
                }, {
                  "from" : {
                    "object" : "stranice-3",
                    "edge" : "left"
                  },
                  "to" : {
                    "object" : "meni",
                    "edge" : "left"
                  },
                  "expectedDistance" : "-2 to 2px",
                  "realDistance" : "0px"
                }, {
                  "from" : {
                    "object" : "stranice-3",
                    "edge" : "right"
                  },
                  "to" : {
                    "object" : "meni",
                    "edge" : "right"
                  },
                  "expectedDistance" : "-2 to 2px",
                  "realDistance" : "0px"
                } ],
                "highlight" : [ "stranice-3", "meni" ]
              }, {
                "status" : "info",
                "place" : {
                  "filePath" : "./testovi/mobileSale.gspec",
                  "lineNumber" : 36
                },
                "name" : "height 30 to 40 px",
                "meta" : [ {
                  "from" : {
                    "object" : "stranice-3",
                    "edge" : "top"
                  },
                  "to" : {
                    "object" : "stranice-3",
                    "edge" : "bottom"
                  },
                  "expectedDistance" : "30 to 40px",
                  "realDistance" : "40px"
                } ],
                "highlight" : [ "stranice-3" ]
              }, {
                "status" : "info",
                "place" : {
                  "filePath" : "./testovi/mobileSale.gspec",
                  "lineNumber" : 37
                },
                "name" : "width ~ 100 % of meni/width",
                "meta" : [ {
                  "from" : {
                    "object" : "stranice-3",
                    "edge" : "left"
                  },
                  "to" : {
                    "object" : "stranice-3",
                    "edge" : "right"
                  },
                  "expectedDistance" : "98 to 102% [431 to 448px]",
                  "realDistance" : "100% [440px]"
                } ],
                "highlight" : [ "stranice-3" ]
              }, {
                "status" : "info",
                "place" : {
                  "filePath" : "./testovi/mobileSale.gspec",
                  "lineNumber" : 47
                },
                "name" : "above stranice-4 ~ 0px",
                "meta" : [ {
                  "from" : {
                    "object" : "stranice-3",
                    "edge" : "bottom"
                  },
                  "to" : {
                    "object" : "stranice-4",
                    "edge" : "top"
                  },
                  "expectedDistance" : "-2 to 2px",
                  "realDistance" : "0px"
                } ],
                "highlight" : [ "stranice-3", "stranice-4" ]
              }, {
                "status" : "info",
                "place" : {
                  "filePath" : "./testovi/mobileSale.gspec",
                  "lineNumber" : 48
                },
                "name" : "below stranice-2 ~ 0px",
                "meta" : [ {
                  "from" : {
                    "object" : "stranice-3",
                    "edge" : "top"
                  },
                  "to" : {
                    "object" : "stranice-2",
                    "edge" : "bottom"
                  },
                  "expectedDistance" : "-2 to 2px",
                  "realDistance" : "0px"
                } ],
                "highlight" : [ "stranice-3", "stranice-2" ]
              } ]
            }, {
              "name" : "stranice-4",
              "specs" : [ {
                "status" : "info",
                "place" : {
                  "filePath" : "./testovi/mobileSale.gspec",
                  "lineNumber" : 34
                },
                "name" : "aligned vertically all stranice-2",
                "highlight" : [ "stranice-4", "stranice-2" ]
              }, {
                "status" : "info",
                "place" : {
                  "filePath" : "./testovi/mobileSale.gspec",
                  "lineNumber" : 35
                },
                "name" : "inside meni >= 10px bottom, >= 100 px top, ~ 0% of meni/width left right",
                "meta" : [ {
                  "from" : {
                    "object" : "stranice-4",
                    "edge" : "bottom"
                  },
                  "to" : {
                    "object" : "meni",
                    "edge" : "bottom"
                  },
                  "expectedDistance" : ">= 10px",
                  "realDistance" : "50px"
                }, {
                  "from" : {
                    "object" : "stranice-4",
                    "edge" : "top"
                  },
                  "to" : {
                    "object" : "meni",
                    "edge" : "top"
                  },
                  "expectedDistance" : ">= 100px",
                  "realDistance" : "220px"
                }, {
                  "from" : {
                    "object" : "stranice-4",
                    "edge" : "left"
                  },
                  "to" : {
                    "object" : "meni",
                    "edge" : "left"
                  },
                  "expectedDistance" : "-2 to 2px",
                  "realDistance" : "0px"
                }, {
                  "from" : {
                    "object" : "stranice-4",
                    "edge" : "right"
                  },
                  "to" : {
                    "object" : "meni",
                    "edge" : "right"
                  },
                  "expectedDistance" : "-2 to 2px",
                  "realDistance" : "0px"
                } ],
                "highlight" : [ "stranice-4", "meni" ]
              }, {
                "status" : "info",
                "place" : {
                  "filePath" : "./testovi/mobileSale.gspec",
                  "lineNumber" : 36
                },
                "name" : "height 30 to 40 px",
                "meta" : [ {
                  "from" : {
                    "object" : "stranice-4",
                    "edge" : "top"
                  },
                  "to" : {
                    "object" : "stranice-4",
                    "edge" : "bottom"
                  },
                  "expectedDistance" : "30 to 40px",
                  "realDistance" : "40px"
                } ],
                "highlight" : [ "stranice-4" ]
              }, {
                "status" : "info",
                "place" : {
                  "filePath" : "./testovi/mobileSale.gspec",
                  "lineNumber" : 37
                },
                "name" : "width ~ 100 % of meni/width",
                "meta" : [ {
                  "from" : {
                    "object" : "stranice-4",
                    "edge" : "left"
                  },
                  "to" : {
                    "object" : "stranice-4",
                    "edge" : "right"
                  },
                  "expectedDistance" : "98 to 102% [431 to 448px]",
                  "realDistance" : "100% [440px]"
                } ],
                "highlight" : [ "stranice-4" ]
              }, {
                "status" : "info",
                "place" : {
                  "filePath" : "./testovi/mobileSale.gspec",
                  "lineNumber" : 51
                },
                "name" : "above stranice-5 ~ 0px",
                "meta" : [ {
                  "from" : {
                    "object" : "stranice-4",
                    "edge" : "bottom"
                  },
                  "to" : {
                    "object" : "stranice-5",
                    "edge" : "top"
                  },
                  "expectedDistance" : "-2 to 2px",
                  "realDistance" : "0px"
                } ],
                "highlight" : [ "stranice-4", "stranice-5" ]
              }, {
                "status" : "info",
                "place" : {
                  "filePath" : "./testovi/mobileSale.gspec",
                  "lineNumber" : 52
                },
                "name" : "below stranice-3 ~ 0px",
                "meta" : [ {
                  "from" : {
                    "object" : "stranice-4",
                    "edge" : "top"
                  },
                  "to" : {
                    "object" : "stranice-3",
                    "edge" : "bottom"
                  },
                  "expectedDistance" : "-2 to 2px",
                  "realDistance" : "0px"
                } ],
                "highlight" : [ "stranice-4", "stranice-3" ]
              } ]
            }, {
              "name" : "stranice-5",
              "specs" : [ {
                "status" : "info",
                "place" : {
                  "filePath" : "./testovi/mobileSale.gspec",
                  "lineNumber" : 34
                },
                "name" : "aligned vertically all stranice-2",
                "highlight" : [ "stranice-5", "stranice-2" ]
              }, {
                "status" : "info",
                "place" : {
                  "filePath" : "./testovi/mobileSale.gspec",
                  "lineNumber" : 35
                },
                "name" : "inside meni >= 10px bottom, >= 100 px top, ~ 0% of meni/width left right",
                "meta" : [ {
                  "from" : {
                    "object" : "stranice-5",
                    "edge" : "bottom"
                  },
                  "to" : {
                    "object" : "meni",
                    "edge" : "bottom"
                  },
                  "expectedDistance" : ">= 10px",
                  "realDistance" : "10px"
                }, {
                  "from" : {
                    "object" : "stranice-5",
                    "edge" : "top"
                  },
                  "to" : {
                    "object" : "meni",
                    "edge" : "top"
                  },
                  "expectedDistance" : ">= 100px",
                  "realDistance" : "260px"
                }, {
                  "from" : {
                    "object" : "stranice-5",
                    "edge" : "left"
                  },
                  "to" : {
                    "object" : "meni",
                    "edge" : "left"
                  },
                  "expectedDistance" : "-2 to 2px",
                  "realDistance" : "0px"
                }, {
                  "from" : {
                    "object" : "stranice-5",
                    "edge" : "right"
                  },
                  "to" : {
                    "object" : "meni",
                    "edge" : "right"
                  },
                  "expectedDistance" : "-2 to 2px",
                  "realDistance" : "0px"
                } ],
                "highlight" : [ "stranice-5", "meni" ]
              }, {
                "status" : "info",
                "place" : {
                  "filePath" : "./testovi/mobileSale.gspec",
                  "lineNumber" : 36
                },
                "name" : "height 30 to 40 px",
                "meta" : [ {
                  "from" : {
                    "object" : "stranice-5",
                    "edge" : "top"
                  },
                  "to" : {
                    "object" : "stranice-5",
                    "edge" : "bottom"
                  },
                  "expectedDistance" : "30 to 40px",
                  "realDistance" : "40px"
                } ],
                "highlight" : [ "stranice-5" ]
              }, {
                "status" : "info",
                "place" : {
                  "filePath" : "./testovi/mobileSale.gspec",
                  "lineNumber" : 37
                },
                "name" : "width ~ 100 % of meni/width",
                "meta" : [ {
                  "from" : {
                    "object" : "stranice-5",
                    "edge" : "left"
                  },
                  "to" : {
                    "object" : "stranice-5",
                    "edge" : "right"
                  },
                  "expectedDistance" : "98 to 102% [431 to 448px]",
                  "realDistance" : "100% [440px]"
                } ],
                "highlight" : [ "stranice-5" ]
              }, {
                "status" : "info",
                "place" : {
                  "filePath" : "./testovi/mobileSale.gspec",
                  "lineNumber" : 55
                },
                "name" : "below stranice-4 ~ 0px",
                "meta" : [ {
                  "from" : {
                    "object" : "stranice-5",
                    "edge" : "top"
                  },
                  "to" : {
                    "object" : "stranice-4",
                    "edge" : "bottom"
                  },
                  "expectedDistance" : "-2 to 2px",
                  "realDistance" : "0px"
                } ],
                "highlight" : [ "stranice-5", "stranice-4" ]
              } ]
            }, {
              "name" : "global",
              "specs" : [ {
                "status" : "info",
                "place" : {
                  "filePath" : "./testovi/mobileSale.gspec",
                  "lineNumber" : 57
                },
                "name" : "count any stranice-* is 5",
                "highlight" : [ "stranice-5", "stranice-4", "stranice-1", "stranice-3", "stranice-2" ]
              } ]
            } ]
          }, {
            "name" : "sadrzaj",
            "place" : {
              "filePath" : "./testovi/mobileSale.gspec",
              "lineNumber" : 59
            },
            "objects" : [ {
              "name" : "sadrzaj",
              "specs" : [ {
                "status" : "info",
                "place" : {
                  "filePath" : "./testovi/mobileSale.gspec",
                  "lineNumber" : 61
                },
                "name" : "width ~ 80 % of screen/width",
                "meta" : [ {
                  "from" : {
                    "object" : "sadrzaj",
                    "edge" : "left"
                  },
                  "to" : {
                    "object" : "sadrzaj",
                    "edge" : "right"
                  },
                  "expectedDistance" : "78 to 82% [429 to 451px]",
                  "realDistance" : "79% [440px]"
                } ],
                "highlight" : [ "sadrzaj" ]
              }, {
                "status" : "info",
                "place" : {
                  "filePath" : "./testovi/mobileSale.gspec",
                  "lineNumber" : 62
                },
                "name" : "contains tabelaSala",
                "highlight" : [ "sadrzaj", "tabelaSala" ]
              } ]
            } ]
          }, {
            "name" : "tabelaSala",
            "place" : {
              "filePath" : "./testovi/mobileSale.gspec",
              "lineNumber" : 64
            },
            "objects" : [ {
              "name" : "tabelaSala",
              "specs" : [ {
                "status" : "info",
                "place" : {
                  "filePath" : "./testovi/mobileSale.gspec",
                  "lineNumber" : 66
                },
                "name" : "inside sadrzaj",
                "meta" : [ ],
                "highlight" : [ "tabelaSala", "sadrzaj" ]
              }, {
                "status" : "info",
                "place" : {
                  "filePath" : "./testovi/mobileSale.gspec",
                  "lineNumber" : 67
                },
                "name" : "height 70 to 80 % of sadrzaj/height",
                "meta" : [ {
                  "from" : {
                    "object" : "tabelaSala",
                    "edge" : "top"
                  },
                  "to" : {
                    "object" : "tabelaSala",
                    "edge" : "bottom"
                  },
                  "expectedDistance" : "70 to 80% [184 to 211px]",
                  "realDistance" : "75% [200px]"
                } ],
                "highlight" : [ "tabelaSala" ]
              }, {
                "status" : "info",
                "place" : {
                  "filePath" : "./testovi/mobileSale.gspec",
                  "lineNumber" : 68
                },
                "name" : "centered horizontally inside sadrzaj",
                "highlight" : [ "tabelaSala", "sadrzaj" ]
              }, {
                "status" : "info",
                "place" : {
                  "filePath" : "./testovi/mobileSale.gspec",
                  "lineNumber" : 69
                },
                "name" : "contains sala, kancelarija",
                "highlight" : [ "tabelaSala", "sala", "kancelarija" ]
              } ]
            } ]
          }, {
            "name" : "sala",
            "place" : {
              "filePath" : "./testovi/mobileSale.gspec",
              "lineNumber" : 71
            },
            "objects" : [ {
              "name" : "sala",
              "specs" : [ {
                "status" : "info",
                "place" : {
                  "filePath" : "./testovi/mobileSale.gspec",
                  "lineNumber" : 73
                },
                "name" : "width 40 to 60 px",
                "meta" : [ {
                  "from" : {
                    "object" : "sala",
                    "edge" : "left"
                  },
                  "to" : {
                    "object" : "sala",
                    "edge" : "right"
                  },
                  "expectedDistance" : "40 to 60px",
                  "realDistance" : "40px"
                } ],
                "highlight" : [ "sala" ]
              } ]
            } ]
          }, {
            "name" : "kancelarija",
            "place" : {
              "filePath" : "./testovi/mobileSale.gspec",
              "lineNumber" : 76
            },
            "objects" : [ {
              "name" : "kancelarija",
              "specs" : [ {
                "status" : "info",
                "place" : {
                  "filePath" : "./testovi/mobileSale.gspec",
                  "lineNumber" : 78
                },
                "name" : "color-scheme 2 to 98% gray",
                "highlight" : [ "kancelarija" ]
              }, {
                "status" : "info",
                "place" : {
                  "filePath" : "./testovi/mobileSale.gspec",
                  "lineNumber" : 79
                },
                "name" : "width 100% of sala/width",
                "meta" : [ {
                  "from" : {
                    "object" : "kancelarija",
                    "edge" : "left"
                  },
                  "to" : {
                    "object" : "kancelarija",
                    "edge" : "right"
                  },
                  "expectedDistance" : "100% [40px]",
                  "realDistance" : "100% [40px]"
                } ],
                "highlight" : [ "kancelarija" ]
              }, {
                "status" : "info",
                "place" : {
                  "filePath" : "./testovi/mobileSale.gspec",
                  "lineNumber" : 80
                },
                "name" : "height 100% of sala/height",
                "meta" : [ {
                  "from" : {
                    "object" : "kancelarija",
                    "edge" : "top"
                  },
                  "to" : {
                    "object" : "kancelarija",
                    "edge" : "bottom"
                  },
                  "expectedDistance" : "100% [22px]",
                  "realDistance" : "100% [22px]"
                } ],
                "highlight" : [ "kancelarija" ]
              }, {
                "status" : "info",
                "place" : {
                  "filePath" : "./testovi/mobileSale.gspec",
                  "lineNumber" : 81
                },
                "name" : "inside tabelaSala >= 100% of sala/height bottom",
                "meta" : [ {
                  "from" : {
                    "object" : "kancelarija",
                    "edge" : "bottom"
                  },
                  "to" : {
                    "object" : "tabelaSala",
                    "edge" : "bottom"
                  },
                  "expectedDistance" : ">= 100px",
                  "realDistance" : "23px"
                } ],
                "highlight" : [ "kancelarija", "tabelaSala" ]
              }, {
                "status" : "info",
                "place" : {
                  "filePath" : "./testovi/mobileSale.gspec",
                  "lineNumber" : 82
                },
                "name" : "near sala ~ 0 px right",
                "meta" : [ {
                  "from" : {
                    "object" : "kancelarija",
                    "edge" : "left"
                  },
                  "to" : {
                    "object" : "sala",
                    "edge" : "right"
                  },
                  "expectedDistance" : "-2 to 2px",
                  "realDistance" : "0px"
                } ],
                "highlight" : [ "kancelarija", "sala" ]
              }, {
                "status" : "info",
                "place" : {
                  "filePath" : "./testovi/mobileSale.gspec",
                  "lineNumber" : 83
                },
                "name" : "below sala >=600% of sala/height",
                "meta" : [ {
                  "from" : {
                    "object" : "kancelarija",
                    "edge" : "top"
                  },
                  "to" : {
                    "object" : "sala",
                    "edge" : "bottom"
                  },
                  "expectedDistance" : ">= 600px",
                  "realDistance" : "132px"
                } ],
                "highlight" : [ "kancelarija", "sala" ]
              } ]
            } ]
          } ],
          "objects" : {
            "meni" : {
              "area" : [ 55, 80, 440, 310 ]
            },
            "sala" : {
              "area" : [ 176, 471, 40, 22 ]
            },
            "stranice-5" : {
              "area" : [ 55, 340, 440, 40 ]
            },
            "screen" : {
              "area" : [ 0, 0, 551, 702 ]
            },
            "logo" : {
              "area" : [ 225, 30, 100, 100 ]
            },
            "stranice-4" : {
              "area" : [ 55, 300, 440, 40 ]
            },
            "stranice-1" : {
              "area" : [ 55, 180, 440, 40 ]
            },
            "sadrzaj" : {
              "area" : [ 55, 438, 440, 264 ]
            },
            "stranice-3" : {
              "area" : [ 55, 260, 440, 40 ]
            },
            "kancelarija" : {
              "area" : [ 216, 625, 40, 22 ]
            },
            "stranice-2" : {
              "area" : [ 55, 220, 440, 40 ]
            },
            "tabelaSala" : {
              "area" : [ 175, 470, 201, 200 ]
            }
          },
          "screenshot" : "layout-1-screenshot.png",
          "type" : "layout"
        } ],
        "time" : 1573635433415,
        "type" : "node"
      } ],
      "time" : 1573635423081,
      "type" : "node"
    } ]
  }
}