{
  "testId" : "1-pocetna.gspec",
  "name" : "pocetna.gspec",
  "report" : {
    "nodes" : [ {
      "name" : "Simple check",
      "status" : "info",
      "nodes" : [ {
        "name" : "check  pocetna.gspec --url http://localhost/pocetna.html --size 1024x768 --htmlreport izvjestaji_check_pocetna",
        "status" : "info",
        "nodes" : [ {
          "name" : "Check layout: pocetna.gspec included tags: ",
          "status" : "info",
          "time" : 1573654540041,
          "sections" : [ {
            "name" : "Meni section",
            "place" : {
              "filePath" : "pocetna.gspec",
              "lineNumber" : 11
            },
            "objects" : [ {
              "name" : "meni",
              "specs" : [ {
                "status" : "info",
                "place" : {
                  "filePath" : "pocetna.gspec",
                  "lineNumber" : 13
                },
                "name" : "inside screen 60px top",
                "meta" : [ {
                  "from" : {
                    "object" : "meni",
                    "edge" : "top"
                  },
                  "to" : {
                    "object" : "screen",
                    "edge" : "top"
                  },
                  "expectedDistance" : "60px",
                  "realDistance" : "60px"
                } ],
                "highlight" : [ "meni", "screen" ]
              } ]
            }, {
              "name" : "stavka_menija-1",
              "specs" : [ {
                "status" : "info",
                "place" : {
                  "filePath" : "pocetna.gspec",
                  "lineNumber" : 16
                },
                "name" : "text is \"Po�?etna\"",
                "highlight" : [ "stavka_menija-1" ]
              }, {
                "status" : "info",
                "place" : {
                  "filePath" : "pocetna.gspec",
                  "lineNumber" : 17
                },
                "name" : "inside meni 1% of screen/width bottom",
                "meta" : [ {
                  "from" : {
                    "object" : "stavka_menija-1",
                    "edge" : "bottom"
                  },
                  "to" : {
                    "object" : "meni",
                    "edge" : "bottom"
                  },
                  "expectedDistance" : "1px",
                  "realDistance" : "11px"
                } ],
                "highlight" : [ "stavka_menija-1", "meni" ]
              }, {
                "status" : "info",
                "place" : {
                  "filePath" : "pocetna.gspec",
                  "lineNumber" : 18
                },
                "name" : "aligned horizontally all stavka_menija-2",
                "highlight" : [ "stavka_menija-1", "stavka_menija-2" ]
              } ]
            }, {
              "name" : "stavka_menija-2",
              "specs" : [ {
                "status" : "info",
                "place" : {
                  "filePath" : "pocetna.gspec",
                  "lineNumber" : 21
                },
                "name" : "text is \"Sale\"",
                "highlight" : [ "stavka_menija-2" ]
              }, {
                "status" : "info",
                "place" : {
                  "filePath" : "pocetna.gspec",
                  "lineNumber" : 22
                },
                "name" : "inside meni 1% of screen/width bottom",
                "meta" : [ {
                  "from" : {
                    "object" : "stavka_menija-2",
                    "edge" : "bottom"
                  },
                  "to" : {
                    "object" : "meni",
                    "edge" : "bottom"
                  },
                  "expectedDistance" : "1px",
                  "realDistance" : "11px"
                } ],
                "highlight" : [ "stavka_menija-2", "meni" ]
              }, {
                "status" : "info",
                "place" : {
                  "filePath" : "pocetna.gspec",
                  "lineNumber" : 23
                },
                "name" : "aligned horizontally all stavka_menija-3",
                "highlight" : [ "stavka_menija-2", "stavka_menija-3" ]
              } ]
            }, {
              "name" : "stavka_menija-3",
              "specs" : [ {
                "status" : "info",
                "place" : {
                  "filePath" : "pocetna.gspec",
                  "lineNumber" : 26
                },
                "name" : "text is \"Unos\"",
                "highlight" : [ "stavka_menija-3" ]
              }, {
                "status" : "info",
                "place" : {
                  "filePath" : "pocetna.gspec",
                  "lineNumber" : 27
                },
                "name" : "inside meni 1% of screen/width bottom",
                "meta" : [ {
                  "from" : {
                    "object" : "stavka_menija-3",
                    "edge" : "bottom"
                  },
                  "to" : {
                    "object" : "meni",
                    "edge" : "bottom"
                  },
                  "expectedDistance" : "1px",
                  "realDistance" : "11px"
                } ],
                "highlight" : [ "stavka_menija-3", "meni" ]
              }, {
                "status" : "info",
                "place" : {
                  "filePath" : "pocetna.gspec",
                  "lineNumber" : 28
                },
                "name" : "aligned horizontally all stavka_menija-4",
                "highlight" : [ "stavka_menija-3", "stavka_menija-4" ]
              } ]
            }, {
              "name" : "stavka_menija-4",
              "specs" : [ {
                "status" : "info",
                "place" : {
                  "filePath" : "pocetna.gspec",
                  "lineNumber" : 31
                },
                "name" : "text is \"Rezervacije\"",
                "highlight" : [ "stavka_menija-4" ]
              }, {
                "status" : "info",
                "place" : {
                  "filePath" : "pocetna.gspec",
                  "lineNumber" : 32
                },
                "name" : "inside meni 1% of screen/width bottom",
                "meta" : [ {
                  "from" : {
                    "object" : "stavka_menija-4",
                    "edge" : "bottom"
                  },
                  "to" : {
                    "object" : "meni",
                    "edge" : "bottom"
                  },
                  "expectedDistance" : "1px",
                  "realDistance" : "11px"
                } ],
                "highlight" : [ "stavka_menija-4", "meni" ]
              }, {
                "status" : "info",
                "place" : {
                  "filePath" : "pocetna.gspec",
                  "lineNumber" : 33
                },
                "name" : "aligned horizontally all stavka_menija-5",
                "highlight" : [ "stavka_menija-4", "stavka_menija-5" ]
              } ]
            }, {
              "name" : "stavka_menija-5",
              "specs" : [ {
                "status" : "info",
                "place" : {
                  "filePath" : "pocetna.gspec",
                  "lineNumber" : 36
                },
                "name" : "text is \"Osobe\"",
                "highlight" : [ "stavka_menija-5" ]
              }, {
                "status" : "info",
                "place" : {
                  "filePath" : "pocetna.gspec",
                  "lineNumber" : 37
                },
                "name" : "inside meni 1% of screen/width bottom",
                "meta" : [ {
                  "from" : {
                    "object" : "stavka_menija-5",
                    "edge" : "bottom"
                  },
                  "to" : {
                    "object" : "meni",
                    "edge" : "bottom"
                  },
                  "expectedDistance" : "1px",
                  "realDistance" : "11px"
                } ],
                "highlight" : [ "stavka_menija-5", "meni" ]
              }, {
                "status" : "info",
                "place" : {
                  "filePath" : "pocetna.gspec",
                  "lineNumber" : 38
                },
                "name" : "aligned horizontally all stavka_menija-1",
                "highlight" : [ "stavka_menija-5", "stavka_menija-1" ]
              } ]
            }, {
              "name" : "logo",
              "specs" : [ {
                "status" : "info",
                "place" : {
                  "filePath" : "pocetna.gspec",
                  "lineNumber" : 41
                },
                "name" : "inside screen",
                "meta" : [ ],
                "highlight" : [ "logo", "screen" ]
              }, {
                "status" : "info",
                "place" : {
                  "filePath" : "pocetna.gspec",
                  "lineNumber" : 42
                },
                "name" : "centered horizontally inside meni",
                "highlight" : [ "logo", "meni" ]
              } ]
            } ]
          }, {
            "name" : "Main section",
            "place" : {
              "filePath" : "pocetna.gspec",
              "lineNumber" : 44
            },
            "objects" : [ {
              "name" : "sadrzaj",
              "specs" : [ {
                "status" : "info",
                "place" : {
                  "filePath" : "pocetna.gspec",
                  "lineNumber" : 46
                },
                "name" : "inside screen",
                "meta" : [ ],
                "highlight" : [ "sadrzaj", "screen" ]
              }, {
                "status" : "info",
                "place" : {
                  "filePath" : "pocetna.gspec",
                  "lineNumber" : 47
                },
                "name" : "contains sadrzaj_sa_slikama",
                "highlight" : [ "sadrzaj", "sadrzaj_sa_slikama" ]
              }, {
                "status" : "info",
                "place" : {
                  "filePath" : "pocetna.gspec",
                  "lineNumber" : 48
                },
                "name" : "contains slika_u_sadrzaju-1",
                "highlight" : [ "sadrzaj", "slika_u_sadrzaju-1" ]
              }, {
                "status" : "info",
                "place" : {
                  "filePath" : "pocetna.gspec",
                  "lineNumber" : 49
                },
                "name" : "contains slika_u_sadrzaju-2",
                "highlight" : [ "sadrzaj", "slika_u_sadrzaju-2" ]
              }, {
                "status" : "info",
                "place" : {
                  "filePath" : "pocetna.gspec",
                  "lineNumber" : 50
                },
                "name" : "contains slika_u_sadrzaju-3",
                "highlight" : [ "sadrzaj", "slika_u_sadrzaju-3" ]
              }, {
                "status" : "info",
                "place" : {
                  "filePath" : "pocetna.gspec",
                  "lineNumber" : 51
                },
                "name" : "contains slika_u_sadrzaju-4",
                "highlight" : [ "sadrzaj", "slika_u_sadrzaju-4" ]
              }, {
                "status" : "info",
                "place" : {
                  "filePath" : "pocetna.gspec",
                  "lineNumber" : 52
                },
                "name" : "contains slika_u_sadrzaju-5",
                "highlight" : [ "sadrzaj", "slika_u_sadrzaju-5" ]
              }, {
                "status" : "info",
                "place" : {
                  "filePath" : "pocetna.gspec",
                  "lineNumber" : 53
                },
                "name" : "contains slika_u_sadrzaju-6",
                "highlight" : [ "sadrzaj", "slika_u_sadrzaju-6" ]
              }, {
                "status" : "info",
                "place" : {
                  "filePath" : "pocetna.gspec",
                  "lineNumber" : 54
                },
                "name" : "contains slika_u_sadrzaju-7",
                "highlight" : [ "sadrzaj", "slika_u_sadrzaju-7" ]
              }, {
                "status" : "info",
                "place" : {
                  "filePath" : "pocetna.gspec",
                  "lineNumber" : 55
                },
                "name" : "contains slika_u_sadrzaju-8",
                "highlight" : [ "sadrzaj", "slika_u_sadrzaju-8" ]
              }, {
                "status" : "info",
                "place" : {
                  "filePath" : "pocetna.gspec",
                  "lineNumber" : 56
                },
                "name" : "contains slika_u_sadrzaju-9",
                "highlight" : [ "sadrzaj", "slika_u_sadrzaju-9" ]
              }, {
                "status" : "info",
                "place" : {
                  "filePath" : "pocetna.gspec",
                  "lineNumber" : 57
                },
                "name" : "contains slika_u_sadrzaju-10",
                "highlight" : [ "sadrzaj", "slika_u_sadrzaju-10" ]
              } ]
            }, {
              "name" : "slika_u_sadrzaju-1",
              "specs" : [ {
                "status" : "info",
                "place" : {
                  "filePath" : "pocetna.gspec",
                  "lineNumber" : 60
                },
                "name" : "inside screen",
                "meta" : [ ],
                "highlight" : [ "slika_u_sadrzaju-1", "screen" ]
              }, {
                "status" : "info",
                "place" : {
                  "filePath" : "pocetna.gspec",
                  "lineNumber" : 61
                },
                "name" : "inside sadrzaj_sa_slikama",
                "meta" : [ ],
                "highlight" : [ "slika_u_sadrzaju-1", "sadrzaj_sa_slikama" ]
              }, {
                "status" : "info",
                "place" : {
                  "filePath" : "pocetna.gspec",
                  "lineNumber" : 62
                },
                "name" : "height 300px",
                "meta" : [ {
                  "from" : {
                    "object" : "slika_u_sadrzaju-1",
                    "edge" : "top"
                  },
                  "to" : {
                    "object" : "slika_u_sadrzaju-1",
                    "edge" : "bottom"
                  },
                  "expectedDistance" : "300px",
                  "realDistance" : "300px"
                } ],
                "highlight" : [ "slika_u_sadrzaju-1" ]
              }, {
                "status" : "info",
                "place" : {
                  "filePath" : "pocetna.gspec",
                  "lineNumber" : 63
                },
                "name" : "width ~30% of sadrzaj_sa_slikama/width",
                "meta" : [ {
                  "from" : {
                    "object" : "slika_u_sadrzaju-1",
                    "edge" : "left"
                  },
                  "to" : {
                    "object" : "slika_u_sadrzaju-1",
                    "edge" : "right"
                  },
                  "expectedDistance" : "28 to 32% [273 to 312px]",
                  "realDistance" : "29% [292px]"
                } ],
                "highlight" : [ "slika_u_sadrzaju-1" ]
              }, {
                "status" : "info",
                "place" : {
                  "filePath" : "pocetna.gspec",
                  "lineNumber" : 64
                },
                "name" : "aligned horizontally all slika_u_sadrzaju-2",
                "highlight" : [ "slika_u_sadrzaju-1", "slika_u_sadrzaju-2" ]
              }, {
                "status" : "info",
                "place" : {
                  "filePath" : "pocetna.gspec",
                  "lineNumber" : 65
                },
                "name" : "aligned horizontally all slika_u_sadrzaju-3",
                "highlight" : [ "slika_u_sadrzaju-1", "slika_u_sadrzaju-3" ]
              }, {
                "status" : "info",
                "place" : {
                  "filePath" : "pocetna.gspec",
                  "lineNumber" : 66
                },
                "name" : "aligned vertically all slika_u_sadrzaju-4",
                "highlight" : [ "slika_u_sadrzaju-1", "slika_u_sadrzaju-4" ]
              }, {
                "status" : "info",
                "place" : {
                  "filePath" : "pocetna.gspec",
                  "lineNumber" : 67
                },
                "name" : "aligned vertically all slika_u_sadrzaju-7",
                "highlight" : [ "slika_u_sadrzaju-1", "slika_u_sadrzaju-7" ]
              }, {
                "status" : "info",
                "place" : {
                  "filePath" : "pocetna.gspec",
                  "lineNumber" : 68
                },
                "name" : "aligned vertically all slika_u_sadrzaju-10",
                "highlight" : [ "slika_u_sadrzaju-1", "slika_u_sadrzaju-10" ]
              } ]
            }, {
              "name" : "slika_u_sadrzaju-2",
              "specs" : [ {
                "status" : "info",
                "place" : {
                  "filePath" : "pocetna.gspec",
                  "lineNumber" : 71
                },
                "name" : "inside screen",
                "meta" : [ ],
                "highlight" : [ "slika_u_sadrzaju-2", "screen" ]
              }, {
                "status" : "info",
                "place" : {
                  "filePath" : "pocetna.gspec",
                  "lineNumber" : 72
                },
                "name" : "inside sadrzaj_sa_slikama",
                "meta" : [ ],
                "highlight" : [ "slika_u_sadrzaju-2", "sadrzaj_sa_slikama" ]
              }, {
                "status" : "info",
                "place" : {
                  "filePath" : "pocetna.gspec",
                  "lineNumber" : 73
                },
                "name" : "height 300px",
                "meta" : [ {
                  "from" : {
                    "object" : "slika_u_sadrzaju-2",
                    "edge" : "top"
                  },
                  "to" : {
                    "object" : "slika_u_sadrzaju-2",
                    "edge" : "bottom"
                  },
                  "expectedDistance" : "300px",
                  "realDistance" : "300px"
                } ],
                "highlight" : [ "slika_u_sadrzaju-2" ]
              }, {
                "status" : "info",
                "place" : {
                  "filePath" : "pocetna.gspec",
                  "lineNumber" : 74
                },
                "name" : "width ~30% of sadrzaj_sa_slikama/width",
                "meta" : [ {
                  "from" : {
                    "object" : "slika_u_sadrzaju-2",
                    "edge" : "left"
                  },
                  "to" : {
                    "object" : "slika_u_sadrzaju-2",
                    "edge" : "right"
                  },
                  "expectedDistance" : "28 to 32% [273 to 312px]",
                  "realDistance" : "29% [292px]"
                } ],
                "highlight" : [ "slika_u_sadrzaju-2" ]
              }, {
                "status" : "info",
                "place" : {
                  "filePath" : "pocetna.gspec",
                  "lineNumber" : 75
                },
                "name" : "aligned horizontally all slika_u_sadrzaju-1",
                "highlight" : [ "slika_u_sadrzaju-2", "slika_u_sadrzaju-1" ]
              }, {
                "status" : "info",
                "place" : {
                  "filePath" : "pocetna.gspec",
                  "lineNumber" : 76
                },
                "name" : "aligned horizontally all slika_u_sadrzaju-3",
                "highlight" : [ "slika_u_sadrzaju-2", "slika_u_sadrzaju-3" ]
              }, {
                "status" : "info",
                "place" : {
                  "filePath" : "pocetna.gspec",
                  "lineNumber" : 77
                },
                "name" : "aligned vertically all slika_u_sadrzaju-5",
                "highlight" : [ "slika_u_sadrzaju-2", "slika_u_sadrzaju-5" ]
              }, {
                "status" : "info",
                "place" : {
                  "filePath" : "pocetna.gspec",
                  "lineNumber" : 78
                },
                "name" : "aligned vertically all slika_u_sadrzaju-8",
                "highlight" : [ "slika_u_sadrzaju-2", "slika_u_sadrzaju-8" ]
              } ]
            }, {
              "name" : "slika_u_sadrzaju-3",
              "specs" : [ {
                "status" : "info",
                "place" : {
                  "filePath" : "pocetna.gspec",
                  "lineNumber" : 81
                },
                "name" : "inside screen",
                "meta" : [ ],
                "highlight" : [ "slika_u_sadrzaju-3", "screen" ]
              }, {
                "status" : "info",
                "place" : {
                  "filePath" : "pocetna.gspec",
                  "lineNumber" : 82
                },
                "name" : "inside sadrzaj_sa_slikama",
                "meta" : [ ],
                "highlight" : [ "slika_u_sadrzaju-3", "sadrzaj_sa_slikama" ]
              }, {
                "status" : "info",
                "place" : {
                  "filePath" : "pocetna.gspec",
                  "lineNumber" : 83
                },
                "name" : "height 300px",
                "meta" : [ {
                  "from" : {
                    "object" : "slika_u_sadrzaju-3",
                    "edge" : "top"
                  },
                  "to" : {
                    "object" : "slika_u_sadrzaju-3",
                    "edge" : "bottom"
                  },
                  "expectedDistance" : "300px",
                  "realDistance" : "300px"
                } ],
                "highlight" : [ "slika_u_sadrzaju-3" ]
              }, {
                "status" : "info",
                "place" : {
                  "filePath" : "pocetna.gspec",
                  "lineNumber" : 84
                },
                "name" : "width ~30% of sadrzaj_sa_slikama/width",
                "meta" : [ {
                  "from" : {
                    "object" : "slika_u_sadrzaju-3",
                    "edge" : "left"
                  },
                  "to" : {
                    "object" : "slika_u_sadrzaju-3",
                    "edge" : "right"
                  },
                  "expectedDistance" : "28 to 32% [273 to 312px]",
                  "realDistance" : "29% [292px]"
                } ],
                "highlight" : [ "slika_u_sadrzaju-3" ]
              }, {
                "status" : "info",
                "place" : {
                  "filePath" : "pocetna.gspec",
                  "lineNumber" : 85
                },
                "name" : "aligned horizontally all slika_u_sadrzaju-1",
                "highlight" : [ "slika_u_sadrzaju-3", "slika_u_sadrzaju-1" ]
              }, {
                "status" : "info",
                "place" : {
                  "filePath" : "pocetna.gspec",
                  "lineNumber" : 86
                },
                "name" : "aligned horizontally all slika_u_sadrzaju-2",
                "highlight" : [ "slika_u_sadrzaju-3", "slika_u_sadrzaju-2" ]
              }, {
                "status" : "info",
                "place" : {
                  "filePath" : "pocetna.gspec",
                  "lineNumber" : 87
                },
                "name" : "aligned vertically all slika_u_sadrzaju-6",
                "highlight" : [ "slika_u_sadrzaju-3", "slika_u_sadrzaju-6" ]
              }, {
                "status" : "info",
                "place" : {
                  "filePath" : "pocetna.gspec",
                  "lineNumber" : 88
                },
                "name" : "aligned vertically all slika_u_sadrzaju-9",
                "highlight" : [ "slika_u_sadrzaju-3", "slika_u_sadrzaju-9" ]
              } ]
            }, {
              "name" : "slika_u_sadrzaju-4",
              "specs" : [ {
                "status" : "info",
                "place" : {
                  "filePath" : "pocetna.gspec",
                  "lineNumber" : 91
                },
                "name" : "inside screen",
                "meta" : [ ],
                "highlight" : [ "slika_u_sadrzaju-4", "screen" ]
              }, {
                "status" : "info",
                "place" : {
                  "filePath" : "pocetna.gspec",
                  "lineNumber" : 92
                },
                "name" : "inside sadrzaj_sa_slikama",
                "meta" : [ ],
                "highlight" : [ "slika_u_sadrzaju-4", "sadrzaj_sa_slikama" ]
              }, {
                "status" : "info",
                "place" : {
                  "filePath" : "pocetna.gspec",
                  "lineNumber" : 93
                },
                "name" : "height 300px",
                "meta" : [ {
                  "from" : {
                    "object" : "slika_u_sadrzaju-4",
                    "edge" : "top"
                  },
                  "to" : {
                    "object" : "slika_u_sadrzaju-4",
                    "edge" : "bottom"
                  },
                  "expectedDistance" : "300px",
                  "realDistance" : "300px"
                } ],
                "highlight" : [ "slika_u_sadrzaju-4" ]
              }, {
                "status" : "info",
                "place" : {
                  "filePath" : "pocetna.gspec",
                  "lineNumber" : 94
                },
                "name" : "width ~30% of sadrzaj_sa_slikama/width",
                "meta" : [ {
                  "from" : {
                    "object" : "slika_u_sadrzaju-4",
                    "edge" : "left"
                  },
                  "to" : {
                    "object" : "slika_u_sadrzaju-4",
                    "edge" : "right"
                  },
                  "expectedDistance" : "28 to 32% [273 to 312px]",
                  "realDistance" : "29% [292px]"
                } ],
                "highlight" : [ "slika_u_sadrzaju-4" ]
              }, {
                "status" : "info",
                "place" : {
                  "filePath" : "pocetna.gspec",
                  "lineNumber" : 95
                },
                "name" : "aligned horizontally all slika_u_sadrzaju-5",
                "highlight" : [ "slika_u_sadrzaju-4", "slika_u_sadrzaju-5" ]
              }, {
                "status" : "info",
                "place" : {
                  "filePath" : "pocetna.gspec",
                  "lineNumber" : 96
                },
                "name" : "aligned horizontally all slika_u_sadrzaju-6",
                "highlight" : [ "slika_u_sadrzaju-4", "slika_u_sadrzaju-6" ]
              }, {
                "status" : "info",
                "place" : {
                  "filePath" : "pocetna.gspec",
                  "lineNumber" : 97
                },
                "name" : "aligned vertically all slika_u_sadrzaju-1",
                "highlight" : [ "slika_u_sadrzaju-4", "slika_u_sadrzaju-1" ]
              }, {
                "status" : "info",
                "place" : {
                  "filePath" : "pocetna.gspec",
                  "lineNumber" : 98
                },
                "name" : "aligned vertically all slika_u_sadrzaju-7",
                "highlight" : [ "slika_u_sadrzaju-4", "slika_u_sadrzaju-7" ]
              }, {
                "status" : "info",
                "place" : {
                  "filePath" : "pocetna.gspec",
                  "lineNumber" : 99
                },
                "name" : "aligned vertically all slika_u_sadrzaju-10",
                "highlight" : [ "slika_u_sadrzaju-4", "slika_u_sadrzaju-10" ]
              } ]
            }, {
              "name" : "slika_u_sadrzaju-5",
              "specs" : [ {
                "status" : "info",
                "place" : {
                  "filePath" : "pocetna.gspec",
                  "lineNumber" : 102
                },
                "name" : "inside screen",
                "meta" : [ ],
                "highlight" : [ "slika_u_sadrzaju-5", "screen" ]
              }, {
                "status" : "info",
                "place" : {
                  "filePath" : "pocetna.gspec",
                  "lineNumber" : 103
                },
                "name" : "inside sadrzaj_sa_slikama",
                "meta" : [ ],
                "highlight" : [ "slika_u_sadrzaju-5", "sadrzaj_sa_slikama" ]
              }, {
                "status" : "info",
                "place" : {
                  "filePath" : "pocetna.gspec",
                  "lineNumber" : 104
                },
                "name" : "height 300px",
                "meta" : [ {
                  "from" : {
                    "object" : "slika_u_sadrzaju-5",
                    "edge" : "top"
                  },
                  "to" : {
                    "object" : "slika_u_sadrzaju-5",
                    "edge" : "bottom"
                  },
                  "expectedDistance" : "300px",
                  "realDistance" : "300px"
                } ],
                "highlight" : [ "slika_u_sadrzaju-5" ]
              }, {
                "status" : "info",
                "place" : {
                  "filePath" : "pocetna.gspec",
                  "lineNumber" : 105
                },
                "name" : "width ~30% of sadrzaj_sa_slikama/width",
                "meta" : [ {
                  "from" : {
                    "object" : "slika_u_sadrzaju-5",
                    "edge" : "left"
                  },
                  "to" : {
                    "object" : "slika_u_sadrzaju-5",
                    "edge" : "right"
                  },
                  "expectedDistance" : "28 to 32% [273 to 312px]",
                  "realDistance" : "29% [292px]"
                } ],
                "highlight" : [ "slika_u_sadrzaju-5" ]
              }, {
                "status" : "info",
                "place" : {
                  "filePath" : "pocetna.gspec",
                  "lineNumber" : 106
                },
                "name" : "aligned horizontally all slika_u_sadrzaju-4",
                "highlight" : [ "slika_u_sadrzaju-5", "slika_u_sadrzaju-4" ]
              }, {
                "status" : "info",
                "place" : {
                  "filePath" : "pocetna.gspec",
                  "lineNumber" : 107
                },
                "name" : "aligned horizontally all slika_u_sadrzaju-6",
                "highlight" : [ "slika_u_sadrzaju-5", "slika_u_sadrzaju-6" ]
              }, {
                "status" : "info",
                "place" : {
                  "filePath" : "pocetna.gspec",
                  "lineNumber" : 108
                },
                "name" : "aligned vertically all slika_u_sadrzaju-2",
                "highlight" : [ "slika_u_sadrzaju-5", "slika_u_sadrzaju-2" ]
              }, {
                "status" : "info",
                "place" : {
                  "filePath" : "pocetna.gspec",
                  "lineNumber" : 109
                },
                "name" : "aligned vertically all slika_u_sadrzaju-8",
                "highlight" : [ "slika_u_sadrzaju-5", "slika_u_sadrzaju-8" ]
              } ]
            }, {
              "name" : "slika_u_sadrzaju-6",
              "specs" : [ {
                "status" : "info",
                "place" : {
                  "filePath" : "pocetna.gspec",
                  "lineNumber" : 112
                },
                "name" : "inside screen",
                "meta" : [ ],
                "highlight" : [ "slika_u_sadrzaju-6", "screen" ]
              }, {
                "status" : "info",
                "place" : {
                  "filePath" : "pocetna.gspec",
                  "lineNumber" : 113
                },
                "name" : "inside sadrzaj_sa_slikama",
                "meta" : [ ],
                "highlight" : [ "slika_u_sadrzaju-6", "sadrzaj_sa_slikama" ]
              }, {
                "status" : "info",
                "place" : {
                  "filePath" : "pocetna.gspec",
                  "lineNumber" : 114
                },
                "name" : "height 300px",
                "meta" : [ {
                  "from" : {
                    "object" : "slika_u_sadrzaju-6",
                    "edge" : "top"
                  },
                  "to" : {
                    "object" : "slika_u_sadrzaju-6",
                    "edge" : "bottom"
                  },
                  "expectedDistance" : "300px",
                  "realDistance" : "300px"
                } ],
                "highlight" : [ "slika_u_sadrzaju-6" ]
              }, {
                "status" : "info",
                "place" : {
                  "filePath" : "pocetna.gspec",
                  "lineNumber" : 115
                },
                "name" : "width ~30% of sadrzaj_sa_slikama/width",
                "meta" : [ {
                  "from" : {
                    "object" : "slika_u_sadrzaju-6",
                    "edge" : "left"
                  },
                  "to" : {
                    "object" : "slika_u_sadrzaju-6",
                    "edge" : "right"
                  },
                  "expectedDistance" : "28 to 32% [273 to 312px]",
                  "realDistance" : "29% [292px]"
                } ],
                "highlight" : [ "slika_u_sadrzaju-6" ]
              }, {
                "status" : "info",
                "place" : {
                  "filePath" : "pocetna.gspec",
                  "lineNumber" : 116
                },
                "name" : "aligned horizontally all slika_u_sadrzaju-4",
                "highlight" : [ "slika_u_sadrzaju-6", "slika_u_sadrzaju-4" ]
              }, {
                "status" : "info",
                "place" : {
                  "filePath" : "pocetna.gspec",
                  "lineNumber" : 117
                },
                "name" : "aligned horizontally all slika_u_sadrzaju-5",
                "highlight" : [ "slika_u_sadrzaju-6", "slika_u_sadrzaju-5" ]
              }, {
                "status" : "info",
                "place" : {
                  "filePath" : "pocetna.gspec",
                  "lineNumber" : 118
                },
                "name" : "aligned vertically all slika_u_sadrzaju-3",
                "highlight" : [ "slika_u_sadrzaju-6", "slika_u_sadrzaju-3" ]
              }, {
                "status" : "info",
                "place" : {
                  "filePath" : "pocetna.gspec",
                  "lineNumber" : 119
                },
                "name" : "aligned vertically all slika_u_sadrzaju-9",
                "highlight" : [ "slika_u_sadrzaju-6", "slika_u_sadrzaju-9" ]
              } ]
            }, {
              "name" : "slika_u_sadrzaju-7",
              "specs" : [ {
                "status" : "info",
                "place" : {
                  "filePath" : "pocetna.gspec",
                  "lineNumber" : 122
                },
                "name" : "inside screen",
                "meta" : [ ],
                "highlight" : [ "slika_u_sadrzaju-7", "screen" ]
              }, {
                "status" : "info",
                "place" : {
                  "filePath" : "pocetna.gspec",
                  "lineNumber" : 123
                },
                "name" : "inside sadrzaj_sa_slikama",
                "meta" : [ ],
                "highlight" : [ "slika_u_sadrzaju-7", "sadrzaj_sa_slikama" ]
              }, {
                "status" : "info",
                "place" : {
                  "filePath" : "pocetna.gspec",
                  "lineNumber" : 124
                },
                "name" : "height 300px",
                "meta" : [ {
                  "from" : {
                    "object" : "slika_u_sadrzaju-7",
                    "edge" : "top"
                  },
                  "to" : {
                    "object" : "slika_u_sadrzaju-7",
                    "edge" : "bottom"
                  },
                  "expectedDistance" : "300px",
                  "realDistance" : "300px"
                } ],
                "highlight" : [ "slika_u_sadrzaju-7" ]
              }, {
                "status" : "info",
                "place" : {
                  "filePath" : "pocetna.gspec",
                  "lineNumber" : 125
                },
                "name" : "width ~30% of sadrzaj_sa_slikama/width",
                "meta" : [ {
                  "from" : {
                    "object" : "slika_u_sadrzaju-7",
                    "edge" : "left"
                  },
                  "to" : {
                    "object" : "slika_u_sadrzaju-7",
                    "edge" : "right"
                  },
                  "expectedDistance" : "28 to 32% [273 to 312px]",
                  "realDistance" : "29% [292px]"
                } ],
                "highlight" : [ "slika_u_sadrzaju-7" ]
              }, {
                "status" : "info",
                "place" : {
                  "filePath" : "pocetna.gspec",
                  "lineNumber" : 126
                },
                "name" : "aligned horizontally all slika_u_sadrzaju-8",
                "highlight" : [ "slika_u_sadrzaju-7", "slika_u_sadrzaju-8" ]
              }, {
                "status" : "info",
                "place" : {
                  "filePath" : "pocetna.gspec",
                  "lineNumber" : 127
                },
                "name" : "aligned horizontally all slika_u_sadrzaju-9",
                "highlight" : [ "slika_u_sadrzaju-7", "slika_u_sadrzaju-9" ]
              }, {
                "status" : "info",
                "place" : {
                  "filePath" : "pocetna.gspec",
                  "lineNumber" : 128
                },
                "name" : "aligned vertically all slika_u_sadrzaju-1",
                "highlight" : [ "slika_u_sadrzaju-7", "slika_u_sadrzaju-1" ]
              }, {
                "status" : "info",
                "place" : {
                  "filePath" : "pocetna.gspec",
                  "lineNumber" : 129
                },
                "name" : "aligned vertically all slika_u_sadrzaju-4",
                "highlight" : [ "slika_u_sadrzaju-7", "slika_u_sadrzaju-4" ]
              }, {
                "status" : "info",
                "place" : {
                  "filePath" : "pocetna.gspec",
                  "lineNumber" : 130
                },
                "name" : "aligned vertically all slika_u_sadrzaju-10",
                "highlight" : [ "slika_u_sadrzaju-7", "slika_u_sadrzaju-10" ]
              } ]
            }, {
              "name" : "slika_u_sadrzaju-8",
              "specs" : [ {
                "status" : "info",
                "place" : {
                  "filePath" : "pocetna.gspec",
                  "lineNumber" : 133
                },
                "name" : "inside screen",
                "meta" : [ ],
                "highlight" : [ "slika_u_sadrzaju-8", "screen" ]
              }, {
                "status" : "info",
                "place" : {
                  "filePath" : "pocetna.gspec",
                  "lineNumber" : 134
                },
                "name" : "inside sadrzaj_sa_slikama",
                "meta" : [ ],
                "highlight" : [ "slika_u_sadrzaju-8", "sadrzaj_sa_slikama" ]
              }, {
                "status" : "info",
                "place" : {
                  "filePath" : "pocetna.gspec",
                  "lineNumber" : 135
                },
                "name" : "height 300px",
                "meta" : [ {
                  "from" : {
                    "object" : "slika_u_sadrzaju-8",
                    "edge" : "top"
                  },
                  "to" : {
                    "object" : "slika_u_sadrzaju-8",
                    "edge" : "bottom"
                  },
                  "expectedDistance" : "300px",
                  "realDistance" : "300px"
                } ],
                "highlight" : [ "slika_u_sadrzaju-8" ]
              }, {
                "status" : "info",
                "place" : {
                  "filePath" : "pocetna.gspec",
                  "lineNumber" : 136
                },
                "name" : "width ~30% of sadrzaj_sa_slikama/width",
                "meta" : [ {
                  "from" : {
                    "object" : "slika_u_sadrzaju-8",
                    "edge" : "left"
                  },
                  "to" : {
                    "object" : "slika_u_sadrzaju-8",
                    "edge" : "right"
                  },
                  "expectedDistance" : "28 to 32% [273 to 312px]",
                  "realDistance" : "29% [292px]"
                } ],
                "highlight" : [ "slika_u_sadrzaju-8" ]
              }, {
                "status" : "info",
                "place" : {
                  "filePath" : "pocetna.gspec",
                  "lineNumber" : 137
                },
                "name" : "aligned horizontally all slika_u_sadrzaju-7",
                "highlight" : [ "slika_u_sadrzaju-8", "slika_u_sadrzaju-7" ]
              }, {
                "status" : "info",
                "place" : {
                  "filePath" : "pocetna.gspec",
                  "lineNumber" : 138
                },
                "name" : "aligned horizontally all slika_u_sadrzaju-9",
                "highlight" : [ "slika_u_sadrzaju-8", "slika_u_sadrzaju-9" ]
              }, {
                "status" : "info",
                "place" : {
                  "filePath" : "pocetna.gspec",
                  "lineNumber" : 139
                },
                "name" : "aligned vertically all slika_u_sadrzaju-2",
                "highlight" : [ "slika_u_sadrzaju-8", "slika_u_sadrzaju-2" ]
              }, {
                "status" : "info",
                "place" : {
                  "filePath" : "pocetna.gspec",
                  "lineNumber" : 140
                },
                "name" : "aligned vertically all slika_u_sadrzaju-5",
                "highlight" : [ "slika_u_sadrzaju-8", "slika_u_sadrzaju-5" ]
              } ]
            }, {
              "name" : "slika_u_sadrzaju-9",
              "specs" : [ {
                "status" : "info",
                "place" : {
                  "filePath" : "pocetna.gspec",
                  "lineNumber" : 143
                },
                "name" : "inside screen",
                "meta" : [ ],
                "highlight" : [ "slika_u_sadrzaju-9", "screen" ]
              }, {
                "status" : "info",
                "place" : {
                  "filePath" : "pocetna.gspec",
                  "lineNumber" : 144
                },
                "name" : "inside sadrzaj_sa_slikama",
                "meta" : [ ],
                "highlight" : [ "slika_u_sadrzaju-9", "sadrzaj_sa_slikama" ]
              }, {
                "status" : "info",
                "place" : {
                  "filePath" : "pocetna.gspec",
                  "lineNumber" : 145
                },
                "name" : "height 300px",
                "meta" : [ {
                  "from" : {
                    "object" : "slika_u_sadrzaju-9",
                    "edge" : "top"
                  },
                  "to" : {
                    "object" : "slika_u_sadrzaju-9",
                    "edge" : "bottom"
                  },
                  "expectedDistance" : "300px",
                  "realDistance" : "300px"
                } ],
                "highlight" : [ "slika_u_sadrzaju-9" ]
              }, {
                "status" : "info",
                "place" : {
                  "filePath" : "pocetna.gspec",
                  "lineNumber" : 146
                },
                "name" : "width ~30% of sadrzaj_sa_slikama/width",
                "meta" : [ {
                  "from" : {
                    "object" : "slika_u_sadrzaju-9",
                    "edge" : "left"
                  },
                  "to" : {
                    "object" : "slika_u_sadrzaju-9",
                    "edge" : "right"
                  },
                  "expectedDistance" : "28 to 32% [273 to 312px]",
                  "realDistance" : "29% [292px]"
                } ],
                "highlight" : [ "slika_u_sadrzaju-9" ]
              }, {
                "status" : "info",
                "place" : {
                  "filePath" : "pocetna.gspec",
                  "lineNumber" : 147
                },
                "name" : "aligned horizontally all slika_u_sadrzaju-7",
                "highlight" : [ "slika_u_sadrzaju-9", "slika_u_sadrzaju-7" ]
              }, {
                "status" : "info",
                "place" : {
                  "filePath" : "pocetna.gspec",
                  "lineNumber" : 148
                },
                "name" : "aligned horizontally all slika_u_sadrzaju-8",
                "highlight" : [ "slika_u_sadrzaju-9", "slika_u_sadrzaju-8" ]
              }, {
                "status" : "info",
                "place" : {
                  "filePath" : "pocetna.gspec",
                  "lineNumber" : 149
                },
                "name" : "aligned vertically all slika_u_sadrzaju-3",
                "highlight" : [ "slika_u_sadrzaju-9", "slika_u_sadrzaju-3" ]
              }, {
                "status" : "info",
                "place" : {
                  "filePath" : "pocetna.gspec",
                  "lineNumber" : 150
                },
                "name" : "aligned vertically all slika_u_sadrzaju-6",
                "highlight" : [ "slika_u_sadrzaju-9", "slika_u_sadrzaju-6" ]
              } ]
            }, {
              "name" : "slika_u_sadrzaju-10",
              "specs" : [ {
                "status" : "info",
                "place" : {
                  "filePath" : "pocetna.gspec",
                  "lineNumber" : 153
                },
                "name" : "inside screen",
                "meta" : [ ],
                "highlight" : [ "slika_u_sadrzaju-10", "screen" ]
              }, {
                "status" : "info",
                "place" : {
                  "filePath" : "pocetna.gspec",
                  "lineNumber" : 154
                },
                "name" : "inside sadrzaj_sa_slikama",
                "meta" : [ ],
                "highlight" : [ "slika_u_sadrzaju-10", "sadrzaj_sa_slikama" ]
              }, {
                "status" : "info",
                "place" : {
                  "filePath" : "pocetna.gspec",
                  "lineNumber" : 155
                },
                "name" : "height 300px",
                "meta" : [ {
                  "from" : {
                    "object" : "slika_u_sadrzaju-10",
                    "edge" : "top"
                  },
                  "to" : {
                    "object" : "slika_u_sadrzaju-10",
                    "edge" : "bottom"
                  },
                  "expectedDistance" : "300px",
                  "realDistance" : "300px"
                } ],
                "highlight" : [ "slika_u_sadrzaju-10" ]
              }, {
                "status" : "info",
                "place" : {
                  "filePath" : "pocetna.gspec",
                  "lineNumber" : 156
                },
                "name" : "width ~30% of sadrzaj_sa_slikama/width",
                "meta" : [ {
                  "from" : {
                    "object" : "slika_u_sadrzaju-10",
                    "edge" : "left"
                  },
                  "to" : {
                    "object" : "slika_u_sadrzaju-10",
                    "edge" : "right"
                  },
                  "expectedDistance" : "28 to 32% [273 to 312px]",
                  "realDistance" : "29% [292px]"
                } ],
                "highlight" : [ "slika_u_sadrzaju-10" ]
              }, {
                "status" : "info",
                "place" : {
                  "filePath" : "pocetna.gspec",
                  "lineNumber" : 157
                },
                "name" : "aligned vertically all slika_u_sadrzaju-1",
                "highlight" : [ "slika_u_sadrzaju-10", "slika_u_sadrzaju-1" ]
              }, {
                "status" : "info",
                "place" : {
                  "filePath" : "pocetna.gspec",
                  "lineNumber" : 158
                },
                "name" : "aligned vertically all slika_u_sadrzaju-4",
                "highlight" : [ "slika_u_sadrzaju-10", "slika_u_sadrzaju-4" ]
              } ]
            } ]
          } ],
          "objects" : {
            "meni" : {
              "area" : [ 0, 60, 994, 117 ]
            },
            "slika_u_sadrzaju-3" : {
              "area" : [ 673, 202, 292, 300 ]
            },
            "slika_u_sadrzaju-2" : {
              "area" : [ 356, 202, 292, 300 ]
            },
            "sadrzaj_sa_slikama" : {
              "area" : [ 9, 197, 975, 1247 ]
            },
            "slika_u_sadrzaju-1" : {
              "area" : [ 40, 202, 292, 300 ]
            },
            "stavka_menija-3" : {
              "area" : [ 461, 148, 34, 18 ]
            },
            "slika_u_sadrzaju-7" : {
              "area" : [ 40, 826, 292, 300 ]
            },
            "slika_u_sadrzaju-10" : {
              "area" : [ 40, 1137, 292, 300 ]
            },
            "screen" : {
              "area" : [ 0, 0, 994, 1454 ]
            },
            "stavka_menija-2" : {
              "area" : [ 423, 148, 27, 18 ]
            },
            "slika_u_sadrzaju-6" : {
              "area" : [ 673, 514, 292, 300 ]
            },
            "stavka_menija-1" : {
              "area" : [ 363, 148, 50, 18 ]
            },
            "slika_u_sadrzaju-5" : {
              "area" : [ 356, 514, 292, 300 ]
            },
            "slika_u_sadrzaju-4" : {
              "area" : [ 40, 514, 292, 300 ]
            },
            "stavka_menija-5" : {
              "area" : [ 590, 148, 41, 18 ]
            },
            "sadrzaj" : {
              "area" : [ 0, 187, 994, 1266 ]
            },
            "slika_u_sadrzaju-9" : {
              "area" : [ 673, 826, 292, 300 ]
            },
            "stavka_menija-4" : {
              "area" : [ 504, 148, 76, 18 ]
            },
            "slika_u_sadrzaju-8" : {
              "area" : [ 356, 826, 292, 300 ]
            },
            "logo" : {
              "area" : [ 462, 25, 70, 70 ]
            }
          },
          "screenshot" : "layout-1-screenshot.png",
          "type" : "layout"
        } ],
        "time" : 1573654535342,
        "type" : "node"
      } ],
      "time" : 1573654524857,
      "type" : "node"
    } ]
  }
}