{
  "testId" : "1-.-testovi-mobilerezervacija.gspec",
  "name" : "./testovi/mobileRezervacija.gspec",
  "report" : {
    "nodes" : [ {
      "name" : "Simple check",
      "status" : "info",
      "nodes" : [ {
        "name" : "check  ./testovi/mobileRezervacija.gspec --url file:///D:/nginx-1.15.5/html/Adem/rezervacija.html --size 580x768 --htmlreport ./izvjestaji/mobileRezervacija_izvjestaj",
        "status" : "info",
        "nodes" : [ {
          "name" : "Check layout: ./testovi/mobileRezervacija.gspec included tags: ",
          "status" : "info",
          "time" : 1573637810171,
          "sections" : [ {
            "name" : "Skeleton",
            "place" : {
              "filePath" : "./testovi/mobileRezervacija.gspec",
              "lineNumber" : 14
            },
            "objects" : [ {
              "name" : "meni",
              "specs" : [ {
                "status" : "info",
                "place" : {
                  "filePath" : "./testovi/mobileRezervacija.gspec",
                  "lineNumber" : 16
                },
                "name" : "centered horizontally inside screen",
                "highlight" : [ "meni", "screen" ]
              } ]
            }, {
              "name" : "logo",
              "specs" : [ {
                "status" : "info",
                "place" : {
                  "filePath" : "./testovi/mobileRezervacija.gspec",
                  "lineNumber" : 16
                },
                "name" : "centered horizontally inside screen",
                "highlight" : [ "logo", "screen" ]
              } ]
            }, {
              "name" : "sadrzaj",
              "specs" : [ {
                "status" : "info",
                "place" : {
                  "filePath" : "./testovi/mobileRezervacija.gspec",
                  "lineNumber" : 16
                },
                "name" : "centered horizontally inside screen",
                "highlight" : [ "sadrzaj", "screen" ]
              } ]
            } ]
          }, {
            "name" : "meni",
            "place" : {
              "filePath" : "./testovi/mobileRezervacija.gspec",
              "lineNumber" : 18
            },
            "objects" : [ {
              "name" : "meni",
              "specs" : [ {
                "status" : "info",
                "place" : {
                  "filePath" : "./testovi/mobileRezervacija.gspec",
                  "lineNumber" : 20
                },
                "name" : "width ~ 80 % of screen/width",
                "meta" : [ {
                  "from" : {
                    "object" : "meni",
                    "edge" : "left"
                  },
                  "to" : {
                    "object" : "meni",
                    "edge" : "right"
                  },
                  "expectedDistance" : "78 to 82% [429 to 451px]",
                  "realDistance" : "79% [440px]"
                } ],
                "highlight" : [ "meni" ]
              }, {
                "status" : "info",
                "place" : {
                  "filePath" : "./testovi/mobileRezervacija.gspec",
                  "lineNumber" : 21
                },
                "name" : "below logo  -50 % of logo/height",
                "meta" : [ {
                  "from" : {
                    "object" : "meni",
                    "edge" : "top"
                  },
                  "to" : {
                    "object" : "logo",
                    "edge" : "bottom"
                  },
                  "expectedDistance" : "-50px",
                  "realDistance" : "-50px"
                } ],
                "highlight" : [ "meni", "logo" ]
              }, {
                "status" : "info",
                "place" : {
                  "filePath" : "./testovi/mobileRezervacija.gspec",
                  "lineNumber" : 22
                },
                "name" : "centered horizontally inside screen",
                "highlight" : [ "meni", "screen" ]
              }, {
                "status" : "info",
                "place" : {
                  "filePath" : "./testovi/mobileRezervacija.gspec",
                  "lineNumber" : 23
                },
                "name" : "contains partly logo",
                "highlight" : [ "meni", "logo" ]
              }, {
                "status" : "info",
                "place" : {
                  "filePath" : "./testovi/mobileRezervacija.gspec",
                  "lineNumber" : 24
                },
                "name" : "contains stranice-*",
                "highlight" : [ "meni", "stranice-1", "stranice-2", "stranice-3", "stranice-4", "stranice-5" ]
              }, {
                "status" : "info",
                "place" : {
                  "filePath" : "./testovi/mobileRezervacija.gspec",
                  "lineNumber" : 25
                },
                "name" : "height 10 to 45 % of screen/height",
                "meta" : [ {
                  "from" : {
                    "object" : "meni",
                    "edge" : "top"
                  },
                  "to" : {
                    "object" : "meni",
                    "edge" : "bottom"
                  },
                  "expectedDistance" : "10 to 45% [136 to 614px]",
                  "realDistance" : "23% [326px]"
                } ],
                "highlight" : [ "meni" ]
              }, {
                "status" : "info",
                "place" : {
                  "filePath" : "./testovi/mobileRezervacija.gspec",
                  "lineNumber" : 26
                },
                "name" : "above sadrzaj 40 to 60 px",
                "meta" : [ {
                  "from" : {
                    "object" : "meni",
                    "edge" : "bottom"
                  },
                  "to" : {
                    "object" : "sadrzaj",
                    "edge" : "top"
                  },
                  "expectedDistance" : "40 to 60px",
                  "realDistance" : "48px"
                } ],
                "highlight" : [ "meni", "sadrzaj" ]
              }, {
                "status" : "info",
                "place" : {
                  "filePath" : "./testovi/mobileRezervacija.gspec",
                  "lineNumber" : 27
                },
                "name" : "inside screen 60 to 85 px top",
                "meta" : [ {
                  "from" : {
                    "object" : "meni",
                    "edge" : "top"
                  },
                  "to" : {
                    "object" : "screen",
                    "edge" : "top"
                  },
                  "expectedDistance" : "60 to 85px",
                  "realDistance" : "80px"
                } ],
                "highlight" : [ "meni", "screen" ]
              } ]
            } ]
          }, {
            "name" : "logo",
            "place" : {
              "filePath" : "./testovi/mobileRezervacija.gspec",
              "lineNumber" : 28
            },
            "objects" : [ {
              "name" : "logo",
              "specs" : [ {
                "status" : "info",
                "place" : {
                  "filePath" : "./testovi/mobileRezervacija.gspec",
                  "lineNumber" : 30
                },
                "name" : "above meni -50% of logo/height",
                "meta" : [ {
                  "from" : {
                    "object" : "logo",
                    "edge" : "bottom"
                  },
                  "to" : {
                    "object" : "meni",
                    "edge" : "top"
                  },
                  "expectedDistance" : "-50px",
                  "realDistance" : "-50px"
                } ],
                "highlight" : [ "logo", "meni" ]
              } ],
              "specGroups" : [ {
                "name" : "should be squared",
                "specs" : [ {
                  "status" : "info",
                  "place" : {
                    "filePath" : "./testovi/mobileRezervacija.gspec",
                    "lineNumber" : 31
                  },
                  "name" : "width 100% of logo/height",
                  "meta" : [ {
                    "from" : {
                      "object" : "logo",
                      "edge" : "left"
                    },
                    "to" : {
                      "object" : "logo",
                      "edge" : "right"
                    },
                    "expectedDistance" : "100% [100px]",
                    "realDistance" : "100% [100px]"
                  } ],
                  "highlight" : [ "logo" ]
                } ]
              } ]
            } ]
          }, {
            "name" : "stranice-*",
            "place" : {
              "filePath" : "./testovi/mobileRezervacija.gspec",
              "lineNumber" : 33
            },
            "objects" : [ {
              "name" : "stranice-1",
              "specs" : [ {
                "status" : "info",
                "place" : {
                  "filePath" : "./testovi/mobileRezervacija.gspec",
                  "lineNumber" : 35
                },
                "name" : "aligned vertically all stranice-2",
                "highlight" : [ "stranice-1", "stranice-2" ]
              }, {
                "status" : "info",
                "place" : {
                  "filePath" : "./testovi/mobileRezervacija.gspec",
                  "lineNumber" : 36
                },
                "name" : "inside meni >= 10px bottom, >= 100 px top, ~ 0% of meni/width left right",
                "meta" : [ {
                  "from" : {
                    "object" : "stranice-1",
                    "edge" : "bottom"
                  },
                  "to" : {
                    "object" : "meni",
                    "edge" : "bottom"
                  },
                  "expectedDistance" : ">= 10px",
                  "realDistance" : "178px"
                }, {
                  "from" : {
                    "object" : "stranice-1",
                    "edge" : "top"
                  },
                  "to" : {
                    "object" : "meni",
                    "edge" : "top"
                  },
                  "expectedDistance" : ">= 100px",
                  "realDistance" : "108px"
                }, {
                  "from" : {
                    "object" : "stranice-1",
                    "edge" : "left"
                  },
                  "to" : {
                    "object" : "meni",
                    "edge" : "left"
                  },
                  "expectedDistance" : "-2 to 2px",
                  "realDistance" : "0px"
                }, {
                  "from" : {
                    "object" : "stranice-1",
                    "edge" : "right"
                  },
                  "to" : {
                    "object" : "meni",
                    "edge" : "right"
                  },
                  "expectedDistance" : "-2 to 2px",
                  "realDistance" : "0px"
                } ],
                "highlight" : [ "stranice-1", "meni" ]
              }, {
                "status" : "info",
                "place" : {
                  "filePath" : "./testovi/mobileRezervacija.gspec",
                  "lineNumber" : 37
                },
                "name" : "height 30 to 40 px",
                "meta" : [ {
                  "from" : {
                    "object" : "stranice-1",
                    "edge" : "top"
                  },
                  "to" : {
                    "object" : "stranice-1",
                    "edge" : "bottom"
                  },
                  "expectedDistance" : "30 to 40px",
                  "realDistance" : "40px"
                } ],
                "highlight" : [ "stranice-1" ]
              }, {
                "status" : "info",
                "place" : {
                  "filePath" : "./testovi/mobileRezervacija.gspec",
                  "lineNumber" : 38
                },
                "name" : "width ~ 100 % of meni/width",
                "meta" : [ {
                  "from" : {
                    "object" : "stranice-1",
                    "edge" : "left"
                  },
                  "to" : {
                    "object" : "stranice-1",
                    "edge" : "right"
                  },
                  "expectedDistance" : "98 to 102% [431 to 448px]",
                  "realDistance" : "100% [440px]"
                } ],
                "highlight" : [ "stranice-1" ]
              }, {
                "status" : "info",
                "place" : {
                  "filePath" : "./testovi/mobileRezervacija.gspec",
                  "lineNumber" : 41
                },
                "name" : "above stranice-2 ~ 0px",
                "meta" : [ {
                  "from" : {
                    "object" : "stranice-1",
                    "edge" : "bottom"
                  },
                  "to" : {
                    "object" : "stranice-2",
                    "edge" : "top"
                  },
                  "expectedDistance" : "-2 to 2px",
                  "realDistance" : "0px"
                } ],
                "highlight" : [ "stranice-1", "stranice-2" ]
              } ]
            }, {
              "name" : "stranice-2",
              "specs" : [ {
                "status" : "info",
                "place" : {
                  "filePath" : "./testovi/mobileRezervacija.gspec",
                  "lineNumber" : 35
                },
                "name" : "aligned vertically all stranice-2",
                "highlight" : [ "stranice-2", "stranice-2" ]
              }, {
                "status" : "info",
                "place" : {
                  "filePath" : "./testovi/mobileRezervacija.gspec",
                  "lineNumber" : 36
                },
                "name" : "inside meni >= 10px bottom, >= 100 px top, ~ 0% of meni/width left right",
                "meta" : [ {
                  "from" : {
                    "object" : "stranice-2",
                    "edge" : "bottom"
                  },
                  "to" : {
                    "object" : "meni",
                    "edge" : "bottom"
                  },
                  "expectedDistance" : ">= 10px",
                  "realDistance" : "138px"
                }, {
                  "from" : {
                    "object" : "stranice-2",
                    "edge" : "top"
                  },
                  "to" : {
                    "object" : "meni",
                    "edge" : "top"
                  },
                  "expectedDistance" : ">= 100px",
                  "realDistance" : "148px"
                }, {
                  "from" : {
                    "object" : "stranice-2",
                    "edge" : "left"
                  },
                  "to" : {
                    "object" : "meni",
                    "edge" : "left"
                  },
                  "expectedDistance" : "-2 to 2px",
                  "realDistance" : "0px"
                }, {
                  "from" : {
                    "object" : "stranice-2",
                    "edge" : "right"
                  },
                  "to" : {
                    "object" : "meni",
                    "edge" : "right"
                  },
                  "expectedDistance" : "-2 to 2px",
                  "realDistance" : "0px"
                } ],
                "highlight" : [ "stranice-2", "meni" ]
              }, {
                "status" : "info",
                "place" : {
                  "filePath" : "./testovi/mobileRezervacija.gspec",
                  "lineNumber" : 37
                },
                "name" : "height 30 to 40 px",
                "meta" : [ {
                  "from" : {
                    "object" : "stranice-2",
                    "edge" : "top"
                  },
                  "to" : {
                    "object" : "stranice-2",
                    "edge" : "bottom"
                  },
                  "expectedDistance" : "30 to 40px",
                  "realDistance" : "40px"
                } ],
                "highlight" : [ "stranice-2" ]
              }, {
                "status" : "info",
                "place" : {
                  "filePath" : "./testovi/mobileRezervacija.gspec",
                  "lineNumber" : 38
                },
                "name" : "width ~ 100 % of meni/width",
                "meta" : [ {
                  "from" : {
                    "object" : "stranice-2",
                    "edge" : "left"
                  },
                  "to" : {
                    "object" : "stranice-2",
                    "edge" : "right"
                  },
                  "expectedDistance" : "98 to 102% [431 to 448px]",
                  "realDistance" : "100% [440px]"
                } ],
                "highlight" : [ "stranice-2" ]
              }, {
                "status" : "info",
                "place" : {
                  "filePath" : "./testovi/mobileRezervacija.gspec",
                  "lineNumber" : 44
                },
                "name" : "above stranice-3 ~ 0px",
                "meta" : [ {
                  "from" : {
                    "object" : "stranice-2",
                    "edge" : "bottom"
                  },
                  "to" : {
                    "object" : "stranice-3",
                    "edge" : "top"
                  },
                  "expectedDistance" : "-2 to 2px",
                  "realDistance" : "0px"
                } ],
                "highlight" : [ "stranice-2", "stranice-3" ]
              }, {
                "status" : "info",
                "place" : {
                  "filePath" : "./testovi/mobileRezervacija.gspec",
                  "lineNumber" : 45
                },
                "name" : "below stranice-1 ~ 0px",
                "meta" : [ {
                  "from" : {
                    "object" : "stranice-2",
                    "edge" : "top"
                  },
                  "to" : {
                    "object" : "stranice-1",
                    "edge" : "bottom"
                  },
                  "expectedDistance" : "-2 to 2px",
                  "realDistance" : "0px"
                } ],
                "highlight" : [ "stranice-2", "stranice-1" ]
              } ]
            }, {
              "name" : "stranice-3",
              "specs" : [ {
                "status" : "info",
                "place" : {
                  "filePath" : "./testovi/mobileRezervacija.gspec",
                  "lineNumber" : 35
                },
                "name" : "aligned vertically all stranice-2",
                "highlight" : [ "stranice-3", "stranice-2" ]
              }, {
                "status" : "info",
                "place" : {
                  "filePath" : "./testovi/mobileRezervacija.gspec",
                  "lineNumber" : 36
                },
                "name" : "inside meni >= 10px bottom, >= 100 px top, ~ 0% of meni/width left right",
                "meta" : [ {
                  "from" : {
                    "object" : "stranice-3",
                    "edge" : "bottom"
                  },
                  "to" : {
                    "object" : "meni",
                    "edge" : "bottom"
                  },
                  "expectedDistance" : ">= 10px",
                  "realDistance" : "98px"
                }, {
                  "from" : {
                    "object" : "stranice-3",
                    "edge" : "top"
                  },
                  "to" : {
                    "object" : "meni",
                    "edge" : "top"
                  },
                  "expectedDistance" : ">= 100px",
                  "realDistance" : "188px"
                }, {
                  "from" : {
                    "object" : "stranice-3",
                    "edge" : "left"
                  },
                  "to" : {
                    "object" : "meni",
                    "edge" : "left"
                  },
                  "expectedDistance" : "-2 to 2px",
                  "realDistance" : "0px"
                }, {
                  "from" : {
                    "object" : "stranice-3",
                    "edge" : "right"
                  },
                  "to" : {
                    "object" : "meni",
                    "edge" : "right"
                  },
                  "expectedDistance" : "-2 to 2px",
                  "realDistance" : "0px"
                } ],
                "highlight" : [ "stranice-3", "meni" ]
              }, {
                "status" : "info",
                "place" : {
                  "filePath" : "./testovi/mobileRezervacija.gspec",
                  "lineNumber" : 37
                },
                "name" : "height 30 to 40 px",
                "meta" : [ {
                  "from" : {
                    "object" : "stranice-3",
                    "edge" : "top"
                  },
                  "to" : {
                    "object" : "stranice-3",
                    "edge" : "bottom"
                  },
                  "expectedDistance" : "30 to 40px",
                  "realDistance" : "40px"
                } ],
                "highlight" : [ "stranice-3" ]
              }, {
                "status" : "info",
                "place" : {
                  "filePath" : "./testovi/mobileRezervacija.gspec",
                  "lineNumber" : 38
                },
                "name" : "width ~ 100 % of meni/width",
                "meta" : [ {
                  "from" : {
                    "object" : "stranice-3",
                    "edge" : "left"
                  },
                  "to" : {
                    "object" : "stranice-3",
                    "edge" : "right"
                  },
                  "expectedDistance" : "98 to 102% [431 to 448px]",
                  "realDistance" : "100% [440px]"
                } ],
                "highlight" : [ "stranice-3" ]
              }, {
                "status" : "info",
                "place" : {
                  "filePath" : "./testovi/mobileRezervacija.gspec",
                  "lineNumber" : 48
                },
                "name" : "above stranice-4 ~ 0px",
                "meta" : [ {
                  "from" : {
                    "object" : "stranice-3",
                    "edge" : "bottom"
                  },
                  "to" : {
                    "object" : "stranice-4",
                    "edge" : "top"
                  },
                  "expectedDistance" : "-2 to 2px",
                  "realDistance" : "0px"
                } ],
                "highlight" : [ "stranice-3", "stranice-4" ]
              }, {
                "status" : "info",
                "place" : {
                  "filePath" : "./testovi/mobileRezervacija.gspec",
                  "lineNumber" : 49
                },
                "name" : "below stranice-2 ~ 0px",
                "meta" : [ {
                  "from" : {
                    "object" : "stranice-3",
                    "edge" : "top"
                  },
                  "to" : {
                    "object" : "stranice-2",
                    "edge" : "bottom"
                  },
                  "expectedDistance" : "-2 to 2px",
                  "realDistance" : "0px"
                } ],
                "highlight" : [ "stranice-3", "stranice-2" ]
              } ]
            }, {
              "name" : "stranice-4",
              "specs" : [ {
                "status" : "info",
                "place" : {
                  "filePath" : "./testovi/mobileRezervacija.gspec",
                  "lineNumber" : 35
                },
                "name" : "aligned vertically all stranice-2",
                "highlight" : [ "stranice-4", "stranice-2" ]
              }, {
                "status" : "info",
                "place" : {
                  "filePath" : "./testovi/mobileRezervacija.gspec",
                  "lineNumber" : 36
                },
                "name" : "inside meni >= 10px bottom, >= 100 px top, ~ 0% of meni/width left right",
                "meta" : [ {
                  "from" : {
                    "object" : "stranice-4",
                    "edge" : "bottom"
                  },
                  "to" : {
                    "object" : "meni",
                    "edge" : "bottom"
                  },
                  "expectedDistance" : ">= 10px",
                  "realDistance" : "58px"
                }, {
                  "from" : {
                    "object" : "stranice-4",
                    "edge" : "top"
                  },
                  "to" : {
                    "object" : "meni",
                    "edge" : "top"
                  },
                  "expectedDistance" : ">= 100px",
                  "realDistance" : "228px"
                }, {
                  "from" : {
                    "object" : "stranice-4",
                    "edge" : "left"
                  },
                  "to" : {
                    "object" : "meni",
                    "edge" : "left"
                  },
                  "expectedDistance" : "-2 to 2px",
                  "realDistance" : "0px"
                }, {
                  "from" : {
                    "object" : "stranice-4",
                    "edge" : "right"
                  },
                  "to" : {
                    "object" : "meni",
                    "edge" : "right"
                  },
                  "expectedDistance" : "-2 to 2px",
                  "realDistance" : "0px"
                } ],
                "highlight" : [ "stranice-4", "meni" ]
              }, {
                "status" : "info",
                "place" : {
                  "filePath" : "./testovi/mobileRezervacija.gspec",
                  "lineNumber" : 37
                },
                "name" : "height 30 to 40 px",
                "meta" : [ {
                  "from" : {
                    "object" : "stranice-4",
                    "edge" : "top"
                  },
                  "to" : {
                    "object" : "stranice-4",
                    "edge" : "bottom"
                  },
                  "expectedDistance" : "30 to 40px",
                  "realDistance" : "40px"
                } ],
                "highlight" : [ "stranice-4" ]
              }, {
                "status" : "info",
                "place" : {
                  "filePath" : "./testovi/mobileRezervacija.gspec",
                  "lineNumber" : 38
                },
                "name" : "width ~ 100 % of meni/width",
                "meta" : [ {
                  "from" : {
                    "object" : "stranice-4",
                    "edge" : "left"
                  },
                  "to" : {
                    "object" : "stranice-4",
                    "edge" : "right"
                  },
                  "expectedDistance" : "98 to 102% [431 to 448px]",
                  "realDistance" : "100% [440px]"
                } ],
                "highlight" : [ "stranice-4" ]
              }, {
                "status" : "info",
                "place" : {
                  "filePath" : "./testovi/mobileRezervacija.gspec",
                  "lineNumber" : 52
                },
                "name" : "above stranice-5 ~ 0px",
                "meta" : [ {
                  "from" : {
                    "object" : "stranice-4",
                    "edge" : "bottom"
                  },
                  "to" : {
                    "object" : "stranice-5",
                    "edge" : "top"
                  },
                  "expectedDistance" : "-2 to 2px",
                  "realDistance" : "0px"
                } ],
                "highlight" : [ "stranice-4", "stranice-5" ]
              }, {
                "status" : "info",
                "place" : {
                  "filePath" : "./testovi/mobileRezervacija.gspec",
                  "lineNumber" : 53
                },
                "name" : "below stranice-3 ~ 0px",
                "meta" : [ {
                  "from" : {
                    "object" : "stranice-4",
                    "edge" : "top"
                  },
                  "to" : {
                    "object" : "stranice-3",
                    "edge" : "bottom"
                  },
                  "expectedDistance" : "-2 to 2px",
                  "realDistance" : "0px"
                } ],
                "highlight" : [ "stranice-4", "stranice-3" ]
              } ]
            }, {
              "name" : "stranice-5",
              "specs" : [ {
                "status" : "info",
                "place" : {
                  "filePath" : "./testovi/mobileRezervacija.gspec",
                  "lineNumber" : 35
                },
                "name" : "aligned vertically all stranice-2",
                "highlight" : [ "stranice-5", "stranice-2" ]
              }, {
                "status" : "info",
                "place" : {
                  "filePath" : "./testovi/mobileRezervacija.gspec",
                  "lineNumber" : 36
                },
                "name" : "inside meni >= 10px bottom, >= 100 px top, ~ 0% of meni/width left right",
                "meta" : [ {
                  "from" : {
                    "object" : "stranice-5",
                    "edge" : "bottom"
                  },
                  "to" : {
                    "object" : "meni",
                    "edge" : "bottom"
                  },
                  "expectedDistance" : ">= 10px",
                  "realDistance" : "18px"
                }, {
                  "from" : {
                    "object" : "stranice-5",
                    "edge" : "top"
                  },
                  "to" : {
                    "object" : "meni",
                    "edge" : "top"
                  },
                  "expectedDistance" : ">= 100px",
                  "realDistance" : "268px"
                }, {
                  "from" : {
                    "object" : "stranice-5",
                    "edge" : "left"
                  },
                  "to" : {
                    "object" : "meni",
                    "edge" : "left"
                  },
                  "expectedDistance" : "-2 to 2px",
                  "realDistance" : "0px"
                }, {
                  "from" : {
                    "object" : "stranice-5",
                    "edge" : "right"
                  },
                  "to" : {
                    "object" : "meni",
                    "edge" : "right"
                  },
                  "expectedDistance" : "-2 to 2px",
                  "realDistance" : "0px"
                } ],
                "highlight" : [ "stranice-5", "meni" ]
              }, {
                "status" : "info",
                "place" : {
                  "filePath" : "./testovi/mobileRezervacija.gspec",
                  "lineNumber" : 37
                },
                "name" : "height 30 to 40 px",
                "meta" : [ {
                  "from" : {
                    "object" : "stranice-5",
                    "edge" : "top"
                  },
                  "to" : {
                    "object" : "stranice-5",
                    "edge" : "bottom"
                  },
                  "expectedDistance" : "30 to 40px",
                  "realDistance" : "40px"
                } ],
                "highlight" : [ "stranice-5" ]
              }, {
                "status" : "info",
                "place" : {
                  "filePath" : "./testovi/mobileRezervacija.gspec",
                  "lineNumber" : 38
                },
                "name" : "width ~ 100 % of meni/width",
                "meta" : [ {
                  "from" : {
                    "object" : "stranice-5",
                    "edge" : "left"
                  },
                  "to" : {
                    "object" : "stranice-5",
                    "edge" : "right"
                  },
                  "expectedDistance" : "98 to 102% [431 to 448px]",
                  "realDistance" : "100% [440px]"
                } ],
                "highlight" : [ "stranice-5" ]
              }, {
                "status" : "info",
                "place" : {
                  "filePath" : "./testovi/mobileRezervacija.gspec",
                  "lineNumber" : 56
                },
                "name" : "below stranice-4 ~ 0px",
                "meta" : [ {
                  "from" : {
                    "object" : "stranice-5",
                    "edge" : "top"
                  },
                  "to" : {
                    "object" : "stranice-4",
                    "edge" : "bottom"
                  },
                  "expectedDistance" : "-2 to 2px",
                  "realDistance" : "0px"
                } ],
                "highlight" : [ "stranice-5", "stranice-4" ]
              } ]
            }, {
              "name" : "global",
              "specs" : [ {
                "status" : "info",
                "place" : {
                  "filePath" : "./testovi/mobileRezervacija.gspec",
                  "lineNumber" : 58
                },
                "name" : "count any stranice-* is 5",
                "highlight" : [ "stranice-5", "stranice-4", "stranice-1", "stranice-3", "stranice-2" ]
              } ]
            } ]
          }, {
            "name" : "sale",
            "place" : {
              "filePath" : "./testovi/mobileRezervacija.gspec",
              "lineNumber" : 60
            },
            "objects" : [ {
              "name" : "sale",
              "specs" : [ {
                "status" : "info",
                "place" : {
                  "filePath" : "./testovi/mobileRezervacija.gspec",
                  "lineNumber" : 62
                },
                "name" : "inside sadrzaj",
                "meta" : [ ],
                "highlight" : [ "sale", "sadrzaj" ]
              } ]
            } ]
          }, {
            "name" : "periodicna",
            "place" : {
              "filePath" : "./testovi/mobileRezervacija.gspec",
              "lineNumber" : 64
            },
            "objects" : [ {
              "name" : "periodicna",
              "specs" : [ {
                "status" : "info",
                "place" : {
                  "filePath" : "./testovi/mobileRezervacija.gspec",
                  "lineNumber" : 66
                },
                "name" : "inside sadrzaj",
                "meta" : [ ],
                "highlight" : [ "periodicna", "sadrzaj" ]
              } ]
            } ]
          }, {
            "name" : "vrijeme-*",
            "place" : {
              "filePath" : "./testovi/mobileRezervacija.gspec",
              "lineNumber" : 68
            },
            "objects" : [ {
              "name" : "vrijeme-1",
              "specs" : [ {
                "status" : "info",
                "place" : {
                  "filePath" : "./testovi/mobileRezervacija.gspec",
                  "lineNumber" : 70
                },
                "name" : "inside sadrzaj",
                "meta" : [ ],
                "highlight" : [ "vrijeme-1", "sadrzaj" ]
              } ]
            }, {
              "name" : "vrijeme-2",
              "specs" : [ {
                "status" : "info",
                "place" : {
                  "filePath" : "./testovi/mobileRezervacija.gspec",
                  "lineNumber" : 70
                },
                "name" : "inside sadrzaj",
                "meta" : [ ],
                "highlight" : [ "vrijeme-2", "sadrzaj" ]
              } ]
            } ]
          }, {
            "name" : "kalendar",
            "place" : {
              "filePath" : "./testovi/mobileRezervacija.gspec",
              "lineNumber" : 72
            },
            "objects" : [ {
              "name" : "kalendar",
              "specs" : [ {
                "status" : "info",
                "place" : {
                  "filePath" : "./testovi/mobileRezervacija.gspec",
                  "lineNumber" : 74
                },
                "name" : "inside sadrzaj",
                "meta" : [ ],
                "highlight" : [ "kalendar", "sadrzaj" ]
              }, {
                "status" : "info",
                "place" : {
                  "filePath" : "./testovi/mobileRezervacija.gspec",
                  "lineNumber" : 75
                },
                "name" : "width ~ 80 % of sadrzaj/width",
                "meta" : [ {
                  "from" : {
                    "object" : "kalendar",
                    "edge" : "left"
                  },
                  "to" : {
                    "object" : "kalendar",
                    "edge" : "right"
                  },
                  "expectedDistance" : "78 to 82% [343 to 360px]",
                  "realDistance" : "80% [352px]"
                } ],
                "highlight" : [ "kalendar" ]
              } ]
            } ]
          } ],
          "objects" : {
            "meni" : {
              "area" : [ 55, 80, 440, 326 ]
            },
            "vrijeme-2" : {
              "area" : [ 223, 563, 74, 22 ]
            },
            "vrijeme-1" : {
              "area" : [ 223, 524, 74, 22 ]
            },
            "screen" : {
              "area" : [ 0, 0, 551, 1365 ]
            },
            "sadrzaj" : {
              "area" : [ 55, 454, 440, 911 ]
            },
            "sale" : {
              "area" : [ 244, 470, 53, 20 ]
            },
            "stranice-5" : {
              "area" : [ 55, 348, 440, 40 ]
            },
            "logo" : {
              "area" : [ 225, 30, 100, 100 ]
            },
            "stranice-4" : {
              "area" : [ 55, 308, 440, 40 ]
            },
            "stranice-1" : {
              "area" : [ 55, 188, 440, 40 ]
            },
            "stranice-3" : {
              "area" : [ 55, 268, 440, 40 ]
            },
            "kalendar" : {
              "area" : [ 99, 593, 352, 685 ]
            },
            "stranice-2" : {
              "area" : [ 55, 228, 440, 40 ]
            },
            "periodicna" : {
              "area" : [ 232, 499, 13, 13 ]
            }
          },
          "screenshot" : "layout-1-screenshot.png",
          "type" : "layout"
        } ],
        "time" : 1573637804903,
        "type" : "node"
      } ],
      "time" : 1573637789292,
      "type" : "node"
    } ]
  }
}