{"periodicna":[{"tip":"periodicno","dan":1,"semestar":"zimski","sala":"0-01","pocetak":"13:00","kraj":"15:00","naziv":"IM","predavac":"H. Fatkic"},{"tip":"periodicno","dan":5,"semestar":"zimski","sala":"0-01","pocetak":"13:00","kraj":"15:00","naziv":"IM","predavac":"H.Fatkic"},{"tip":"periodicno","dan":1,"semestar":"zimski","sala":"0-01","pocetak":"10:00","kraj":"12:00","naziv":"IM","predavac":"H.Fatkic"},{"tip":"periodicno","dan":2,"semestar":"ljetni","sala":"0-01","pocetak":"01:00","kraj":"15:00","naziv":"IM","predavac":"H.Fatkic"},{"tip":"periodicno","dan":3,"semestar":"ljetni","sala":"0-01","pocetak":"01:00","kraj":"15:00","naziv":"IM","predavac":"H.Fatkic"}],"vandredna":[{"tip":"vandredno","datum":"2019-11-21","sala":"0-01","pocetak":"13:00","kraj":"15:00","naziv":"IM","predavac":"H. Fatkic"},{"tip":"vandredno","datum":"2019-11-1","sala":"0-01","pocetak":"10:00","kraj":"12:00","naziv":"IM","predavac":"H.Fatkic"},{"tip":"vandredno","datum":"2019-2-2","sala":"0-01","pocetak":"10:00","kraj":"12:00","naziv":"IM","predavac":"H.Fatkic"},{"tip":"vandredno","datum":"2019-4-14","sala":"0-01","pocetak":"10:00","kraj":"12:00","naziv":"IM","predavac":"H.Fatkic"},{"tip":"vandredno","datum":"2019-11-10","sala":"0-01","pocetak":"10:00","kraj":"15:00","naziv":"IM","predavac":"H.Fatkic"},{"tip":"vandredno","datum":"2019-11-30","sala":"0-01","pocetak":"10:00","kraj":"13:00","naziv":"IM","predavac":"profesor Neko Nekić"}]}