{
  "testId" : "1-.-testovi-unos.gspec",
  "name" : "./testovi/unos.gspec",
  "report" : {
    "nodes" : [ {
      "name" : "Simple check",
      "status" : "info",
      "nodes" : [ {
        "name" : "check  ./testovi/unos.gspec --url file:///D:/nginx-1.15.5/html/Adem/unos.html --size 1024x768 --htmlreport ./izvjestaji/unos_izvjestaj",
        "status" : "info",
        "nodes" : [ {
          "name" : "Check layout: ./testovi/unos.gspec included tags: ",
          "status" : "info",
          "time" : 1573588502323,
          "sections" : [ {
            "name" : "Skeleton",
            "place" : {
              "filePath" : "./testovi/unos.gspec",
              "lineNumber" : 13
            },
            "objects" : [ {
              "name" : "meni",
              "specs" : [ {
                "status" : "info",
                "place" : {
                  "filePath" : "./testovi/unos.gspec",
                  "lineNumber" : 15
                },
                "name" : "centered horizontally inside screen",
                "highlight" : [ "meni", "screen" ]
              } ]
            }, {
              "name" : "logo",
              "specs" : [ {
                "status" : "info",
                "place" : {
                  "filePath" : "./testovi/unos.gspec",
                  "lineNumber" : 15
                },
                "name" : "centered horizontally inside screen",
                "highlight" : [ "logo", "screen" ]
              } ]
            }, {
              "name" : "sadrzaj",
              "specs" : [ {
                "status" : "info",
                "place" : {
                  "filePath" : "./testovi/unos.gspec",
                  "lineNumber" : 15
                },
                "name" : "centered horizontally inside screen",
                "highlight" : [ "sadrzaj", "screen" ]
              } ]
            } ]
          }, {
            "name" : "meni",
            "place" : {
              "filePath" : "./testovi/unos.gspec",
              "lineNumber" : 17
            },
            "objects" : [ {
              "name" : "meni",
              "specs" : [ {
                "status" : "info",
                "place" : {
                  "filePath" : "./testovi/unos.gspec",
                  "lineNumber" : 19
                },
                "name" : "width ~ 80 % of screen/width",
                "meta" : [ {
                  "from" : {
                    "object" : "meni",
                    "edge" : "left"
                  },
                  "to" : {
                    "object" : "meni",
                    "edge" : "right"
                  },
                  "expectedDistance" : "78 to 82% [789 to 829px]",
                  "realDistance" : "79% [809px]"
                } ],
                "highlight" : [ "meni" ]
              }, {
                "status" : "info",
                "place" : {
                  "filePath" : "./testovi/unos.gspec",
                  "lineNumber" : 20
                },
                "name" : "below logo  -50 % of logo/height",
                "meta" : [ {
                  "from" : {
                    "object" : "meni",
                    "edge" : "top"
                  },
                  "to" : {
                    "object" : "logo",
                    "edge" : "bottom"
                  },
                  "expectedDistance" : "-50px",
                  "realDistance" : "-50px"
                } ],
                "highlight" : [ "meni", "logo" ]
              }, {
                "status" : "info",
                "place" : {
                  "filePath" : "./testovi/unos.gspec",
                  "lineNumber" : 21
                },
                "name" : "centered horizontally inside screen",
                "highlight" : [ "meni", "screen" ]
              }, {
                "status" : "info",
                "place" : {
                  "filePath" : "./testovi/unos.gspec",
                  "lineNumber" : 22
                },
                "name" : "contains partly logo",
                "highlight" : [ "meni", "logo" ]
              }, {
                "status" : "info",
                "place" : {
                  "filePath" : "./testovi/unos.gspec",
                  "lineNumber" : 23
                },
                "name" : "height 10 to 20 % of screen/height",
                "meta" : [ {
                  "from" : {
                    "object" : "meni",
                    "edge" : "top"
                  },
                  "to" : {
                    "object" : "meni",
                    "edge" : "bottom"
                  },
                  "expectedDistance" : "10 to 20% [68 to 137px]",
                  "realDistance" : "18% [130px]"
                } ],
                "highlight" : [ "meni" ]
              }, {
                "status" : "info",
                "place" : {
                  "filePath" : "./testovi/unos.gspec",
                  "lineNumber" : 24
                },
                "name" : "above sadrzaj 40 to 60 px",
                "meta" : [ {
                  "from" : {
                    "object" : "meni",
                    "edge" : "bottom"
                  },
                  "to" : {
                    "object" : "sadrzaj",
                    "edge" : "top"
                  },
                  "expectedDistance" : "40 to 60px",
                  "realDistance" : "48px"
                } ],
                "highlight" : [ "meni", "sadrzaj" ]
              }, {
                "status" : "info",
                "place" : {
                  "filePath" : "./testovi/unos.gspec",
                  "lineNumber" : 25
                },
                "name" : "inside screen 60 to 85 px top",
                "meta" : [ {
                  "from" : {
                    "object" : "meni",
                    "edge" : "top"
                  },
                  "to" : {
                    "object" : "screen",
                    "edge" : "top"
                  },
                  "expectedDistance" : "60 to 85px",
                  "realDistance" : "80px"
                } ],
                "highlight" : [ "meni", "screen" ]
              } ]
            } ]
          }, {
            "name" : "logo",
            "place" : {
              "filePath" : "./testovi/unos.gspec",
              "lineNumber" : 26
            },
            "objects" : [ {
              "name" : "logo",
              "specs" : [ {
                "status" : "info",
                "place" : {
                  "filePath" : "./testovi/unos.gspec",
                  "lineNumber" : 28
                },
                "name" : "above meni -50% of logo/height",
                "meta" : [ {
                  "from" : {
                    "object" : "logo",
                    "edge" : "bottom"
                  },
                  "to" : {
                    "object" : "meni",
                    "edge" : "top"
                  },
                  "expectedDistance" : "-50px",
                  "realDistance" : "-50px"
                } ],
                "highlight" : [ "logo", "meni" ]
              } ],
              "specGroups" : [ {
                "name" : "should be squared",
                "specs" : [ {
                  "status" : "info",
                  "place" : {
                    "filePath" : "./testovi/unos.gspec",
                    "lineNumber" : 29
                  },
                  "name" : "width 100% of logo/height",
                  "meta" : [ {
                    "from" : {
                      "object" : "logo",
                      "edge" : "left"
                    },
                    "to" : {
                      "object" : "logo",
                      "edge" : "right"
                    },
                    "expectedDistance" : "100% [100px]",
                    "realDistance" : "100% [100px]"
                  } ],
                  "highlight" : [ "logo" ]
                } ]
              } ]
            } ]
          }, {
            "name" : "stranice-*",
            "place" : {
              "filePath" : "./testovi/unos.gspec",
              "lineNumber" : 31
            },
            "objects" : [ {
              "name" : "stranice-1",
              "specs" : [ {
                "status" : "info",
                "place" : {
                  "filePath" : "./testovi/unos.gspec",
                  "lineNumber" : 33
                },
                "name" : "aligned horizontally all stranice-2",
                "highlight" : [ "stranice-1", "stranice-2" ]
              }, {
                "status" : "info",
                "place" : {
                  "filePath" : "./testovi/unos.gspec",
                  "lineNumber" : 34
                },
                "name" : "inside meni ~ 10px bottom, ~ 100 px top, > 10% of meni/width left right",
                "meta" : [ {
                  "from" : {
                    "object" : "stranice-1",
                    "edge" : "bottom"
                  },
                  "to" : {
                    "object" : "meni",
                    "edge" : "bottom"
                  },
                  "expectedDistance" : "8 to 12px",
                  "realDistance" : "12px"
                }, {
                  "from" : {
                    "object" : "stranice-1",
                    "edge" : "top"
                  },
                  "to" : {
                    "object" : "meni",
                    "edge" : "top"
                  },
                  "expectedDistance" : "98 to 102px",
                  "realDistance" : "101px"
                }, {
                  "from" : {
                    "object" : "stranice-1",
                    "edge" : "left"
                  },
                  "to" : {
                    "object" : "meni",
                    "edge" : "left"
                  },
                  "expectedDistance" : "> 10px",
                  "realDistance" : "195px"
                }, {
                  "from" : {
                    "object" : "stranice-1",
                    "edge" : "right"
                  },
                  "to" : {
                    "object" : "meni",
                    "edge" : "right"
                  },
                  "expectedDistance" : "> 10px",
                  "realDistance" : "529px"
                } ],
                "highlight" : [ "stranice-1", "meni" ]
              }, {
                "status" : "info",
                "place" : {
                  "filePath" : "./testovi/unos.gspec",
                  "lineNumber" : 35
                },
                "name" : "height 10 to 20 px",
                "meta" : [ {
                  "from" : {
                    "object" : "stranice-1",
                    "edge" : "top"
                  },
                  "to" : {
                    "object" : "stranice-1",
                    "edge" : "bottom"
                  },
                  "expectedDistance" : "10 to 20px",
                  "realDistance" : "17px"
                } ],
                "highlight" : [ "stranice-1" ]
              }, {
                "status" : "info",
                "place" : {
                  "filePath" : "./testovi/unos.gspec",
                  "lineNumber" : 36
                },
                "name" : "width 40 to 220 px",
                "meta" : [ {
                  "from" : {
                    "object" : "stranice-1",
                    "edge" : "left"
                  },
                  "to" : {
                    "object" : "stranice-1",
                    "edge" : "right"
                  },
                  "expectedDistance" : "40 to 220px",
                  "realDistance" : "85px"
                } ],
                "highlight" : [ "stranice-1" ]
              }, {
                "status" : "info",
                "place" : {
                  "filePath" : "./testovi/unos.gspec",
                  "lineNumber" : 39
                },
                "name" : "inside meni  20 to 30% of meni/width left, > 60 % of meni/width right",
                "meta" : [ {
                  "from" : {
                    "object" : "stranice-1",
                    "edge" : "left"
                  },
                  "to" : {
                    "object" : "meni",
                    "edge" : "left"
                  },
                  "expectedDistance" : "20 to 30px",
                  "realDistance" : "195px"
                }, {
                  "from" : {
                    "object" : "stranice-1",
                    "edge" : "right"
                  },
                  "to" : {
                    "object" : "meni",
                    "edge" : "right"
                  },
                  "expectedDistance" : "> 60px",
                  "realDistance" : "529px"
                } ],
                "highlight" : [ "stranice-1", "meni" ]
              }, {
                "status" : "info",
                "place" : {
                  "filePath" : "./testovi/unos.gspec",
                  "lineNumber" : 40
                },
                "name" : "near stranice-2 ~ 5px left",
                "meta" : [ {
                  "from" : {
                    "object" : "stranice-1",
                    "edge" : "right"
                  },
                  "to" : {
                    "object" : "stranice-2",
                    "edge" : "left"
                  },
                  "expectedDistance" : "3 to 7px",
                  "realDistance" : "5px"
                } ],
                "highlight" : [ "stranice-1", "stranice-2" ]
              }, {
                "status" : "info",
                "place" : {
                  "filePath" : "./testovi/unos.gspec",
                  "lineNumber" : 41
                },
                "name" : "near stranice-2 ~ -150px right",
                "meta" : [ {
                  "from" : {
                    "object" : "stranice-1",
                    "edge" : "left"
                  },
                  "to" : {
                    "object" : "stranice-2",
                    "edge" : "right"
                  },
                  "expectedDistance" : "-152 to -148px",
                  "realDistance" : "-151px"
                } ],
                "highlight" : [ "stranice-1", "stranice-2" ]
              } ]
            }, {
              "name" : "stranice-2",
              "specs" : [ {
                "status" : "info",
                "place" : {
                  "filePath" : "./testovi/unos.gspec",
                  "lineNumber" : 33
                },
                "name" : "aligned horizontally all stranice-2",
                "highlight" : [ "stranice-2", "stranice-2" ]
              }, {
                "status" : "info",
                "place" : {
                  "filePath" : "./testovi/unos.gspec",
                  "lineNumber" : 34
                },
                "name" : "inside meni ~ 10px bottom, ~ 100 px top, > 10% of meni/width left right",
                "meta" : [ {
                  "from" : {
                    "object" : "stranice-2",
                    "edge" : "bottom"
                  },
                  "to" : {
                    "object" : "meni",
                    "edge" : "bottom"
                  },
                  "expectedDistance" : "8 to 12px",
                  "realDistance" : "12px"
                }, {
                  "from" : {
                    "object" : "stranice-2",
                    "edge" : "top"
                  },
                  "to" : {
                    "object" : "meni",
                    "edge" : "top"
                  },
                  "expectedDistance" : "98 to 102px",
                  "realDistance" : "101px"
                }, {
                  "from" : {
                    "object" : "stranice-2",
                    "edge" : "left"
                  },
                  "to" : {
                    "object" : "meni",
                    "edge" : "left"
                  },
                  "expectedDistance" : "> 10px",
                  "realDistance" : "285px"
                }, {
                  "from" : {
                    "object" : "stranice-2",
                    "edge" : "right"
                  },
                  "to" : {
                    "object" : "meni",
                    "edge" : "right"
                  },
                  "expectedDistance" : "> 10px",
                  "realDistance" : "463px"
                } ],
                "highlight" : [ "stranice-2", "meni" ]
              }, {
                "status" : "info",
                "place" : {
                  "filePath" : "./testovi/unos.gspec",
                  "lineNumber" : 35
                },
                "name" : "height 10 to 20 px",
                "meta" : [ {
                  "from" : {
                    "object" : "stranice-2",
                    "edge" : "top"
                  },
                  "to" : {
                    "object" : "stranice-2",
                    "edge" : "bottom"
                  },
                  "expectedDistance" : "10 to 20px",
                  "realDistance" : "17px"
                } ],
                "highlight" : [ "stranice-2" ]
              }, {
                "status" : "info",
                "place" : {
                  "filePath" : "./testovi/unos.gspec",
                  "lineNumber" : 36
                },
                "name" : "width 40 to 220 px",
                "meta" : [ {
                  "from" : {
                    "object" : "stranice-2",
                    "edge" : "left"
                  },
                  "to" : {
                    "object" : "stranice-2",
                    "edge" : "right"
                  },
                  "expectedDistance" : "40 to 220px",
                  "realDistance" : "61px"
                } ],
                "highlight" : [ "stranice-2" ]
              }, {
                "status" : "info",
                "place" : {
                  "filePath" : "./testovi/unos.gspec",
                  "lineNumber" : 44
                },
                "name" : "near stranice-1 ~ 5px right",
                "meta" : [ {
                  "from" : {
                    "object" : "stranice-2",
                    "edge" : "left"
                  },
                  "to" : {
                    "object" : "stranice-1",
                    "edge" : "right"
                  },
                  "expectedDistance" : "3 to 7px",
                  "realDistance" : "5px"
                } ],
                "highlight" : [ "stranice-2", "stranice-1" ]
              }, {
                "status" : "info",
                "place" : {
                  "filePath" : "./testovi/unos.gspec",
                  "lineNumber" : 45
                },
                "name" : "near stranice-3 ~ 5px left",
                "meta" : [ {
                  "from" : {
                    "object" : "stranice-2",
                    "edge" : "right"
                  },
                  "to" : {
                    "object" : "stranice-3",
                    "edge" : "left"
                  },
                  "expectedDistance" : "3 to 7px",
                  "realDistance" : "4px"
                } ],
                "highlight" : [ "stranice-2", "stranice-3" ]
              } ]
            }, {
              "name" : "stranice-3",
              "specs" : [ {
                "status" : "info",
                "place" : {
                  "filePath" : "./testovi/unos.gspec",
                  "lineNumber" : 33
                },
                "name" : "aligned horizontally all stranice-2",
                "highlight" : [ "stranice-3", "stranice-2" ]
              }, {
                "status" : "info",
                "place" : {
                  "filePath" : "./testovi/unos.gspec",
                  "lineNumber" : 34
                },
                "name" : "inside meni ~ 10px bottom, ~ 100 px top, > 10% of meni/width left right",
                "meta" : [ {
                  "from" : {
                    "object" : "stranice-3",
                    "edge" : "bottom"
                  },
                  "to" : {
                    "object" : "meni",
                    "edge" : "bottom"
                  },
                  "expectedDistance" : "8 to 12px",
                  "realDistance" : "12px"
                }, {
                  "from" : {
                    "object" : "stranice-3",
                    "edge" : "top"
                  },
                  "to" : {
                    "object" : "meni",
                    "edge" : "top"
                  },
                  "expectedDistance" : "98 to 102px",
                  "realDistance" : "101px"
                }, {
                  "from" : {
                    "object" : "stranice-3",
                    "edge" : "left"
                  },
                  "to" : {
                    "object" : "meni",
                    "edge" : "left"
                  },
                  "expectedDistance" : "> 10px",
                  "realDistance" : "350px"
                }, {
                  "from" : {
                    "object" : "stranice-3",
                    "edge" : "right"
                  },
                  "to" : {
                    "object" : "meni",
                    "edge" : "right"
                  },
                  "expectedDistance" : "> 10px",
                  "realDistance" : "392px"
                } ],
                "highlight" : [ "stranice-3", "meni" ]
              }, {
                "status" : "info",
                "place" : {
                  "filePath" : "./testovi/unos.gspec",
                  "lineNumber" : 35
                },
                "name" : "height 10 to 20 px",
                "meta" : [ {
                  "from" : {
                    "object" : "stranice-3",
                    "edge" : "top"
                  },
                  "to" : {
                    "object" : "stranice-3",
                    "edge" : "bottom"
                  },
                  "expectedDistance" : "10 to 20px",
                  "realDistance" : "17px"
                } ],
                "highlight" : [ "stranice-3" ]
              }, {
                "status" : "info",
                "place" : {
                  "filePath" : "./testovi/unos.gspec",
                  "lineNumber" : 36
                },
                "name" : "width 40 to 220 px",
                "meta" : [ {
                  "from" : {
                    "object" : "stranice-3",
                    "edge" : "left"
                  },
                  "to" : {
                    "object" : "stranice-3",
                    "edge" : "right"
                  },
                  "expectedDistance" : "40 to 220px",
                  "realDistance" : "67px"
                } ],
                "highlight" : [ "stranice-3" ]
              }, {
                "status" : "info",
                "place" : {
                  "filePath" : "./testovi/unos.gspec",
                  "lineNumber" : 48
                },
                "name" : "near stranice-2 ~ 5px right",
                "meta" : [ {
                  "from" : {
                    "object" : "stranice-3",
                    "edge" : "left"
                  },
                  "to" : {
                    "object" : "stranice-2",
                    "edge" : "right"
                  },
                  "expectedDistance" : "3 to 7px",
                  "realDistance" : "4px"
                } ],
                "highlight" : [ "stranice-3", "stranice-2" ]
              }, {
                "status" : "info",
                "place" : {
                  "filePath" : "./testovi/unos.gspec",
                  "lineNumber" : 49
                },
                "name" : "near stranice-4 ~ 5px left",
                "meta" : [ {
                  "from" : {
                    "object" : "stranice-3",
                    "edge" : "right"
                  },
                  "to" : {
                    "object" : "stranice-4",
                    "edge" : "left"
                  },
                  "expectedDistance" : "3 to 7px",
                  "realDistance" : "5px"
                } ],
                "highlight" : [ "stranice-3", "stranice-4" ]
              } ]
            }, {
              "name" : "stranice-4",
              "specs" : [ {
                "status" : "info",
                "place" : {
                  "filePath" : "./testovi/unos.gspec",
                  "lineNumber" : 33
                },
                "name" : "aligned horizontally all stranice-2",
                "highlight" : [ "stranice-4", "stranice-2" ]
              }, {
                "status" : "info",
                "place" : {
                  "filePath" : "./testovi/unos.gspec",
                  "lineNumber" : 34
                },
                "name" : "inside meni ~ 10px bottom, ~ 100 px top, > 10% of meni/width left right",
                "meta" : [ {
                  "from" : {
                    "object" : "stranice-4",
                    "edge" : "bottom"
                  },
                  "to" : {
                    "object" : "meni",
                    "edge" : "bottom"
                  },
                  "expectedDistance" : "8 to 12px",
                  "realDistance" : "12px"
                }, {
                  "from" : {
                    "object" : "stranice-4",
                    "edge" : "top"
                  },
                  "to" : {
                    "object" : "meni",
                    "edge" : "top"
                  },
                  "expectedDistance" : "98 to 102px",
                  "realDistance" : "101px"
                }, {
                  "from" : {
                    "object" : "stranice-4",
                    "edge" : "left"
                  },
                  "to" : {
                    "object" : "meni",
                    "edge" : "left"
                  },
                  "expectedDistance" : "> 10px",
                  "realDistance" : "422px"
                }, {
                  "from" : {
                    "object" : "stranice-4",
                    "edge" : "right"
                  },
                  "to" : {
                    "object" : "meni",
                    "edge" : "right"
                  },
                  "expectedDistance" : "> 10px",
                  "realDistance" : "275px"
                } ],
                "highlight" : [ "stranice-4", "meni" ]
              }, {
                "status" : "info",
                "place" : {
                  "filePath" : "./testovi/unos.gspec",
                  "lineNumber" : 35
                },
                "name" : "height 10 to 20 px",
                "meta" : [ {
                  "from" : {
                    "object" : "stranice-4",
                    "edge" : "top"
                  },
                  "to" : {
                    "object" : "stranice-4",
                    "edge" : "bottom"
                  },
                  "expectedDistance" : "10 to 20px",
                  "realDistance" : "17px"
                } ],
                "highlight" : [ "stranice-4" ]
              }, {
                "status" : "info",
                "place" : {
                  "filePath" : "./testovi/unos.gspec",
                  "lineNumber" : 36
                },
                "name" : "width 40 to 220 px",
                "meta" : [ {
                  "from" : {
                    "object" : "stranice-4",
                    "edge" : "left"
                  },
                  "to" : {
                    "object" : "stranice-4",
                    "edge" : "right"
                  },
                  "expectedDistance" : "40 to 220px",
                  "realDistance" : "112px"
                } ],
                "highlight" : [ "stranice-4" ]
              }, {
                "status" : "info",
                "place" : {
                  "filePath" : "./testovi/unos.gspec",
                  "lineNumber" : 52
                },
                "name" : "near stranice-3 ~ 5px right",
                "meta" : [ {
                  "from" : {
                    "object" : "stranice-4",
                    "edge" : "left"
                  },
                  "to" : {
                    "object" : "stranice-3",
                    "edge" : "right"
                  },
                  "expectedDistance" : "3 to 7px",
                  "realDistance" : "5px"
                } ],
                "highlight" : [ "stranice-4", "stranice-3" ]
              }, {
                "status" : "info",
                "place" : {
                  "filePath" : "./testovi/unos.gspec",
                  "lineNumber" : 53
                },
                "name" : "near stranice-5 ~ 5px left",
                "meta" : [ {
                  "from" : {
                    "object" : "stranice-4",
                    "edge" : "right"
                  },
                  "to" : {
                    "object" : "stranice-5",
                    "edge" : "left"
                  },
                  "expectedDistance" : "3 to 7px",
                  "realDistance" : "4px"
                } ],
                "highlight" : [ "stranice-4", "stranice-5" ]
              } ]
            }, {
              "name" : "stranice-5",
              "specs" : [ {
                "status" : "info",
                "place" : {
                  "filePath" : "./testovi/unos.gspec",
                  "lineNumber" : 33
                },
                "name" : "aligned horizontally all stranice-2",
                "highlight" : [ "stranice-5", "stranice-2" ]
              }, {
                "status" : "info",
                "place" : {
                  "filePath" : "./testovi/unos.gspec",
                  "lineNumber" : 34
                },
                "name" : "inside meni ~ 10px bottom, ~ 100 px top, > 10% of meni/width left right",
                "meta" : [ {
                  "from" : {
                    "object" : "stranice-5",
                    "edge" : "bottom"
                  },
                  "to" : {
                    "object" : "meni",
                    "edge" : "bottom"
                  },
                  "expectedDistance" : "8 to 12px",
                  "realDistance" : "12px"
                }, {
                  "from" : {
                    "object" : "stranice-5",
                    "edge" : "top"
                  },
                  "to" : {
                    "object" : "meni",
                    "edge" : "top"
                  },
                  "expectedDistance" : "98 to 102px",
                  "realDistance" : "101px"
                }, {
                  "from" : {
                    "object" : "stranice-5",
                    "edge" : "left"
                  },
                  "to" : {
                    "object" : "meni",
                    "edge" : "left"
                  },
                  "expectedDistance" : "> 10px",
                  "realDistance" : "538px"
                }, {
                  "from" : {
                    "object" : "stranice-5",
                    "edge" : "right"
                  },
                  "to" : {
                    "object" : "meni",
                    "edge" : "right"
                  },
                  "expectedDistance" : "> 10px",
                  "realDistance" : "196px"
                } ],
                "highlight" : [ "stranice-5", "meni" ]
              }, {
                "status" : "info",
                "place" : {
                  "filePath" : "./testovi/unos.gspec",
                  "lineNumber" : 35
                },
                "name" : "height 10 to 20 px",
                "meta" : [ {
                  "from" : {
                    "object" : "stranice-5",
                    "edge" : "top"
                  },
                  "to" : {
                    "object" : "stranice-5",
                    "edge" : "bottom"
                  },
                  "expectedDistance" : "10 to 20px",
                  "realDistance" : "17px"
                } ],
                "highlight" : [ "stranice-5" ]
              }, {
                "status" : "info",
                "place" : {
                  "filePath" : "./testovi/unos.gspec",
                  "lineNumber" : 36
                },
                "name" : "width 40 to 220 px",
                "meta" : [ {
                  "from" : {
                    "object" : "stranice-5",
                    "edge" : "left"
                  },
                  "to" : {
                    "object" : "stranice-5",
                    "edge" : "right"
                  },
                  "expectedDistance" : "40 to 220px",
                  "realDistance" : "75px"
                } ],
                "highlight" : [ "stranice-5" ]
              }, {
                "status" : "info",
                "place" : {
                  "filePath" : "./testovi/unos.gspec",
                  "lineNumber" : 56
                },
                "name" : "inside meni 20 to 30% of meni/width right, > 60 % of meni/width left",
                "meta" : [ {
                  "from" : {
                    "object" : "stranice-5",
                    "edge" : "right"
                  },
                  "to" : {
                    "object" : "meni",
                    "edge" : "right"
                  },
                  "expectedDistance" : "20 to 30px",
                  "realDistance" : "196px"
                }, {
                  "from" : {
                    "object" : "stranice-5",
                    "edge" : "left"
                  },
                  "to" : {
                    "object" : "meni",
                    "edge" : "left"
                  },
                  "expectedDistance" : "> 60px",
                  "realDistance" : "538px"
                } ],
                "highlight" : [ "stranice-5", "meni" ]
              }, {
                "status" : "info",
                "place" : {
                  "filePath" : "./testovi/unos.gspec",
                  "lineNumber" : 57
                },
                "name" : "near stranice-4 ~ 5px right",
                "meta" : [ {
                  "from" : {
                    "object" : "stranice-5",
                    "edge" : "left"
                  },
                  "to" : {
                    "object" : "stranice-4",
                    "edge" : "right"
                  },
                  "expectedDistance" : "3 to 7px",
                  "realDistance" : "4px"
                } ],
                "highlight" : [ "stranice-5", "stranice-4" ]
              }, {
                "status" : "info",
                "place" : {
                  "filePath" : "./testovi/unos.gspec",
                  "lineNumber" : 58
                },
                "name" : "near stranice-4 ~ -190px left",
                "meta" : [ {
                  "from" : {
                    "object" : "stranice-5",
                    "edge" : "right"
                  },
                  "to" : {
                    "object" : "stranice-4",
                    "edge" : "left"
                  },
                  "expectedDistance" : "-192 to -188px",
                  "realDistance" : "-191px"
                } ],
                "highlight" : [ "stranice-5", "stranice-4" ]
              } ]
            }, {
              "name" : "global",
              "specs" : [ {
                "status" : "info",
                "place" : {
                  "filePath" : "./testovi/unos.gspec",
                  "lineNumber" : 60
                },
                "name" : "count any stranice-* is 5",
                "highlight" : [ "stranice-5", "stranice-4", "stranice-1", "stranice-3", "stranice-2" ]
              } ]
            } ]
          }, {
            "name" : "forma",
            "place" : {
              "filePath" : "./testovi/unos.gspec",
              "lineNumber" : 62
            },
            "objects" : [ {
              "name" : "forma",
              "specs" : [ {
                "status" : "info",
                "place" : {
                  "filePath" : "./testovi/unos.gspec",
                  "lineNumber" : 64
                },
                "name" : "inside sadrzaj ~ 32 px top bottom",
                "meta" : [ {
                  "from" : {
                    "object" : "forma",
                    "edge" : "top"
                  },
                  "to" : {
                    "object" : "sadrzaj",
                    "edge" : "top"
                  },
                  "expectedDistance" : "30 to 34px",
                  "realDistance" : "32px"
                }, {
                  "from" : {
                    "object" : "forma",
                    "edge" : "bottom"
                  },
                  "to" : {
                    "object" : "sadrzaj",
                    "edge" : "bottom"
                  },
                  "expectedDistance" : "30 to 34px",
                  "realDistance" : "32px"
                } ],
                "highlight" : [ "forma", "sadrzaj" ]
              } ]
            } ]
          }, {
            "name" : "label-*",
            "place" : {
              "filePath" : "./testovi/unos.gspec",
              "lineNumber" : 66
            },
            "objects" : [ {
              "name" : "label-1",
              "specs" : [ {
                "status" : "info",
                "place" : {
                  "filePath" : "./testovi/unos.gspec",
                  "lineNumber" : 68
                },
                "name" : "width 150px",
                "meta" : [ {
                  "from" : {
                    "object" : "label-1",
                    "edge" : "left"
                  },
                  "to" : {
                    "object" : "label-1",
                    "edge" : "right"
                  },
                  "expectedDistance" : "150px",
                  "realDistance" : "150px"
                } ],
                "highlight" : [ "label-1" ]
              }, {
                "status" : "info",
                "place" : {
                  "filePath" : "./testovi/unos.gspec",
                  "lineNumber" : 69
                },
                "name" : "inside forma 0 px left, > 30 % of forma/width right",
                "meta" : [ {
                  "from" : {
                    "object" : "label-1",
                    "edge" : "left"
                  },
                  "to" : {
                    "object" : "forma",
                    "edge" : "left"
                  },
                  "expectedDistance" : "0px",
                  "realDistance" : "0px"
                }, {
                  "from" : {
                    "object" : "label-1",
                    "edge" : "right"
                  },
                  "to" : {
                    "object" : "forma",
                    "edge" : "right"
                  },
                  "expectedDistance" : "> 30px",
                  "realDistance" : "659px"
                } ],
                "highlight" : [ "label-1", "forma" ]
              }, {
                "status" : "info",
                "place" : {
                  "filePath" : "./testovi/unos.gspec",
                  "lineNumber" : 70
                },
                "name" : "aligned vertically all label-2",
                "highlight" : [ "label-1", "label-2" ]
              }, {
                "status" : "info",
                "place" : {
                  "filePath" : "./testovi/unos.gspec",
                  "lineNumber" : 73
                },
                "name" : "inside forma ~ 0 px top",
                "meta" : [ {
                  "from" : {
                    "object" : "label-1",
                    "edge" : "top"
                  },
                  "to" : {
                    "object" : "forma",
                    "edge" : "top"
                  },
                  "expectedDistance" : "-2 to 2px",
                  "realDistance" : "0px"
                } ],
                "highlight" : [ "label-1", "forma" ]
              }, {
                "status" : "info",
                "place" : {
                  "filePath" : "./testovi/unos.gspec",
                  "lineNumber" : 74
                },
                "name" : "above label-2 ~ 25 px",
                "meta" : [ {
                  "from" : {
                    "object" : "label-1",
                    "edge" : "bottom"
                  },
                  "to" : {
                    "object" : "label-2",
                    "edge" : "top"
                  },
                  "expectedDistance" : "23 to 27px",
                  "realDistance" : "23px"
                } ],
                "highlight" : [ "label-1", "label-2" ]
              } ]
            }, {
              "name" : "label-2",
              "specs" : [ {
                "status" : "info",
                "place" : {
                  "filePath" : "./testovi/unos.gspec",
                  "lineNumber" : 68
                },
                "name" : "width 150px",
                "meta" : [ {
                  "from" : {
                    "object" : "label-2",
                    "edge" : "left"
                  },
                  "to" : {
                    "object" : "label-2",
                    "edge" : "right"
                  },
                  "expectedDistance" : "150px",
                  "realDistance" : "150px"
                } ],
                "highlight" : [ "label-2" ]
              }, {
                "status" : "info",
                "place" : {
                  "filePath" : "./testovi/unos.gspec",
                  "lineNumber" : 69
                },
                "name" : "inside forma 0 px left, > 30 % of forma/width right",
                "meta" : [ {
                  "from" : {
                    "object" : "label-2",
                    "edge" : "left"
                  },
                  "to" : {
                    "object" : "forma",
                    "edge" : "left"
                  },
                  "expectedDistance" : "0px",
                  "realDistance" : "0px"
                }, {
                  "from" : {
                    "object" : "label-2",
                    "edge" : "right"
                  },
                  "to" : {
                    "object" : "forma",
                    "edge" : "right"
                  },
                  "expectedDistance" : "> 30px",
                  "realDistance" : "659px"
                } ],
                "highlight" : [ "label-2", "forma" ]
              }, {
                "status" : "info",
                "place" : {
                  "filePath" : "./testovi/unos.gspec",
                  "lineNumber" : 70
                },
                "name" : "aligned vertically all label-2",
                "highlight" : [ "label-2", "label-2" ]
              }, {
                "status" : "info",
                "place" : {
                  "filePath" : "./testovi/unos.gspec",
                  "lineNumber" : 76
                },
                "name" : "below label-1 ~ 25 px",
                "meta" : [ {
                  "from" : {
                    "object" : "label-2",
                    "edge" : "top"
                  },
                  "to" : {
                    "object" : "label-1",
                    "edge" : "bottom"
                  },
                  "expectedDistance" : "23 to 27px",
                  "realDistance" : "23px"
                } ],
                "highlight" : [ "label-2", "label-1" ]
              }, {
                "status" : "info",
                "place" : {
                  "filePath" : "./testovi/unos.gspec",
                  "lineNumber" : 77
                },
                "name" : "above label-3 ~ 25 px",
                "meta" : [ {
                  "from" : {
                    "object" : "label-2",
                    "edge" : "bottom"
                  },
                  "to" : {
                    "object" : "label-3",
                    "edge" : "top"
                  },
                  "expectedDistance" : "23 to 27px",
                  "realDistance" : "23px"
                } ],
                "highlight" : [ "label-2", "label-3" ]
              } ]
            }, {
              "name" : "label-3",
              "specs" : [ {
                "status" : "info",
                "place" : {
                  "filePath" : "./testovi/unos.gspec",
                  "lineNumber" : 68
                },
                "name" : "width 150px",
                "meta" : [ {
                  "from" : {
                    "object" : "label-3",
                    "edge" : "left"
                  },
                  "to" : {
                    "object" : "label-3",
                    "edge" : "right"
                  },
                  "expectedDistance" : "150px",
                  "realDistance" : "150px"
                } ],
                "highlight" : [ "label-3" ]
              }, {
                "status" : "info",
                "place" : {
                  "filePath" : "./testovi/unos.gspec",
                  "lineNumber" : 69
                },
                "name" : "inside forma 0 px left, > 30 % of forma/width right",
                "meta" : [ {
                  "from" : {
                    "object" : "label-3",
                    "edge" : "left"
                  },
                  "to" : {
                    "object" : "forma",
                    "edge" : "left"
                  },
                  "expectedDistance" : "0px",
                  "realDistance" : "0px"
                }, {
                  "from" : {
                    "object" : "label-3",
                    "edge" : "right"
                  },
                  "to" : {
                    "object" : "forma",
                    "edge" : "right"
                  },
                  "expectedDistance" : "> 30px",
                  "realDistance" : "659px"
                } ],
                "highlight" : [ "label-3", "forma" ]
              }, {
                "status" : "info",
                "place" : {
                  "filePath" : "./testovi/unos.gspec",
                  "lineNumber" : 70
                },
                "name" : "aligned vertically all label-2",
                "highlight" : [ "label-3", "label-2" ]
              }, {
                "status" : "info",
                "place" : {
                  "filePath" : "./testovi/unos.gspec",
                  "lineNumber" : 79
                },
                "name" : "below label-2 ~ 25 px",
                "meta" : [ {
                  "from" : {
                    "object" : "label-3",
                    "edge" : "top"
                  },
                  "to" : {
                    "object" : "label-2",
                    "edge" : "bottom"
                  },
                  "expectedDistance" : "23 to 27px",
                  "realDistance" : "23px"
                } ],
                "highlight" : [ "label-3", "label-2" ]
              }, {
                "status" : "info",
                "place" : {
                  "filePath" : "./testovi/unos.gspec",
                  "lineNumber" : 80
                },
                "name" : "above label-4 ~ 25 px",
                "meta" : [ {
                  "from" : {
                    "object" : "label-3",
                    "edge" : "bottom"
                  },
                  "to" : {
                    "object" : "label-4",
                    "edge" : "top"
                  },
                  "expectedDistance" : "23 to 27px",
                  "realDistance" : "23px"
                } ],
                "highlight" : [ "label-3", "label-4" ]
              } ]
            }, {
              "name" : "label-4",
              "specs" : [ {
                "status" : "info",
                "place" : {
                  "filePath" : "./testovi/unos.gspec",
                  "lineNumber" : 68
                },
                "name" : "width 150px",
                "meta" : [ {
                  "from" : {
                    "object" : "label-4",
                    "edge" : "left"
                  },
                  "to" : {
                    "object" : "label-4",
                    "edge" : "right"
                  },
                  "expectedDistance" : "150px",
                  "realDistance" : "150px"
                } ],
                "highlight" : [ "label-4" ]
              }, {
                "status" : "info",
                "place" : {
                  "filePath" : "./testovi/unos.gspec",
                  "lineNumber" : 69
                },
                "name" : "inside forma 0 px left, > 30 % of forma/width right",
                "meta" : [ {
                  "from" : {
                    "object" : "label-4",
                    "edge" : "left"
                  },
                  "to" : {
                    "object" : "forma",
                    "edge" : "left"
                  },
                  "expectedDistance" : "0px",
                  "realDistance" : "0px"
                }, {
                  "from" : {
                    "object" : "label-4",
                    "edge" : "right"
                  },
                  "to" : {
                    "object" : "forma",
                    "edge" : "right"
                  },
                  "expectedDistance" : "> 30px",
                  "realDistance" : "659px"
                } ],
                "highlight" : [ "label-4", "forma" ]
              }, {
                "status" : "info",
                "place" : {
                  "filePath" : "./testovi/unos.gspec",
                  "lineNumber" : 70
                },
                "name" : "aligned vertically all label-2",
                "highlight" : [ "label-4", "label-2" ]
              }, {
                "status" : "info",
                "place" : {
                  "filePath" : "./testovi/unos.gspec",
                  "lineNumber" : 82
                },
                "name" : "below label-3 ~ 25 px",
                "meta" : [ {
                  "from" : {
                    "object" : "label-4",
                    "edge" : "top"
                  },
                  "to" : {
                    "object" : "label-3",
                    "edge" : "bottom"
                  },
                  "expectedDistance" : "23 to 27px",
                  "realDistance" : "23px"
                } ],
                "highlight" : [ "label-4", "label-3" ]
              }, {
                "status" : "info",
                "place" : {
                  "filePath" : "./testovi/unos.gspec",
                  "lineNumber" : 83
                },
                "name" : "inside forma ~ 66 px bottom",
                "meta" : [ {
                  "from" : {
                    "object" : "label-4",
                    "edge" : "bottom"
                  },
                  "to" : {
                    "object" : "forma",
                    "edge" : "bottom"
                  },
                  "expectedDistance" : "64 to 68px",
                  "realDistance" : "65px"
                } ],
                "highlight" : [ "label-4", "forma" ]
              } ]
            }, {
              "name" : "global",
              "specs" : [ {
                "status" : "info",
                "place" : {
                  "filePath" : "./testovi/unos.gspec",
                  "lineNumber" : 85
                },
                "name" : "count any label-* is 4",
                "highlight" : [ "label-4", "label-3", "label-2", "label-1" ]
              } ]
            } ]
          }, {
            "name" : "inputi-*",
            "place" : {
              "filePath" : "./testovi/unos.gspec",
              "lineNumber" : 87
            },
            "objects" : [ {
              "name" : "inputi-1",
              "specs" : [ {
                "status" : "info",
                "place" : {
                  "filePath" : "./testovi/unos.gspec",
                  "lineNumber" : 89
                },
                "name" : "inside forma",
                "meta" : [ ],
                "highlight" : [ "inputi-1", "forma" ]
              }, {
                "status" : "info",
                "place" : {
                  "filePath" : "./testovi/unos.gspec",
                  "lineNumber" : 92
                },
                "name" : "inside forma ~0px top",
                "meta" : [ {
                  "from" : {
                    "object" : "inputi-1",
                    "edge" : "top"
                  },
                  "to" : {
                    "object" : "forma",
                    "edge" : "top"
                  },
                  "expectedDistance" : "-2 to 2px",
                  "realDistance" : "0px"
                } ],
                "highlight" : [ "inputi-1", "forma" ]
              }, {
                "status" : "info",
                "place" : {
                  "filePath" : "./testovi/unos.gspec",
                  "lineNumber" : 93
                },
                "name" : "above inputi-2 ~ 20 px",
                "meta" : [ {
                  "from" : {
                    "object" : "inputi-1",
                    "edge" : "bottom"
                  },
                  "to" : {
                    "object" : "inputi-2",
                    "edge" : "top"
                  },
                  "expectedDistance" : "18 to 22px",
                  "realDistance" : "20px"
                } ],
                "highlight" : [ "inputi-1", "inputi-2" ]
              }, {
                "status" : "info",
                "place" : {
                  "filePath" : "./testovi/unos.gspec",
                  "lineNumber" : 94
                },
                "name" : "inside forma ~ 40% of forma/width right,~ 40 % of forma/width left",
                "meta" : [ {
                  "from" : {
                    "object" : "inputi-1",
                    "edge" : "right"
                  },
                  "to" : {
                    "object" : "forma",
                    "edge" : "right"
                  },
                  "expectedDistance" : "38 to 42px",
                  "realDistance" : "331px"
                }, {
                  "from" : {
                    "object" : "inputi-1",
                    "edge" : "left"
                  },
                  "to" : {
                    "object" : "forma",
                    "edge" : "left"
                  },
                  "expectedDistance" : "38 to 42px",
                  "realDistance" : "331px"
                } ],
                "highlight" : [ "inputi-1", "forma" ]
              }, {
                "status" : "info",
                "place" : {
                  "filePath" : "./testovi/unos.gspec",
                  "lineNumber" : 95
                },
                "name" : "width ~ 145 px",
                "meta" : [ {
                  "from" : {
                    "object" : "inputi-1",
                    "edge" : "left"
                  },
                  "to" : {
                    "object" : "inputi-1",
                    "edge" : "right"
                  },
                  "expectedDistance" : "143 to 147px",
                  "realDistance" : "147px"
                } ],
                "highlight" : [ "inputi-1" ]
              } ]
            }, {
              "name" : "inputi-2",
              "specs" : [ {
                "status" : "info",
                "place" : {
                  "filePath" : "./testovi/unos.gspec",
                  "lineNumber" : 89
                },
                "name" : "inside forma",
                "meta" : [ ],
                "highlight" : [ "inputi-2", "forma" ]
              }, {
                "status" : "info",
                "place" : {
                  "filePath" : "./testovi/unos.gspec",
                  "lineNumber" : 98
                },
                "name" : "below inputi-1 ~ 20 px",
                "meta" : [ {
                  "from" : {
                    "object" : "inputi-2",
                    "edge" : "top"
                  },
                  "to" : {
                    "object" : "inputi-1",
                    "edge" : "bottom"
                  },
                  "expectedDistance" : "18 to 22px",
                  "realDistance" : "20px"
                } ],
                "highlight" : [ "inputi-2", "inputi-1" ]
              }, {
                "status" : "info",
                "place" : {
                  "filePath" : "./testovi/unos.gspec",
                  "lineNumber" : 99
                },
                "name" : "above inputi-3 ~ 20 px",
                "meta" : [ {
                  "from" : {
                    "object" : "inputi-2",
                    "edge" : "bottom"
                  },
                  "to" : {
                    "object" : "inputi-3",
                    "edge" : "top"
                  },
                  "expectedDistance" : "18 to 22px",
                  "realDistance" : "20px"
                } ],
                "highlight" : [ "inputi-2", "inputi-3" ]
              }, {
                "status" : "info",
                "place" : {
                  "filePath" : "./testovi/unos.gspec",
                  "lineNumber" : 100
                },
                "name" : "near label-2 20 to 30 % of forma/width right",
                "meta" : [ {
                  "from" : {
                    "object" : "inputi-2",
                    "edge" : "left"
                  },
                  "to" : {
                    "object" : "label-2",
                    "edge" : "right"
                  },
                  "expectedDistance" : "20 to 30px",
                  "realDistance" : "185px"
                } ],
                "highlight" : [ "inputi-2", "label-2" ]
              }, {
                "status" : "info",
                "place" : {
                  "filePath" : "./testovi/unos.gspec",
                  "lineNumber" : 101
                },
                "name" : "inside forma ~ 42% of forma/width right,~ 42 % of forma/width left",
                "meta" : [ {
                  "from" : {
                    "object" : "inputi-2",
                    "edge" : "right"
                  },
                  "to" : {
                    "object" : "forma",
                    "edge" : "right"
                  },
                  "expectedDistance" : "40 to 44px",
                  "realDistance" : "334px"
                }, {
                  "from" : {
                    "object" : "inputi-2",
                    "edge" : "left"
                  },
                  "to" : {
                    "object" : "forma",
                    "edge" : "left"
                  },
                  "expectedDistance" : "40 to 44px",
                  "realDistance" : "335px"
                } ],
                "highlight" : [ "inputi-2", "forma" ]
              }, {
                "status" : "info",
                "place" : {
                  "filePath" : "./testovi/unos.gspec",
                  "lineNumber" : 102
                },
                "name" : "width ~ 140 px",
                "meta" : [ {
                  "from" : {
                    "object" : "inputi-2",
                    "edge" : "left"
                  },
                  "to" : {
                    "object" : "inputi-2",
                    "edge" : "right"
                  },
                  "expectedDistance" : "138 to 142px",
                  "realDistance" : "140px"
                } ],
                "highlight" : [ "inputi-2" ]
              } ]
            }, {
              "name" : "inputi-3",
              "specs" : [ {
                "status" : "info",
                "place" : {
                  "filePath" : "./testovi/unos.gspec",
                  "lineNumber" : 89
                },
                "name" : "inside forma",
                "meta" : [ ],
                "highlight" : [ "inputi-3", "forma" ]
              }, {
                "status" : "info",
                "place" : {
                  "filePath" : "./testovi/unos.gspec",
                  "lineNumber" : 104
                },
                "name" : "below inputi-2 ~ 20 px",
                "meta" : [ {
                  "from" : {
                    "object" : "inputi-3",
                    "edge" : "top"
                  },
                  "to" : {
                    "object" : "inputi-2",
                    "edge" : "bottom"
                  },
                  "expectedDistance" : "18 to 22px",
                  "realDistance" : "20px"
                } ],
                "highlight" : [ "inputi-3", "inputi-2" ]
              }, {
                "status" : "info",
                "place" : {
                  "filePath" : "./testovi/unos.gspec",
                  "lineNumber" : 105
                },
                "name" : "above inputi-4 ~ 20 px",
                "meta" : [ {
                  "from" : {
                    "object" : "inputi-3",
                    "edge" : "bottom"
                  },
                  "to" : {
                    "object" : "inputi-4",
                    "edge" : "top"
                  },
                  "expectedDistance" : "18 to 22px",
                  "realDistance" : "20px"
                } ],
                "highlight" : [ "inputi-3", "inputi-4" ]
              }, {
                "status" : "info",
                "place" : {
                  "filePath" : "./testovi/unos.gspec",
                  "lineNumber" : 106
                },
                "name" : "near label-3 20 to 30 % of forma/width right",
                "meta" : [ {
                  "from" : {
                    "object" : "inputi-3",
                    "edge" : "left"
                  },
                  "to" : {
                    "object" : "label-3",
                    "edge" : "right"
                  },
                  "expectedDistance" : "20 to 30px",
                  "realDistance" : "181px"
                } ],
                "highlight" : [ "inputi-3", "label-3" ]
              }, {
                "status" : "info",
                "place" : {
                  "filePath" : "./testovi/unos.gspec",
                  "lineNumber" : 107
                },
                "name" : "inside forma ~ 40% of forma/width right,~ 40 % of forma/width left",
                "meta" : [ {
                  "from" : {
                    "object" : "inputi-3",
                    "edge" : "right"
                  },
                  "to" : {
                    "object" : "forma",
                    "edge" : "right"
                  },
                  "expectedDistance" : "38 to 42px",
                  "realDistance" : "331px"
                }, {
                  "from" : {
                    "object" : "inputi-3",
                    "edge" : "left"
                  },
                  "to" : {
                    "object" : "forma",
                    "edge" : "left"
                  },
                  "expectedDistance" : "38 to 42px",
                  "realDistance" : "331px"
                } ],
                "highlight" : [ "inputi-3", "forma" ]
              }, {
                "status" : "info",
                "place" : {
                  "filePath" : "./testovi/unos.gspec",
                  "lineNumber" : 108
                },
                "name" : "width ~ 145 px",
                "meta" : [ {
                  "from" : {
                    "object" : "inputi-3",
                    "edge" : "left"
                  },
                  "to" : {
                    "object" : "inputi-3",
                    "edge" : "right"
                  },
                  "expectedDistance" : "143 to 147px",
                  "realDistance" : "147px"
                } ],
                "highlight" : [ "inputi-3" ]
              } ]
            }, {
              "name" : "inputi-4",
              "specs" : [ {
                "status" : "info",
                "place" : {
                  "filePath" : "./testovi/unos.gspec",
                  "lineNumber" : 89
                },
                "name" : "inside forma",
                "meta" : [ ],
                "highlight" : [ "inputi-4", "forma" ]
              }, {
                "status" : "info",
                "place" : {
                  "filePath" : "./testovi/unos.gspec",
                  "lineNumber" : 110
                },
                "name" : "below inputi-3 ~ 20 px",
                "meta" : [ {
                  "from" : {
                    "object" : "inputi-4",
                    "edge" : "top"
                  },
                  "to" : {
                    "object" : "inputi-3",
                    "edge" : "bottom"
                  },
                  "expectedDistance" : "18 to 22px",
                  "realDistance" : "20px"
                } ],
                "highlight" : [ "inputi-4", "inputi-3" ]
              }, {
                "status" : "info",
                "place" : {
                  "filePath" : "./testovi/unos.gspec",
                  "lineNumber" : 111
                },
                "name" : "above inputi-5 ~ 20 px",
                "meta" : [ {
                  "from" : {
                    "object" : "inputi-4",
                    "edge" : "bottom"
                  },
                  "to" : {
                    "object" : "inputi-5",
                    "edge" : "top"
                  },
                  "expectedDistance" : "18 to 22px",
                  "realDistance" : "20px"
                } ],
                "highlight" : [ "inputi-4", "inputi-5" ]
              }, {
                "status" : "info",
                "place" : {
                  "filePath" : "./testovi/unos.gspec",
                  "lineNumber" : 112
                },
                "name" : "near label-4 20 to 30 % of forma/width right",
                "meta" : [ {
                  "from" : {
                    "object" : "inputi-4",
                    "edge" : "left"
                  },
                  "to" : {
                    "object" : "label-4",
                    "edge" : "right"
                  },
                  "expectedDistance" : "20 to 30px",
                  "realDistance" : "181px"
                } ],
                "highlight" : [ "inputi-4", "label-4" ]
              }, {
                "status" : "info",
                "place" : {
                  "filePath" : "./testovi/unos.gspec",
                  "lineNumber" : 113
                },
                "name" : "inside forma ~ 40% of forma/width right,~ 40 % of forma/width left",
                "meta" : [ {
                  "from" : {
                    "object" : "inputi-4",
                    "edge" : "right"
                  },
                  "to" : {
                    "object" : "forma",
                    "edge" : "right"
                  },
                  "expectedDistance" : "38 to 42px",
                  "realDistance" : "331px"
                }, {
                  "from" : {
                    "object" : "inputi-4",
                    "edge" : "left"
                  },
                  "to" : {
                    "object" : "forma",
                    "edge" : "left"
                  },
                  "expectedDistance" : "38 to 42px",
                  "realDistance" : "331px"
                } ],
                "highlight" : [ "inputi-4", "forma" ]
              }, {
                "status" : "info",
                "place" : {
                  "filePath" : "./testovi/unos.gspec",
                  "lineNumber" : 114
                },
                "name" : "width ~ 145 px",
                "meta" : [ {
                  "from" : {
                    "object" : "inputi-4",
                    "edge" : "left"
                  },
                  "to" : {
                    "object" : "inputi-4",
                    "edge" : "right"
                  },
                  "expectedDistance" : "143 to 147px",
                  "realDistance" : "147px"
                } ],
                "highlight" : [ "inputi-4" ]
              } ]
            }, {
              "name" : "inputi-5",
              "specs" : [ {
                "status" : "info",
                "place" : {
                  "filePath" : "./testovi/unos.gspec",
                  "lineNumber" : 89
                },
                "name" : "inside forma",
                "meta" : [ ],
                "highlight" : [ "inputi-5", "forma" ]
              }, {
                "status" : "info",
                "place" : {
                  "filePath" : "./testovi/unos.gspec",
                  "lineNumber" : 116
                },
                "name" : "below inputi-4 ~ 20 px",
                "meta" : [ {
                  "from" : {
                    "object" : "inputi-5",
                    "edge" : "top"
                  },
                  "to" : {
                    "object" : "inputi-4",
                    "edge" : "bottom"
                  },
                  "expectedDistance" : "18 to 22px",
                  "realDistance" : "20px"
                } ],
                "highlight" : [ "inputi-5", "inputi-4" ]
              }, {
                "status" : "info",
                "place" : {
                  "filePath" : "./testovi/unos.gspec",
                  "lineNumber" : 117
                },
                "name" : "inside forma ~ 20 px bottom",
                "meta" : [ {
                  "from" : {
                    "object" : "inputi-5",
                    "edge" : "bottom"
                  },
                  "to" : {
                    "object" : "forma",
                    "edge" : "bottom"
                  },
                  "expectedDistance" : "18 to 22px",
                  "realDistance" : "20px"
                } ],
                "highlight" : [ "inputi-5", "forma" ]
              }, {
                "status" : "info",
                "place" : {
                  "filePath" : "./testovi/unos.gspec",
                  "lineNumber" : 118
                },
                "name" : "inside forma ~ 45% of forma/width right,~ 45 % of forma/width left",
                "meta" : [ {
                  "from" : {
                    "object" : "inputi-5",
                    "edge" : "right"
                  },
                  "to" : {
                    "object" : "forma",
                    "edge" : "right"
                  },
                  "expectedDistance" : "43 to 47px",
                  "realDistance" : "362px"
                }, {
                  "from" : {
                    "object" : "inputi-5",
                    "edge" : "left"
                  },
                  "to" : {
                    "object" : "forma",
                    "edge" : "left"
                  },
                  "expectedDistance" : "43 to 47px",
                  "realDistance" : "363px"
                } ],
                "highlight" : [ "inputi-5", "forma" ]
              }, {
                "status" : "info",
                "place" : {
                  "filePath" : "./testovi/unos.gspec",
                  "lineNumber" : 119
                },
                "name" : "width ~ 85 px",
                "meta" : [ {
                  "from" : {
                    "object" : "inputi-5",
                    "edge" : "left"
                  },
                  "to" : {
                    "object" : "inputi-5",
                    "edge" : "right"
                  },
                  "expectedDistance" : "83 to 87px",
                  "realDistance" : "84px"
                } ],
                "highlight" : [ "inputi-5" ]
              } ]
            } ]
          } ],
          "objects" : {
            "meni" : {
              "area" : [ 101, 80, 809, 130 ]
            },
            "label-4" : {
              "area" : [ 101, 416, 150, 19 ]
            },
            "label-3" : {
              "area" : [ 101, 374, 150, 19 ]
            },
            "label-2" : {
              "area" : [ 101, 332, 150, 19 ]
            },
            "label-1" : {
              "area" : [ 101, 290, 150, 19 ]
            },
            "inputi-4" : {
              "area" : [ 432, 416, 147, 22 ]
            },
            "screen" : {
              "area" : [ 0, 0, 1012, 687 ]
            },
            "inputi-5" : {
              "area" : [ 464, 458, 84, 22 ]
            },
            "inputi-2" : {
              "area" : [ 436, 332, 140, 22 ]
            },
            "inputi-3" : {
              "area" : [ 432, 374, 147, 22 ]
            },
            "forma" : {
              "area" : [ 101, 290, 809, 210 ]
            },
            "inputi-1" : {
              "area" : [ 432, 290, 147, 22 ]
            },
            "sadrzaj" : {
              "area" : [ 101, 258, 809, 274 ]
            },
            "stranice-5" : {
              "area" : [ 639, 181, 75, 17 ]
            },
            "logo" : {
              "area" : [ 456, 30, 100, 100 ]
            },
            "stranice-4" : {
              "area" : [ 523, 181, 112, 17 ]
            },
            "stranice-1" : {
              "area" : [ 296, 181, 85, 17 ]
            },
            "stranice-3" : {
              "area" : [ 451, 181, 67, 17 ]
            },
            "stranice-2" : {
              "area" : [ 386, 181, 61, 17 ]
            }
          },
          "screenshot" : "layout-1-screenshot.png",
          "type" : "layout"
        } ],
        "time" : 1573588494350,
        "type" : "node"
      } ],
      "time" : 1573588484388,
      "type" : "node"
    } ]
  }
}