{
  "testId" : "1-.-testovi-rezervacija.gspec",
  "name" : "./testovi/rezervacija.gspec",
  "report" : {
    "nodes" : [ {
      "name" : "Simple check",
      "status" : "info",
      "nodes" : [ {
        "name" : "check  ./testovi/rezervacija.gspec --url file:///D:/nginx-1.15.5/html/Adem/rezervacija.html --size 1024x768 --htmlreport ./izvjestaji/rezervacija_izvjestaj",
        "status" : "info",
        "nodes" : [ {
          "name" : "Check layout: ./testovi/rezervacija.gspec included tags: ",
          "status" : "info",
          "time" : 1573593784451,
          "sections" : [ {
            "name" : "Skeleton",
            "place" : {
              "filePath" : "./testovi/rezervacija.gspec",
              "lineNumber" : 18
            },
            "objects" : [ {
              "name" : "meni",
              "specs" : [ {
                "status" : "info",
                "place" : {
                  "filePath" : "./testovi/rezervacija.gspec",
                  "lineNumber" : 20
                },
                "name" : "centered horizontally inside screen",
                "highlight" : [ "meni", "screen" ]
              } ]
            }, {
              "name" : "logo",
              "specs" : [ {
                "status" : "info",
                "place" : {
                  "filePath" : "./testovi/rezervacija.gspec",
                  "lineNumber" : 20
                },
                "name" : "centered horizontally inside screen",
                "highlight" : [ "logo", "screen" ]
              } ]
            }, {
              "name" : "sadrzaj",
              "specs" : [ {
                "status" : "info",
                "place" : {
                  "filePath" : "./testovi/rezervacija.gspec",
                  "lineNumber" : 20
                },
                "name" : "centered horizontally inside screen",
                "highlight" : [ "sadrzaj", "screen" ]
              } ]
            } ]
          }, {
            "name" : "meni",
            "place" : {
              "filePath" : "./testovi/rezervacija.gspec",
              "lineNumber" : 22
            },
            "objects" : [ {
              "name" : "meni",
              "specs" : [ {
                "status" : "info",
                "place" : {
                  "filePath" : "./testovi/rezervacija.gspec",
                  "lineNumber" : 24
                },
                "name" : "width ~ 80 % of screen/width",
                "meta" : [ {
                  "from" : {
                    "object" : "meni",
                    "edge" : "left"
                  },
                  "to" : {
                    "object" : "meni",
                    "edge" : "right"
                  },
                  "expectedDistance" : "78 to 82% [776 to 815px]",
                  "realDistance" : "80% [796px]"
                } ],
                "highlight" : [ "meni" ]
              }, {
                "status" : "info",
                "place" : {
                  "filePath" : "./testovi/rezervacija.gspec",
                  "lineNumber" : 25
                },
                "name" : "below logo  -50 % of logo/height",
                "meta" : [ {
                  "from" : {
                    "object" : "meni",
                    "edge" : "top"
                  },
                  "to" : {
                    "object" : "logo",
                    "edge" : "bottom"
                  },
                  "expectedDistance" : "-50px",
                  "realDistance" : "-50px"
                } ],
                "highlight" : [ "meni", "logo" ]
              }, {
                "status" : "info",
                "place" : {
                  "filePath" : "./testovi/rezervacija.gspec",
                  "lineNumber" : 26
                },
                "name" : "centered horizontally inside screen",
                "highlight" : [ "meni", "screen" ]
              }, {
                "status" : "info",
                "place" : {
                  "filePath" : "./testovi/rezervacija.gspec",
                  "lineNumber" : 27
                },
                "name" : "contains partly logo",
                "highlight" : [ "meni", "logo" ]
              }, {
                "status" : "info",
                "place" : {
                  "filePath" : "./testovi/rezervacija.gspec",
                  "lineNumber" : 28
                },
                "name" : "height 10 to 20 % of screen/height",
                "meta" : [ {
                  "from" : {
                    "object" : "meni",
                    "edge" : "top"
                  },
                  "to" : {
                    "object" : "meni",
                    "edge" : "bottom"
                  },
                  "expectedDistance" : "10 to 20% [104 to 208px]",
                  "realDistance" : "14% [146px]"
                } ],
                "highlight" : [ "meni" ]
              }, {
                "status" : "info",
                "place" : {
                  "filePath" : "./testovi/rezervacija.gspec",
                  "lineNumber" : 29
                },
                "name" : "above sadrzaj 40 to 60 px",
                "meta" : [ {
                  "from" : {
                    "object" : "meni",
                    "edge" : "bottom"
                  },
                  "to" : {
                    "object" : "sadrzaj",
                    "edge" : "top"
                  },
                  "expectedDistance" : "40 to 60px",
                  "realDistance" : "48px"
                } ],
                "highlight" : [ "meni", "sadrzaj" ]
              }, {
                "status" : "info",
                "place" : {
                  "filePath" : "./testovi/rezervacija.gspec",
                  "lineNumber" : 30
                },
                "name" : "inside screen 60 to 85 px top",
                "meta" : [ {
                  "from" : {
                    "object" : "meni",
                    "edge" : "top"
                  },
                  "to" : {
                    "object" : "screen",
                    "edge" : "top"
                  },
                  "expectedDistance" : "60 to 85px",
                  "realDistance" : "80px"
                } ],
                "highlight" : [ "meni", "screen" ]
              } ]
            } ]
          }, {
            "name" : "logo",
            "place" : {
              "filePath" : "./testovi/rezervacija.gspec",
              "lineNumber" : 31
            },
            "objects" : [ {
              "name" : "logo",
              "specs" : [ {
                "status" : "info",
                "place" : {
                  "filePath" : "./testovi/rezervacija.gspec",
                  "lineNumber" : 33
                },
                "name" : "above meni -50% of logo/height",
                "meta" : [ {
                  "from" : {
                    "object" : "logo",
                    "edge" : "bottom"
                  },
                  "to" : {
                    "object" : "meni",
                    "edge" : "top"
                  },
                  "expectedDistance" : "-50px",
                  "realDistance" : "-50px"
                } ],
                "highlight" : [ "logo", "meni" ]
              } ],
              "specGroups" : [ {
                "name" : "should be squared",
                "specs" : [ {
                  "status" : "info",
                  "place" : {
                    "filePath" : "./testovi/rezervacija.gspec",
                    "lineNumber" : 34
                  },
                  "name" : "width 100% of logo/height",
                  "meta" : [ {
                    "from" : {
                      "object" : "logo",
                      "edge" : "left"
                    },
                    "to" : {
                      "object" : "logo",
                      "edge" : "right"
                    },
                    "expectedDistance" : "100% [100px]",
                    "realDistance" : "100% [100px]"
                  } ],
                  "highlight" : [ "logo" ]
                } ]
              } ]
            } ]
          }, {
            "name" : "stranice-*",
            "place" : {
              "filePath" : "./testovi/rezervacija.gspec",
              "lineNumber" : 36
            },
            "objects" : [ {
              "name" : "stranice-1",
              "specs" : [ {
                "status" : "info",
                "place" : {
                  "filePath" : "./testovi/rezervacija.gspec",
                  "lineNumber" : 38
                },
                "name" : "aligned horizontally all stranice-2",
                "highlight" : [ "stranice-1", "stranice-2" ]
              }, {
                "status" : "info",
                "place" : {
                  "filePath" : "./testovi/rezervacija.gspec",
                  "lineNumber" : 39
                },
                "name" : "inside meni ~ 20px bottom, ~ 110 px top, > 10% of meni/width left right",
                "meta" : [ {
                  "from" : {
                    "object" : "stranice-1",
                    "edge" : "bottom"
                  },
                  "to" : {
                    "object" : "meni",
                    "edge" : "bottom"
                  },
                  "expectedDistance" : "18 to 22px",
                  "realDistance" : "20px"
                }, {
                  "from" : {
                    "object" : "stranice-1",
                    "edge" : "top"
                  },
                  "to" : {
                    "object" : "meni",
                    "edge" : "top"
                  },
                  "expectedDistance" : "108 to 112px",
                  "realDistance" : "109px"
                }, {
                  "from" : {
                    "object" : "stranice-1",
                    "edge" : "left"
                  },
                  "to" : {
                    "object" : "meni",
                    "edge" : "left"
                  },
                  "expectedDistance" : "> 10px",
                  "realDistance" : "189px"
                }, {
                  "from" : {
                    "object" : "stranice-1",
                    "edge" : "right"
                  },
                  "to" : {
                    "object" : "meni",
                    "edge" : "right"
                  },
                  "expectedDistance" : "> 10px",
                  "realDistance" : "522px"
                } ],
                "highlight" : [ "stranice-1", "meni" ]
              }, {
                "status" : "info",
                "place" : {
                  "filePath" : "./testovi/rezervacija.gspec",
                  "lineNumber" : 40
                },
                "name" : "height 10 to 20 px",
                "meta" : [ {
                  "from" : {
                    "object" : "stranice-1",
                    "edge" : "top"
                  },
                  "to" : {
                    "object" : "stranice-1",
                    "edge" : "bottom"
                  },
                  "expectedDistance" : "10 to 20px",
                  "realDistance" : "17px"
                } ],
                "highlight" : [ "stranice-1" ]
              }, {
                "status" : "info",
                "place" : {
                  "filePath" : "./testovi/rezervacija.gspec",
                  "lineNumber" : 41
                },
                "name" : "width 40 to 220 px",
                "meta" : [ {
                  "from" : {
                    "object" : "stranice-1",
                    "edge" : "left"
                  },
                  "to" : {
                    "object" : "stranice-1",
                    "edge" : "right"
                  },
                  "expectedDistance" : "40 to 220px",
                  "realDistance" : "85px"
                } ],
                "highlight" : [ "stranice-1" ]
              }, {
                "status" : "info",
                "place" : {
                  "filePath" : "./testovi/rezervacija.gspec",
                  "lineNumber" : 44
                },
                "name" : "inside meni  20 to 30% of meni/width left, > 60 % of meni/width right",
                "meta" : [ {
                  "from" : {
                    "object" : "stranice-1",
                    "edge" : "left"
                  },
                  "to" : {
                    "object" : "meni",
                    "edge" : "left"
                  },
                  "expectedDistance" : "20 to 30px",
                  "realDistance" : "189px"
                }, {
                  "from" : {
                    "object" : "stranice-1",
                    "edge" : "right"
                  },
                  "to" : {
                    "object" : "meni",
                    "edge" : "right"
                  },
                  "expectedDistance" : "> 60px",
                  "realDistance" : "522px"
                } ],
                "highlight" : [ "stranice-1", "meni" ]
              }, {
                "status" : "info",
                "place" : {
                  "filePath" : "./testovi/rezervacija.gspec",
                  "lineNumber" : 45
                },
                "name" : "near stranice-2 ~ 5px left",
                "meta" : [ {
                  "from" : {
                    "object" : "stranice-1",
                    "edge" : "right"
                  },
                  "to" : {
                    "object" : "stranice-2",
                    "edge" : "left"
                  },
                  "expectedDistance" : "3 to 7px",
                  "realDistance" : "4px"
                } ],
                "highlight" : [ "stranice-1", "stranice-2" ]
              }, {
                "status" : "info",
                "place" : {
                  "filePath" : "./testovi/rezervacija.gspec",
                  "lineNumber" : 46
                },
                "name" : "near stranice-2 ~ -150px right",
                "meta" : [ {
                  "from" : {
                    "object" : "stranice-1",
                    "edge" : "left"
                  },
                  "to" : {
                    "object" : "stranice-2",
                    "edge" : "right"
                  },
                  "expectedDistance" : "-152 to -148px",
                  "realDistance" : "-150px"
                } ],
                "highlight" : [ "stranice-1", "stranice-2" ]
              } ]
            }, {
              "name" : "stranice-2",
              "specs" : [ {
                "status" : "info",
                "place" : {
                  "filePath" : "./testovi/rezervacija.gspec",
                  "lineNumber" : 38
                },
                "name" : "aligned horizontally all stranice-2",
                "highlight" : [ "stranice-2", "stranice-2" ]
              }, {
                "status" : "info",
                "place" : {
                  "filePath" : "./testovi/rezervacija.gspec",
                  "lineNumber" : 39
                },
                "name" : "inside meni ~ 20px bottom, ~ 110 px top, > 10% of meni/width left right",
                "meta" : [ {
                  "from" : {
                    "object" : "stranice-2",
                    "edge" : "bottom"
                  },
                  "to" : {
                    "object" : "meni",
                    "edge" : "bottom"
                  },
                  "expectedDistance" : "18 to 22px",
                  "realDistance" : "20px"
                }, {
                  "from" : {
                    "object" : "stranice-2",
                    "edge" : "top"
                  },
                  "to" : {
                    "object" : "meni",
                    "edge" : "top"
                  },
                  "expectedDistance" : "108 to 112px",
                  "realDistance" : "109px"
                }, {
                  "from" : {
                    "object" : "stranice-2",
                    "edge" : "left"
                  },
                  "to" : {
                    "object" : "meni",
                    "edge" : "left"
                  },
                  "expectedDistance" : "> 10px",
                  "realDistance" : "278px"
                }, {
                  "from" : {
                    "object" : "stranice-2",
                    "edge" : "right"
                  },
                  "to" : {
                    "object" : "meni",
                    "edge" : "right"
                  },
                  "expectedDistance" : "> 10px",
                  "realDistance" : "457px"
                } ],
                "highlight" : [ "stranice-2", "meni" ]
              }, {
                "status" : "info",
                "place" : {
                  "filePath" : "./testovi/rezervacija.gspec",
                  "lineNumber" : 40
                },
                "name" : "height 10 to 20 px",
                "meta" : [ {
                  "from" : {
                    "object" : "stranice-2",
                    "edge" : "top"
                  },
                  "to" : {
                    "object" : "stranice-2",
                    "edge" : "bottom"
                  },
                  "expectedDistance" : "10 to 20px",
                  "realDistance" : "17px"
                } ],
                "highlight" : [ "stranice-2" ]
              }, {
                "status" : "info",
                "place" : {
                  "filePath" : "./testovi/rezervacija.gspec",
                  "lineNumber" : 41
                },
                "name" : "width 40 to 220 px",
                "meta" : [ {
                  "from" : {
                    "object" : "stranice-2",
                    "edge" : "left"
                  },
                  "to" : {
                    "object" : "stranice-2",
                    "edge" : "right"
                  },
                  "expectedDistance" : "40 to 220px",
                  "realDistance" : "61px"
                } ],
                "highlight" : [ "stranice-2" ]
              }, {
                "status" : "info",
                "place" : {
                  "filePath" : "./testovi/rezervacija.gspec",
                  "lineNumber" : 49
                },
                "name" : "near stranice-1 ~ 5px right",
                "meta" : [ {
                  "from" : {
                    "object" : "stranice-2",
                    "edge" : "left"
                  },
                  "to" : {
                    "object" : "stranice-1",
                    "edge" : "right"
                  },
                  "expectedDistance" : "3 to 7px",
                  "realDistance" : "4px"
                } ],
                "highlight" : [ "stranice-2", "stranice-1" ]
              }, {
                "status" : "info",
                "place" : {
                  "filePath" : "./testovi/rezervacija.gspec",
                  "lineNumber" : 50
                },
                "name" : "near stranice-3 ~ 5px left",
                "meta" : [ {
                  "from" : {
                    "object" : "stranice-2",
                    "edge" : "right"
                  },
                  "to" : {
                    "object" : "stranice-3",
                    "edge" : "left"
                  },
                  "expectedDistance" : "3 to 7px",
                  "realDistance" : "5px"
                } ],
                "highlight" : [ "stranice-2", "stranice-3" ]
              } ]
            }, {
              "name" : "stranice-3",
              "specs" : [ {
                "status" : "info",
                "place" : {
                  "filePath" : "./testovi/rezervacija.gspec",
                  "lineNumber" : 38
                },
                "name" : "aligned horizontally all stranice-2",
                "highlight" : [ "stranice-3", "stranice-2" ]
              }, {
                "status" : "info",
                "place" : {
                  "filePath" : "./testovi/rezervacija.gspec",
                  "lineNumber" : 39
                },
                "name" : "inside meni ~ 20px bottom, ~ 110 px top, > 10% of meni/width left right",
                "meta" : [ {
                  "from" : {
                    "object" : "stranice-3",
                    "edge" : "bottom"
                  },
                  "to" : {
                    "object" : "meni",
                    "edge" : "bottom"
                  },
                  "expectedDistance" : "18 to 22px",
                  "realDistance" : "20px"
                }, {
                  "from" : {
                    "object" : "stranice-3",
                    "edge" : "top"
                  },
                  "to" : {
                    "object" : "meni",
                    "edge" : "top"
                  },
                  "expectedDistance" : "108 to 112px",
                  "realDistance" : "109px"
                }, {
                  "from" : {
                    "object" : "stranice-3",
                    "edge" : "left"
                  },
                  "to" : {
                    "object" : "meni",
                    "edge" : "left"
                  },
                  "expectedDistance" : "> 10px",
                  "realDistance" : "344px"
                }, {
                  "from" : {
                    "object" : "stranice-3",
                    "edge" : "right"
                  },
                  "to" : {
                    "object" : "meni",
                    "edge" : "right"
                  },
                  "expectedDistance" : "> 10px",
                  "realDistance" : "385px"
                } ],
                "highlight" : [ "stranice-3", "meni" ]
              }, {
                "status" : "info",
                "place" : {
                  "filePath" : "./testovi/rezervacija.gspec",
                  "lineNumber" : 40
                },
                "name" : "height 10 to 20 px",
                "meta" : [ {
                  "from" : {
                    "object" : "stranice-3",
                    "edge" : "top"
                  },
                  "to" : {
                    "object" : "stranice-3",
                    "edge" : "bottom"
                  },
                  "expectedDistance" : "10 to 20px",
                  "realDistance" : "17px"
                } ],
                "highlight" : [ "stranice-3" ]
              }, {
                "status" : "info",
                "place" : {
                  "filePath" : "./testovi/rezervacija.gspec",
                  "lineNumber" : 41
                },
                "name" : "width 40 to 220 px",
                "meta" : [ {
                  "from" : {
                    "object" : "stranice-3",
                    "edge" : "left"
                  },
                  "to" : {
                    "object" : "stranice-3",
                    "edge" : "right"
                  },
                  "expectedDistance" : "40 to 220px",
                  "realDistance" : "67px"
                } ],
                "highlight" : [ "stranice-3" ]
              }, {
                "status" : "info",
                "place" : {
                  "filePath" : "./testovi/rezervacija.gspec",
                  "lineNumber" : 53
                },
                "name" : "near stranice-2 ~ 5px right",
                "meta" : [ {
                  "from" : {
                    "object" : "stranice-3",
                    "edge" : "left"
                  },
                  "to" : {
                    "object" : "stranice-2",
                    "edge" : "right"
                  },
                  "expectedDistance" : "3 to 7px",
                  "realDistance" : "5px"
                } ],
                "highlight" : [ "stranice-3", "stranice-2" ]
              }, {
                "status" : "info",
                "place" : {
                  "filePath" : "./testovi/rezervacija.gspec",
                  "lineNumber" : 54
                },
                "name" : "near stranice-4 ~ 5px left",
                "meta" : [ {
                  "from" : {
                    "object" : "stranice-3",
                    "edge" : "right"
                  },
                  "to" : {
                    "object" : "stranice-4",
                    "edge" : "left"
                  },
                  "expectedDistance" : "3 to 7px",
                  "realDistance" : "5px"
                } ],
                "highlight" : [ "stranice-3", "stranice-4" ]
              } ]
            }, {
              "name" : "stranice-4",
              "specs" : [ {
                "status" : "info",
                "place" : {
                  "filePath" : "./testovi/rezervacija.gspec",
                  "lineNumber" : 38
                },
                "name" : "aligned horizontally all stranice-2",
                "highlight" : [ "stranice-4", "stranice-2" ]
              }, {
                "status" : "info",
                "place" : {
                  "filePath" : "./testovi/rezervacija.gspec",
                  "lineNumber" : 39
                },
                "name" : "inside meni ~ 20px bottom, ~ 110 px top, > 10% of meni/width left right",
                "meta" : [ {
                  "from" : {
                    "object" : "stranice-4",
                    "edge" : "bottom"
                  },
                  "to" : {
                    "object" : "meni",
                    "edge" : "bottom"
                  },
                  "expectedDistance" : "18 to 22px",
                  "realDistance" : "20px"
                }, {
                  "from" : {
                    "object" : "stranice-4",
                    "edge" : "top"
                  },
                  "to" : {
                    "object" : "meni",
                    "edge" : "top"
                  },
                  "expectedDistance" : "108 to 112px",
                  "realDistance" : "109px"
                }, {
                  "from" : {
                    "object" : "stranice-4",
                    "edge" : "left"
                  },
                  "to" : {
                    "object" : "meni",
                    "edge" : "left"
                  },
                  "expectedDistance" : "> 10px",
                  "realDistance" : "416px"
                }, {
                  "from" : {
                    "object" : "stranice-4",
                    "edge" : "right"
                  },
                  "to" : {
                    "object" : "meni",
                    "edge" : "right"
                  },
                  "expectedDistance" : "> 10px",
                  "realDistance" : "268px"
                } ],
                "highlight" : [ "stranice-4", "meni" ]
              }, {
                "status" : "info",
                "place" : {
                  "filePath" : "./testovi/rezervacija.gspec",
                  "lineNumber" : 40
                },
                "name" : "height 10 to 20 px",
                "meta" : [ {
                  "from" : {
                    "object" : "stranice-4",
                    "edge" : "top"
                  },
                  "to" : {
                    "object" : "stranice-4",
                    "edge" : "bottom"
                  },
                  "expectedDistance" : "10 to 20px",
                  "realDistance" : "17px"
                } ],
                "highlight" : [ "stranice-4" ]
              }, {
                "status" : "info",
                "place" : {
                  "filePath" : "./testovi/rezervacija.gspec",
                  "lineNumber" : 41
                },
                "name" : "width 40 to 220 px",
                "meta" : [ {
                  "from" : {
                    "object" : "stranice-4",
                    "edge" : "left"
                  },
                  "to" : {
                    "object" : "stranice-4",
                    "edge" : "right"
                  },
                  "expectedDistance" : "40 to 220px",
                  "realDistance" : "112px"
                } ],
                "highlight" : [ "stranice-4" ]
              }, {
                "status" : "info",
                "place" : {
                  "filePath" : "./testovi/rezervacija.gspec",
                  "lineNumber" : 57
                },
                "name" : "near stranice-3 ~ 5px right",
                "meta" : [ {
                  "from" : {
                    "object" : "stranice-4",
                    "edge" : "left"
                  },
                  "to" : {
                    "object" : "stranice-3",
                    "edge" : "right"
                  },
                  "expectedDistance" : "3 to 7px",
                  "realDistance" : "5px"
                } ],
                "highlight" : [ "stranice-4", "stranice-3" ]
              }, {
                "status" : "info",
                "place" : {
                  "filePath" : "./testovi/rezervacija.gspec",
                  "lineNumber" : 58
                },
                "name" : "near stranice-5 ~ 5px left",
                "meta" : [ {
                  "from" : {
                    "object" : "stranice-4",
                    "edge" : "right"
                  },
                  "to" : {
                    "object" : "stranice-5",
                    "edge" : "left"
                  },
                  "expectedDistance" : "3 to 7px",
                  "realDistance" : "4px"
                } ],
                "highlight" : [ "stranice-4", "stranice-5" ]
              } ]
            }, {
              "name" : "stranice-5",
              "specs" : [ {
                "status" : "info",
                "place" : {
                  "filePath" : "./testovi/rezervacija.gspec",
                  "lineNumber" : 38
                },
                "name" : "aligned horizontally all stranice-2",
                "highlight" : [ "stranice-5", "stranice-2" ]
              }, {
                "status" : "info",
                "place" : {
                  "filePath" : "./testovi/rezervacija.gspec",
                  "lineNumber" : 39
                },
                "name" : "inside meni ~ 20px bottom, ~ 110 px top, > 10% of meni/width left right",
                "meta" : [ {
                  "from" : {
                    "object" : "stranice-5",
                    "edge" : "bottom"
                  },
                  "to" : {
                    "object" : "meni",
                    "edge" : "bottom"
                  },
                  "expectedDistance" : "18 to 22px",
                  "realDistance" : "20px"
                }, {
                  "from" : {
                    "object" : "stranice-5",
                    "edge" : "top"
                  },
                  "to" : {
                    "object" : "meni",
                    "edge" : "top"
                  },
                  "expectedDistance" : "108 to 112px",
                  "realDistance" : "109px"
                }, {
                  "from" : {
                    "object" : "stranice-5",
                    "edge" : "left"
                  },
                  "to" : {
                    "object" : "meni",
                    "edge" : "left"
                  },
                  "expectedDistance" : "> 10px",
                  "realDistance" : "532px"
                }, {
                  "from" : {
                    "object" : "stranice-5",
                    "edge" : "right"
                  },
                  "to" : {
                    "object" : "meni",
                    "edge" : "right"
                  },
                  "expectedDistance" : "> 10px",
                  "realDistance" : "189px"
                } ],
                "highlight" : [ "stranice-5", "meni" ]
              }, {
                "status" : "info",
                "place" : {
                  "filePath" : "./testovi/rezervacija.gspec",
                  "lineNumber" : 40
                },
                "name" : "height 10 to 20 px",
                "meta" : [ {
                  "from" : {
                    "object" : "stranice-5",
                    "edge" : "top"
                  },
                  "to" : {
                    "object" : "stranice-5",
                    "edge" : "bottom"
                  },
                  "expectedDistance" : "10 to 20px",
                  "realDistance" : "17px"
                } ],
                "highlight" : [ "stranice-5" ]
              }, {
                "status" : "info",
                "place" : {
                  "filePath" : "./testovi/rezervacija.gspec",
                  "lineNumber" : 41
                },
                "name" : "width 40 to 220 px",
                "meta" : [ {
                  "from" : {
                    "object" : "stranice-5",
                    "edge" : "left"
                  },
                  "to" : {
                    "object" : "stranice-5",
                    "edge" : "right"
                  },
                  "expectedDistance" : "40 to 220px",
                  "realDistance" : "75px"
                } ],
                "highlight" : [ "stranice-5" ]
              }, {
                "status" : "info",
                "place" : {
                  "filePath" : "./testovi/rezervacija.gspec",
                  "lineNumber" : 61
                },
                "name" : "inside meni 20 to 30% of meni/width right, > 60 % of meni/width left",
                "meta" : [ {
                  "from" : {
                    "object" : "stranice-5",
                    "edge" : "right"
                  },
                  "to" : {
                    "object" : "meni",
                    "edge" : "right"
                  },
                  "expectedDistance" : "20 to 30px",
                  "realDistance" : "189px"
                }, {
                  "from" : {
                    "object" : "stranice-5",
                    "edge" : "left"
                  },
                  "to" : {
                    "object" : "meni",
                    "edge" : "left"
                  },
                  "expectedDistance" : "> 60px",
                  "realDistance" : "532px"
                } ],
                "highlight" : [ "stranice-5", "meni" ]
              }, {
                "status" : "info",
                "place" : {
                  "filePath" : "./testovi/rezervacija.gspec",
                  "lineNumber" : 62
                },
                "name" : "near stranice-4 ~ 5px right",
                "meta" : [ {
                  "from" : {
                    "object" : "stranice-5",
                    "edge" : "left"
                  },
                  "to" : {
                    "object" : "stranice-4",
                    "edge" : "right"
                  },
                  "expectedDistance" : "3 to 7px",
                  "realDistance" : "4px"
                } ],
                "highlight" : [ "stranice-5", "stranice-4" ]
              }, {
                "status" : "info",
                "place" : {
                  "filePath" : "./testovi/rezervacija.gspec",
                  "lineNumber" : 63
                },
                "name" : "near stranice-4 ~ -190px left",
                "meta" : [ {
                  "from" : {
                    "object" : "stranice-5",
                    "edge" : "right"
                  },
                  "to" : {
                    "object" : "stranice-4",
                    "edge" : "left"
                  },
                  "expectedDistance" : "-192 to -188px",
                  "realDistance" : "-191px"
                } ],
                "highlight" : [ "stranice-5", "stranice-4" ]
              } ]
            }, {
              "name" : "global",
              "specs" : [ {
                "status" : "info",
                "place" : {
                  "filePath" : "./testovi/rezervacija.gspec",
                  "lineNumber" : 65
                },
                "name" : "count any stranice-* is 5",
                "highlight" : [ "stranice-5", "stranice-4", "stranice-1", "stranice-3", "stranice-2" ]
              } ]
            } ]
          }, {
            "name" : "sale",
            "place" : {
              "filePath" : "./testovi/rezervacija.gspec",
              "lineNumber" : 67
            },
            "objects" : [ {
              "name" : "sale",
              "specs" : [ {
                "status" : "info",
                "place" : {
                  "filePath" : "./testovi/rezervacija.gspec",
                  "lineNumber" : 69
                },
                "name" : "inside sadrzaj",
                "meta" : [ ],
                "highlight" : [ "sale", "sadrzaj" ]
              } ]
            } ]
          }, {
            "name" : "periodicna",
            "place" : {
              "filePath" : "./testovi/rezervacija.gspec",
              "lineNumber" : 71
            },
            "objects" : [ {
              "name" : "periodicna",
              "specs" : [ {
                "status" : "info",
                "place" : {
                  "filePath" : "./testovi/rezervacija.gspec",
                  "lineNumber" : 73
                },
                "name" : "inside sadrzaj",
                "meta" : [ ],
                "highlight" : [ "periodicna", "sadrzaj" ]
              } ]
            } ]
          }, {
            "name" : "vrijeme-*",
            "place" : {
              "filePath" : "./testovi/rezervacija.gspec",
              "lineNumber" : 75
            },
            "objects" : [ {
              "name" : "vrijeme-1",
              "specs" : [ {
                "status" : "info",
                "place" : {
                  "filePath" : "./testovi/rezervacija.gspec",
                  "lineNumber" : 77
                },
                "name" : "inside sadrzaj",
                "meta" : [ ],
                "highlight" : [ "vrijeme-1", "sadrzaj" ]
              } ]
            }, {
              "name" : "vrijeme-2",
              "specs" : [ {
                "status" : "info",
                "place" : {
                  "filePath" : "./testovi/rezervacija.gspec",
                  "lineNumber" : 77
                },
                "name" : "inside sadrzaj",
                "meta" : [ ],
                "highlight" : [ "vrijeme-2", "sadrzaj" ]
              } ]
            } ]
          }, {
            "name" : "kalendar",
            "place" : {
              "filePath" : "./testovi/rezervacija.gspec",
              "lineNumber" : 79
            },
            "objects" : [ {
              "name" : "kalendar",
              "specs" : [ {
                "status" : "info",
                "place" : {
                  "filePath" : "./testovi/rezervacija.gspec",
                  "lineNumber" : 81
                },
                "name" : "inside sadrzaj",
                "meta" : [ ],
                "highlight" : [ "kalendar", "sadrzaj" ]
              }, {
                "status" : "info",
                "place" : {
                  "filePath" : "./testovi/rezervacija.gspec",
                  "lineNumber" : 82
                },
                "name" : "width ~ 80 % of sadrzaj/width",
                "meta" : [ {
                  "from" : {
                    "object" : "kalendar",
                    "edge" : "left"
                  },
                  "to" : {
                    "object" : "kalendar",
                    "edge" : "right"
                  },
                  "expectedDistance" : "78 to 82% [620 to 652px]",
                  "realDistance" : "79% [636px]"
                } ],
                "highlight" : [ "kalendar" ]
              } ]
            } ]
          }, {
            "name" : "dan-*",
            "place" : {
              "filePath" : "./testovi/rezervacija.gspec",
              "lineNumber" : 84
            },
            "objects" : [ {
              "name" : "dan-1",
              "specs" : [ {
                "status" : "info",
                "place" : {
                  "filePath" : "./testovi/rezervacija.gspec",
                  "lineNumber" : 86
                },
                "name" : "inside kalendar",
                "meta" : [ ],
                "highlight" : [ "dan-1", "kalendar" ]
              }, {
                "status" : "info",
                "place" : {
                  "filePath" : "./testovi/rezervacija.gspec",
                  "lineNumber" : 87
                },
                "name" : "width ~ 10 % of kalendar/width",
                "meta" : [ {
                  "from" : {
                    "object" : "dan-1",
                    "edge" : "left"
                  },
                  "to" : {
                    "object" : "dan-1",
                    "edge" : "right"
                  },
                  "expectedDistance" : "8 to 12% [50 to 76px]",
                  "realDistance" : "10% [64px]"
                } ],
                "highlight" : [ "dan-1" ]
              } ]
            }, {
              "name" : "dan-2",
              "specs" : [ {
                "status" : "info",
                "place" : {
                  "filePath" : "./testovi/rezervacija.gspec",
                  "lineNumber" : 86
                },
                "name" : "inside kalendar",
                "meta" : [ ],
                "highlight" : [ "dan-2", "kalendar" ]
              }, {
                "status" : "info",
                "place" : {
                  "filePath" : "./testovi/rezervacija.gspec",
                  "lineNumber" : 87
                },
                "name" : "width ~ 10 % of kalendar/width",
                "meta" : [ {
                  "from" : {
                    "object" : "dan-2",
                    "edge" : "left"
                  },
                  "to" : {
                    "object" : "dan-2",
                    "edge" : "right"
                  },
                  "expectedDistance" : "8 to 12% [50 to 76px]",
                  "realDistance" : "10% [64px]"
                } ],
                "highlight" : [ "dan-2" ]
              } ]
            }, {
              "name" : "dan-3",
              "specs" : [ {
                "status" : "info",
                "place" : {
                  "filePath" : "./testovi/rezervacija.gspec",
                  "lineNumber" : 86
                },
                "name" : "inside kalendar",
                "meta" : [ ],
                "highlight" : [ "dan-3", "kalendar" ]
              }, {
                "status" : "info",
                "place" : {
                  "filePath" : "./testovi/rezervacija.gspec",
                  "lineNumber" : 87
                },
                "name" : "width ~ 10 % of kalendar/width",
                "meta" : [ {
                  "from" : {
                    "object" : "dan-3",
                    "edge" : "left"
                  },
                  "to" : {
                    "object" : "dan-3",
                    "edge" : "right"
                  },
                  "expectedDistance" : "8 to 12% [50 to 76px]",
                  "realDistance" : "10% [64px]"
                } ],
                "highlight" : [ "dan-3" ]
              } ]
            }, {
              "name" : "dan-4",
              "specs" : [ {
                "status" : "info",
                "place" : {
                  "filePath" : "./testovi/rezervacija.gspec",
                  "lineNumber" : 86
                },
                "name" : "inside kalendar",
                "meta" : [ ],
                "highlight" : [ "dan-4", "kalendar" ]
              }, {
                "status" : "info",
                "place" : {
                  "filePath" : "./testovi/rezervacija.gspec",
                  "lineNumber" : 87
                },
                "name" : "width ~ 10 % of kalendar/width",
                "meta" : [ {
                  "from" : {
                    "object" : "dan-4",
                    "edge" : "left"
                  },
                  "to" : {
                    "object" : "dan-4",
                    "edge" : "right"
                  },
                  "expectedDistance" : "8 to 12% [50 to 76px]",
                  "realDistance" : "10% [64px]"
                } ],
                "highlight" : [ "dan-4" ]
              } ]
            }, {
              "name" : "dan-5",
              "specs" : [ {
                "status" : "info",
                "place" : {
                  "filePath" : "./testovi/rezervacija.gspec",
                  "lineNumber" : 86
                },
                "name" : "inside kalendar",
                "meta" : [ ],
                "highlight" : [ "dan-5", "kalendar" ]
              }, {
                "status" : "info",
                "place" : {
                  "filePath" : "./testovi/rezervacija.gspec",
                  "lineNumber" : 87
                },
                "name" : "width ~ 10 % of kalendar/width",
                "meta" : [ {
                  "from" : {
                    "object" : "dan-5",
                    "edge" : "left"
                  },
                  "to" : {
                    "object" : "dan-5",
                    "edge" : "right"
                  },
                  "expectedDistance" : "8 to 12% [50 to 76px]",
                  "realDistance" : "10% [64px]"
                } ],
                "highlight" : [ "dan-5" ]
              } ]
            }, {
              "name" : "dan-6",
              "specs" : [ {
                "status" : "info",
                "place" : {
                  "filePath" : "./testovi/rezervacija.gspec",
                  "lineNumber" : 86
                },
                "name" : "inside kalendar",
                "meta" : [ ],
                "highlight" : [ "dan-6", "kalendar" ]
              }, {
                "status" : "info",
                "place" : {
                  "filePath" : "./testovi/rezervacija.gspec",
                  "lineNumber" : 87
                },
                "name" : "width ~ 10 % of kalendar/width",
                "meta" : [ {
                  "from" : {
                    "object" : "dan-6",
                    "edge" : "left"
                  },
                  "to" : {
                    "object" : "dan-6",
                    "edge" : "right"
                  },
                  "expectedDistance" : "8 to 12% [50 to 76px]",
                  "realDistance" : "10% [64px]"
                } ],
                "highlight" : [ "dan-6" ]
              } ]
            }, {
              "name" : "dan-7",
              "specs" : [ {
                "status" : "info",
                "place" : {
                  "filePath" : "./testovi/rezervacija.gspec",
                  "lineNumber" : 86
                },
                "name" : "inside kalendar",
                "meta" : [ ],
                "highlight" : [ "dan-7", "kalendar" ]
              }, {
                "status" : "info",
                "place" : {
                  "filePath" : "./testovi/rezervacija.gspec",
                  "lineNumber" : 87
                },
                "name" : "width ~ 10 % of kalendar/width",
                "meta" : [ {
                  "from" : {
                    "object" : "dan-7",
                    "edge" : "left"
                  },
                  "to" : {
                    "object" : "dan-7",
                    "edge" : "right"
                  },
                  "expectedDistance" : "8 to 12% [50 to 76px]",
                  "realDistance" : "10% [64px]"
                } ],
                "highlight" : [ "dan-7" ]
              } ]
            } ]
          }, {
            "name" : "datum-*",
            "place" : {
              "filePath" : "./testovi/rezervacija.gspec",
              "lineNumber" : 89
            },
            "objects" : [ {
              "name" : "datum-1",
              "specs" : [ {
                "status" : "info",
                "place" : {
                  "filePath" : "./testovi/rezervacija.gspec",
                  "lineNumber" : 91
                },
                "name" : "inside kalendar",
                "meta" : [ ],
                "highlight" : [ "datum-1", "kalendar" ]
              }, {
                "status" : "info",
                "place" : {
                  "filePath" : "./testovi/rezervacija.gspec",
                  "lineNumber" : 92
                },
                "name" : "width ~ 10 % of kalendar/width",
                "meta" : [ {
                  "from" : {
                    "object" : "datum-1",
                    "edge" : "left"
                  },
                  "to" : {
                    "object" : "datum-1",
                    "edge" : "right"
                  },
                  "expectedDistance" : "8 to 12% [50 to 76px]",
                  "realDistance" : "10% [64px]"
                } ],
                "highlight" : [ "datum-1" ]
              } ]
            }, {
              "name" : "datum-2",
              "specs" : [ {
                "status" : "info",
                "place" : {
                  "filePath" : "./testovi/rezervacija.gspec",
                  "lineNumber" : 91
                },
                "name" : "inside kalendar",
                "meta" : [ ],
                "highlight" : [ "datum-2", "kalendar" ]
              }, {
                "status" : "info",
                "place" : {
                  "filePath" : "./testovi/rezervacija.gspec",
                  "lineNumber" : 92
                },
                "name" : "width ~ 10 % of kalendar/width",
                "meta" : [ {
                  "from" : {
                    "object" : "datum-2",
                    "edge" : "left"
                  },
                  "to" : {
                    "object" : "datum-2",
                    "edge" : "right"
                  },
                  "expectedDistance" : "8 to 12% [50 to 76px]",
                  "realDistance" : "10% [64px]"
                } ],
                "highlight" : [ "datum-2" ]
              } ]
            }, {
              "name" : "datum-3",
              "specs" : [ {
                "status" : "info",
                "place" : {
                  "filePath" : "./testovi/rezervacija.gspec",
                  "lineNumber" : 91
                },
                "name" : "inside kalendar",
                "meta" : [ ],
                "highlight" : [ "datum-3", "kalendar" ]
              }, {
                "status" : "info",
                "place" : {
                  "filePath" : "./testovi/rezervacija.gspec",
                  "lineNumber" : 92
                },
                "name" : "width ~ 10 % of kalendar/width",
                "meta" : [ {
                  "from" : {
                    "object" : "datum-3",
                    "edge" : "left"
                  },
                  "to" : {
                    "object" : "datum-3",
                    "edge" : "right"
                  },
                  "expectedDistance" : "8 to 12% [50 to 76px]",
                  "realDistance" : "10% [64px]"
                } ],
                "highlight" : [ "datum-3" ]
              } ]
            }, {
              "name" : "datum-4",
              "specs" : [ {
                "status" : "info",
                "place" : {
                  "filePath" : "./testovi/rezervacija.gspec",
                  "lineNumber" : 91
                },
                "name" : "inside kalendar",
                "meta" : [ ],
                "highlight" : [ "datum-4", "kalendar" ]
              }, {
                "status" : "info",
                "place" : {
                  "filePath" : "./testovi/rezervacija.gspec",
                  "lineNumber" : 92
                },
                "name" : "width ~ 10 % of kalendar/width",
                "meta" : [ {
                  "from" : {
                    "object" : "datum-4",
                    "edge" : "left"
                  },
                  "to" : {
                    "object" : "datum-4",
                    "edge" : "right"
                  },
                  "expectedDistance" : "8 to 12% [50 to 76px]",
                  "realDistance" : "10% [64px]"
                } ],
                "highlight" : [ "datum-4" ]
              } ]
            }, {
              "name" : "datum-5",
              "specs" : [ {
                "status" : "info",
                "place" : {
                  "filePath" : "./testovi/rezervacija.gspec",
                  "lineNumber" : 91
                },
                "name" : "inside kalendar",
                "meta" : [ ],
                "highlight" : [ "datum-5", "kalendar" ]
              }, {
                "status" : "info",
                "place" : {
                  "filePath" : "./testovi/rezervacija.gspec",
                  "lineNumber" : 92
                },
                "name" : "width ~ 10 % of kalendar/width",
                "meta" : [ {
                  "from" : {
                    "object" : "datum-5",
                    "edge" : "left"
                  },
                  "to" : {
                    "object" : "datum-5",
                    "edge" : "right"
                  },
                  "expectedDistance" : "8 to 12% [50 to 76px]",
                  "realDistance" : "10% [64px]"
                } ],
                "highlight" : [ "datum-5" ]
              } ]
            }, {
              "name" : "datum-6",
              "specs" : [ {
                "status" : "info",
                "place" : {
                  "filePath" : "./testovi/rezervacija.gspec",
                  "lineNumber" : 91
                },
                "name" : "inside kalendar",
                "meta" : [ ],
                "highlight" : [ "datum-6", "kalendar" ]
              }, {
                "status" : "info",
                "place" : {
                  "filePath" : "./testovi/rezervacija.gspec",
                  "lineNumber" : 92
                },
                "name" : "width ~ 10 % of kalendar/width",
                "meta" : [ {
                  "from" : {
                    "object" : "datum-6",
                    "edge" : "left"
                  },
                  "to" : {
                    "object" : "datum-6",
                    "edge" : "right"
                  },
                  "expectedDistance" : "8 to 12% [50 to 76px]",
                  "realDistance" : "10% [64px]"
                } ],
                "highlight" : [ "datum-6" ]
              } ]
            }, {
              "name" : "datum-7",
              "specs" : [ {
                "status" : "info",
                "place" : {
                  "filePath" : "./testovi/rezervacija.gspec",
                  "lineNumber" : 91
                },
                "name" : "inside kalendar",
                "meta" : [ ],
                "highlight" : [ "datum-7", "kalendar" ]
              }, {
                "status" : "info",
                "place" : {
                  "filePath" : "./testovi/rezervacija.gspec",
                  "lineNumber" : 92
                },
                "name" : "width ~ 10 % of kalendar/width",
                "meta" : [ {
                  "from" : {
                    "object" : "datum-7",
                    "edge" : "left"
                  },
                  "to" : {
                    "object" : "datum-7",
                    "edge" : "right"
                  },
                  "expectedDistance" : "8 to 12% [50 to 76px]",
                  "realDistance" : "10% [64px]"
                } ],
                "highlight" : [ "datum-7" ]
              } ]
            }, {
              "name" : "datum-8",
              "specs" : [ {
                "status" : "info",
                "place" : {
                  "filePath" : "./testovi/rezervacija.gspec",
                  "lineNumber" : 91
                },
                "name" : "inside kalendar",
                "meta" : [ ],
                "highlight" : [ "datum-8", "kalendar" ]
              }, {
                "status" : "info",
                "place" : {
                  "filePath" : "./testovi/rezervacija.gspec",
                  "lineNumber" : 92
                },
                "name" : "width ~ 10 % of kalendar/width",
                "meta" : [ {
                  "from" : {
                    "object" : "datum-8",
                    "edge" : "left"
                  },
                  "to" : {
                    "object" : "datum-8",
                    "edge" : "right"
                  },
                  "expectedDistance" : "8 to 12% [50 to 76px]",
                  "realDistance" : "10% [64px]"
                } ],
                "highlight" : [ "datum-8" ]
              } ]
            }, {
              "name" : "datum-9",
              "specs" : [ {
                "status" : "info",
                "place" : {
                  "filePath" : "./testovi/rezervacija.gspec",
                  "lineNumber" : 91
                },
                "name" : "inside kalendar",
                "meta" : [ ],
                "highlight" : [ "datum-9", "kalendar" ]
              }, {
                "status" : "info",
                "place" : {
                  "filePath" : "./testovi/rezervacija.gspec",
                  "lineNumber" : 92
                },
                "name" : "width ~ 10 % of kalendar/width",
                "meta" : [ {
                  "from" : {
                    "object" : "datum-9",
                    "edge" : "left"
                  },
                  "to" : {
                    "object" : "datum-9",
                    "edge" : "right"
                  },
                  "expectedDistance" : "8 to 12% [50 to 76px]",
                  "realDistance" : "10% [64px]"
                } ],
                "highlight" : [ "datum-9" ]
              } ]
            }, {
              "name" : "datum-10",
              "specs" : [ {
                "status" : "info",
                "place" : {
                  "filePath" : "./testovi/rezervacija.gspec",
                  "lineNumber" : 91
                },
                "name" : "inside kalendar",
                "meta" : [ ],
                "highlight" : [ "datum-10", "kalendar" ]
              }, {
                "status" : "info",
                "place" : {
                  "filePath" : "./testovi/rezervacija.gspec",
                  "lineNumber" : 92
                },
                "name" : "width ~ 10 % of kalendar/width",
                "meta" : [ {
                  "from" : {
                    "object" : "datum-10",
                    "edge" : "left"
                  },
                  "to" : {
                    "object" : "datum-10",
                    "edge" : "right"
                  },
                  "expectedDistance" : "8 to 12% [50 to 76px]",
                  "realDistance" : "10% [64px]"
                } ],
                "highlight" : [ "datum-10" ]
              } ]
            }, {
              "name" : "datum-11",
              "specs" : [ {
                "status" : "info",
                "place" : {
                  "filePath" : "./testovi/rezervacija.gspec",
                  "lineNumber" : 91
                },
                "name" : "inside kalendar",
                "meta" : [ ],
                "highlight" : [ "datum-11", "kalendar" ]
              }, {
                "status" : "info",
                "place" : {
                  "filePath" : "./testovi/rezervacija.gspec",
                  "lineNumber" : 92
                },
                "name" : "width ~ 10 % of kalendar/width",
                "meta" : [ {
                  "from" : {
                    "object" : "datum-11",
                    "edge" : "left"
                  },
                  "to" : {
                    "object" : "datum-11",
                    "edge" : "right"
                  },
                  "expectedDistance" : "8 to 12% [50 to 76px]",
                  "realDistance" : "10% [64px]"
                } ],
                "highlight" : [ "datum-11" ]
              } ]
            }, {
              "name" : "datum-12",
              "specs" : [ {
                "status" : "info",
                "place" : {
                  "filePath" : "./testovi/rezervacija.gspec",
                  "lineNumber" : 91
                },
                "name" : "inside kalendar",
                "meta" : [ ],
                "highlight" : [ "datum-12", "kalendar" ]
              }, {
                "status" : "info",
                "place" : {
                  "filePath" : "./testovi/rezervacija.gspec",
                  "lineNumber" : 92
                },
                "name" : "width ~ 10 % of kalendar/width",
                "meta" : [ {
                  "from" : {
                    "object" : "datum-12",
                    "edge" : "left"
                  },
                  "to" : {
                    "object" : "datum-12",
                    "edge" : "right"
                  },
                  "expectedDistance" : "8 to 12% [50 to 76px]",
                  "realDistance" : "10% [64px]"
                } ],
                "highlight" : [ "datum-12" ]
              } ]
            }, {
              "name" : "datum-13",
              "specs" : [ {
                "status" : "info",
                "place" : {
                  "filePath" : "./testovi/rezervacija.gspec",
                  "lineNumber" : 91
                },
                "name" : "inside kalendar",
                "meta" : [ ],
                "highlight" : [ "datum-13", "kalendar" ]
              }, {
                "status" : "info",
                "place" : {
                  "filePath" : "./testovi/rezervacija.gspec",
                  "lineNumber" : 92
                },
                "name" : "width ~ 10 % of kalendar/width",
                "meta" : [ {
                  "from" : {
                    "object" : "datum-13",
                    "edge" : "left"
                  },
                  "to" : {
                    "object" : "datum-13",
                    "edge" : "right"
                  },
                  "expectedDistance" : "8 to 12% [50 to 76px]",
                  "realDistance" : "10% [64px]"
                } ],
                "highlight" : [ "datum-13" ]
              } ]
            }, {
              "name" : "datum-14",
              "specs" : [ {
                "status" : "info",
                "place" : {
                  "filePath" : "./testovi/rezervacija.gspec",
                  "lineNumber" : 91
                },
                "name" : "inside kalendar",
                "meta" : [ ],
                "highlight" : [ "datum-14", "kalendar" ]
              }, {
                "status" : "info",
                "place" : {
                  "filePath" : "./testovi/rezervacija.gspec",
                  "lineNumber" : 92
                },
                "name" : "width ~ 10 % of kalendar/width",
                "meta" : [ {
                  "from" : {
                    "object" : "datum-14",
                    "edge" : "left"
                  },
                  "to" : {
                    "object" : "datum-14",
                    "edge" : "right"
                  },
                  "expectedDistance" : "8 to 12% [50 to 76px]",
                  "realDistance" : "10% [64px]"
                } ],
                "highlight" : [ "datum-14" ]
              } ]
            }, {
              "name" : "datum-15",
              "specs" : [ {
                "status" : "info",
                "place" : {
                  "filePath" : "./testovi/rezervacija.gspec",
                  "lineNumber" : 91
                },
                "name" : "inside kalendar",
                "meta" : [ ],
                "highlight" : [ "datum-15", "kalendar" ]
              }, {
                "status" : "info",
                "place" : {
                  "filePath" : "./testovi/rezervacija.gspec",
                  "lineNumber" : 92
                },
                "name" : "width ~ 10 % of kalendar/width",
                "meta" : [ {
                  "from" : {
                    "object" : "datum-15",
                    "edge" : "left"
                  },
                  "to" : {
                    "object" : "datum-15",
                    "edge" : "right"
                  },
                  "expectedDistance" : "8 to 12% [50 to 76px]",
                  "realDistance" : "10% [64px]"
                } ],
                "highlight" : [ "datum-15" ]
              } ]
            }, {
              "name" : "datum-16",
              "specs" : [ {
                "status" : "info",
                "place" : {
                  "filePath" : "./testovi/rezervacija.gspec",
                  "lineNumber" : 91
                },
                "name" : "inside kalendar",
                "meta" : [ ],
                "highlight" : [ "datum-16", "kalendar" ]
              }, {
                "status" : "info",
                "place" : {
                  "filePath" : "./testovi/rezervacija.gspec",
                  "lineNumber" : 92
                },
                "name" : "width ~ 10 % of kalendar/width",
                "meta" : [ {
                  "from" : {
                    "object" : "datum-16",
                    "edge" : "left"
                  },
                  "to" : {
                    "object" : "datum-16",
                    "edge" : "right"
                  },
                  "expectedDistance" : "8 to 12% [50 to 76px]",
                  "realDistance" : "10% [64px]"
                } ],
                "highlight" : [ "datum-16" ]
              } ]
            }, {
              "name" : "datum-17",
              "specs" : [ {
                "status" : "info",
                "place" : {
                  "filePath" : "./testovi/rezervacija.gspec",
                  "lineNumber" : 91
                },
                "name" : "inside kalendar",
                "meta" : [ ],
                "highlight" : [ "datum-17", "kalendar" ]
              }, {
                "status" : "info",
                "place" : {
                  "filePath" : "./testovi/rezervacija.gspec",
                  "lineNumber" : 92
                },
                "name" : "width ~ 10 % of kalendar/width",
                "meta" : [ {
                  "from" : {
                    "object" : "datum-17",
                    "edge" : "left"
                  },
                  "to" : {
                    "object" : "datum-17",
                    "edge" : "right"
                  },
                  "expectedDistance" : "8 to 12% [50 to 76px]",
                  "realDistance" : "10% [64px]"
                } ],
                "highlight" : [ "datum-17" ]
              } ]
            }, {
              "name" : "datum-18",
              "specs" : [ {
                "status" : "info",
                "place" : {
                  "filePath" : "./testovi/rezervacija.gspec",
                  "lineNumber" : 91
                },
                "name" : "inside kalendar",
                "meta" : [ ],
                "highlight" : [ "datum-18", "kalendar" ]
              }, {
                "status" : "info",
                "place" : {
                  "filePath" : "./testovi/rezervacija.gspec",
                  "lineNumber" : 92
                },
                "name" : "width ~ 10 % of kalendar/width",
                "meta" : [ {
                  "from" : {
                    "object" : "datum-18",
                    "edge" : "left"
                  },
                  "to" : {
                    "object" : "datum-18",
                    "edge" : "right"
                  },
                  "expectedDistance" : "8 to 12% [50 to 76px]",
                  "realDistance" : "10% [64px]"
                } ],
                "highlight" : [ "datum-18" ]
              } ]
            }, {
              "name" : "datum-19",
              "specs" : [ {
                "status" : "info",
                "place" : {
                  "filePath" : "./testovi/rezervacija.gspec",
                  "lineNumber" : 91
                },
                "name" : "inside kalendar",
                "meta" : [ ],
                "highlight" : [ "datum-19", "kalendar" ]
              }, {
                "status" : "info",
                "place" : {
                  "filePath" : "./testovi/rezervacija.gspec",
                  "lineNumber" : 92
                },
                "name" : "width ~ 10 % of kalendar/width",
                "meta" : [ {
                  "from" : {
                    "object" : "datum-19",
                    "edge" : "left"
                  },
                  "to" : {
                    "object" : "datum-19",
                    "edge" : "right"
                  },
                  "expectedDistance" : "8 to 12% [50 to 76px]",
                  "realDistance" : "10% [64px]"
                } ],
                "highlight" : [ "datum-19" ]
              } ]
            }, {
              "name" : "datum-20",
              "specs" : [ {
                "status" : "info",
                "place" : {
                  "filePath" : "./testovi/rezervacija.gspec",
                  "lineNumber" : 91
                },
                "name" : "inside kalendar",
                "meta" : [ ],
                "highlight" : [ "datum-20", "kalendar" ]
              }, {
                "status" : "info",
                "place" : {
                  "filePath" : "./testovi/rezervacija.gspec",
                  "lineNumber" : 92
                },
                "name" : "width ~ 10 % of kalendar/width",
                "meta" : [ {
                  "from" : {
                    "object" : "datum-20",
                    "edge" : "left"
                  },
                  "to" : {
                    "object" : "datum-20",
                    "edge" : "right"
                  },
                  "expectedDistance" : "8 to 12% [50 to 76px]",
                  "realDistance" : "10% [64px]"
                } ],
                "highlight" : [ "datum-20" ]
              } ]
            }, {
              "name" : "datum-21",
              "specs" : [ {
                "status" : "info",
                "place" : {
                  "filePath" : "./testovi/rezervacija.gspec",
                  "lineNumber" : 91
                },
                "name" : "inside kalendar",
                "meta" : [ ],
                "highlight" : [ "datum-21", "kalendar" ]
              }, {
                "status" : "info",
                "place" : {
                  "filePath" : "./testovi/rezervacija.gspec",
                  "lineNumber" : 92
                },
                "name" : "width ~ 10 % of kalendar/width",
                "meta" : [ {
                  "from" : {
                    "object" : "datum-21",
                    "edge" : "left"
                  },
                  "to" : {
                    "object" : "datum-21",
                    "edge" : "right"
                  },
                  "expectedDistance" : "8 to 12% [50 to 76px]",
                  "realDistance" : "10% [64px]"
                } ],
                "highlight" : [ "datum-21" ]
              } ]
            }, {
              "name" : "datum-22",
              "specs" : [ {
                "status" : "info",
                "place" : {
                  "filePath" : "./testovi/rezervacija.gspec",
                  "lineNumber" : 91
                },
                "name" : "inside kalendar",
                "meta" : [ ],
                "highlight" : [ "datum-22", "kalendar" ]
              }, {
                "status" : "info",
                "place" : {
                  "filePath" : "./testovi/rezervacija.gspec",
                  "lineNumber" : 92
                },
                "name" : "width ~ 10 % of kalendar/width",
                "meta" : [ {
                  "from" : {
                    "object" : "datum-22",
                    "edge" : "left"
                  },
                  "to" : {
                    "object" : "datum-22",
                    "edge" : "right"
                  },
                  "expectedDistance" : "8 to 12% [50 to 76px]",
                  "realDistance" : "10% [64px]"
                } ],
                "highlight" : [ "datum-22" ]
              } ]
            }, {
              "name" : "datum-23",
              "specs" : [ {
                "status" : "info",
                "place" : {
                  "filePath" : "./testovi/rezervacija.gspec",
                  "lineNumber" : 91
                },
                "name" : "inside kalendar",
                "meta" : [ ],
                "highlight" : [ "datum-23", "kalendar" ]
              }, {
                "status" : "info",
                "place" : {
                  "filePath" : "./testovi/rezervacija.gspec",
                  "lineNumber" : 92
                },
                "name" : "width ~ 10 % of kalendar/width",
                "meta" : [ {
                  "from" : {
                    "object" : "datum-23",
                    "edge" : "left"
                  },
                  "to" : {
                    "object" : "datum-23",
                    "edge" : "right"
                  },
                  "expectedDistance" : "8 to 12% [50 to 76px]",
                  "realDistance" : "10% [64px]"
                } ],
                "highlight" : [ "datum-23" ]
              } ]
            }, {
              "name" : "datum-24",
              "specs" : [ {
                "status" : "info",
                "place" : {
                  "filePath" : "./testovi/rezervacija.gspec",
                  "lineNumber" : 91
                },
                "name" : "inside kalendar",
                "meta" : [ ],
                "highlight" : [ "datum-24", "kalendar" ]
              }, {
                "status" : "info",
                "place" : {
                  "filePath" : "./testovi/rezervacija.gspec",
                  "lineNumber" : 92
                },
                "name" : "width ~ 10 % of kalendar/width",
                "meta" : [ {
                  "from" : {
                    "object" : "datum-24",
                    "edge" : "left"
                  },
                  "to" : {
                    "object" : "datum-24",
                    "edge" : "right"
                  },
                  "expectedDistance" : "8 to 12% [50 to 76px]",
                  "realDistance" : "10% [64px]"
                } ],
                "highlight" : [ "datum-24" ]
              } ]
            }, {
              "name" : "datum-25",
              "specs" : [ {
                "status" : "info",
                "place" : {
                  "filePath" : "./testovi/rezervacija.gspec",
                  "lineNumber" : 91
                },
                "name" : "inside kalendar",
                "meta" : [ ],
                "highlight" : [ "datum-25", "kalendar" ]
              }, {
                "status" : "info",
                "place" : {
                  "filePath" : "./testovi/rezervacija.gspec",
                  "lineNumber" : 92
                },
                "name" : "width ~ 10 % of kalendar/width",
                "meta" : [ {
                  "from" : {
                    "object" : "datum-25",
                    "edge" : "left"
                  },
                  "to" : {
                    "object" : "datum-25",
                    "edge" : "right"
                  },
                  "expectedDistance" : "8 to 12% [50 to 76px]",
                  "realDistance" : "10% [64px]"
                } ],
                "highlight" : [ "datum-25" ]
              } ]
            }, {
              "name" : "datum-26",
              "specs" : [ {
                "status" : "info",
                "place" : {
                  "filePath" : "./testovi/rezervacija.gspec",
                  "lineNumber" : 91
                },
                "name" : "inside kalendar",
                "meta" : [ ],
                "highlight" : [ "datum-26", "kalendar" ]
              }, {
                "status" : "info",
                "place" : {
                  "filePath" : "./testovi/rezervacija.gspec",
                  "lineNumber" : 92
                },
                "name" : "width ~ 10 % of kalendar/width",
                "meta" : [ {
                  "from" : {
                    "object" : "datum-26",
                    "edge" : "left"
                  },
                  "to" : {
                    "object" : "datum-26",
                    "edge" : "right"
                  },
                  "expectedDistance" : "8 to 12% [50 to 76px]",
                  "realDistance" : "10% [64px]"
                } ],
                "highlight" : [ "datum-26" ]
              } ]
            }, {
              "name" : "datum-27",
              "specs" : [ {
                "status" : "info",
                "place" : {
                  "filePath" : "./testovi/rezervacija.gspec",
                  "lineNumber" : 91
                },
                "name" : "inside kalendar",
                "meta" : [ ],
                "highlight" : [ "datum-27", "kalendar" ]
              }, {
                "status" : "info",
                "place" : {
                  "filePath" : "./testovi/rezervacija.gspec",
                  "lineNumber" : 92
                },
                "name" : "width ~ 10 % of kalendar/width",
                "meta" : [ {
                  "from" : {
                    "object" : "datum-27",
                    "edge" : "left"
                  },
                  "to" : {
                    "object" : "datum-27",
                    "edge" : "right"
                  },
                  "expectedDistance" : "8 to 12% [50 to 76px]",
                  "realDistance" : "10% [64px]"
                } ],
                "highlight" : [ "datum-27" ]
              } ]
            }, {
              "name" : "datum-28",
              "specs" : [ {
                "status" : "info",
                "place" : {
                  "filePath" : "./testovi/rezervacija.gspec",
                  "lineNumber" : 91
                },
                "name" : "inside kalendar",
                "meta" : [ ],
                "highlight" : [ "datum-28", "kalendar" ]
              }, {
                "status" : "info",
                "place" : {
                  "filePath" : "./testovi/rezervacija.gspec",
                  "lineNumber" : 92
                },
                "name" : "width ~ 10 % of kalendar/width",
                "meta" : [ {
                  "from" : {
                    "object" : "datum-28",
                    "edge" : "left"
                  },
                  "to" : {
                    "object" : "datum-28",
                    "edge" : "right"
                  },
                  "expectedDistance" : "8 to 12% [50 to 76px]",
                  "realDistance" : "10% [64px]"
                } ],
                "highlight" : [ "datum-28" ]
              } ]
            }, {
              "name" : "datum-29",
              "specs" : [ {
                "status" : "info",
                "place" : {
                  "filePath" : "./testovi/rezervacija.gspec",
                  "lineNumber" : 91
                },
                "name" : "inside kalendar",
                "meta" : [ ],
                "highlight" : [ "datum-29", "kalendar" ]
              }, {
                "status" : "info",
                "place" : {
                  "filePath" : "./testovi/rezervacija.gspec",
                  "lineNumber" : 92
                },
                "name" : "width ~ 10 % of kalendar/width",
                "meta" : [ {
                  "from" : {
                    "object" : "datum-29",
                    "edge" : "left"
                  },
                  "to" : {
                    "object" : "datum-29",
                    "edge" : "right"
                  },
                  "expectedDistance" : "8 to 12% [50 to 76px]",
                  "realDistance" : "10% [64px]"
                } ],
                "highlight" : [ "datum-29" ]
              } ]
            }, {
              "name" : "datum-30",
              "specs" : [ {
                "status" : "info",
                "place" : {
                  "filePath" : "./testovi/rezervacija.gspec",
                  "lineNumber" : 91
                },
                "name" : "inside kalendar",
                "meta" : [ ],
                "highlight" : [ "datum-30", "kalendar" ]
              }, {
                "status" : "info",
                "place" : {
                  "filePath" : "./testovi/rezervacija.gspec",
                  "lineNumber" : 92
                },
                "name" : "width ~ 10 % of kalendar/width",
                "meta" : [ {
                  "from" : {
                    "object" : "datum-30",
                    "edge" : "left"
                  },
                  "to" : {
                    "object" : "datum-30",
                    "edge" : "right"
                  },
                  "expectedDistance" : "8 to 12% [50 to 76px]",
                  "realDistance" : "10% [64px]"
                } ],
                "highlight" : [ "datum-30" ]
              } ]
            }, {
              "name" : "datum-31",
              "specs" : [ {
                "status" : "info",
                "place" : {
                  "filePath" : "./testovi/rezervacija.gspec",
                  "lineNumber" : 91
                },
                "name" : "inside kalendar",
                "meta" : [ ],
                "highlight" : [ "datum-31", "kalendar" ]
              }, {
                "status" : "info",
                "place" : {
                  "filePath" : "./testovi/rezervacija.gspec",
                  "lineNumber" : 92
                },
                "name" : "width ~ 10 % of kalendar/width",
                "meta" : [ {
                  "from" : {
                    "object" : "datum-31",
                    "edge" : "left"
                  },
                  "to" : {
                    "object" : "datum-31",
                    "edge" : "right"
                  },
                  "expectedDistance" : "8 to 12% [50 to 76px]",
                  "realDistance" : "10% [64px]"
                } ],
                "highlight" : [ "datum-31" ]
              } ]
            }, {
              "name" : "datum-32",
              "specs" : [ {
                "status" : "info",
                "place" : {
                  "filePath" : "./testovi/rezervacija.gspec",
                  "lineNumber" : 91
                },
                "name" : "inside kalendar",
                "meta" : [ ],
                "highlight" : [ "datum-32", "kalendar" ]
              }, {
                "status" : "info",
                "place" : {
                  "filePath" : "./testovi/rezervacija.gspec",
                  "lineNumber" : 92
                },
                "name" : "width ~ 10 % of kalendar/width",
                "meta" : [ {
                  "from" : {
                    "object" : "datum-32",
                    "edge" : "left"
                  },
                  "to" : {
                    "object" : "datum-32",
                    "edge" : "right"
                  },
                  "expectedDistance" : "8 to 12% [50 to 76px]",
                  "realDistance" : "10% [64px]"
                } ],
                "highlight" : [ "datum-32" ]
              } ]
            }, {
              "name" : "datum-33",
              "specs" : [ {
                "status" : "info",
                "place" : {
                  "filePath" : "./testovi/rezervacija.gspec",
                  "lineNumber" : 91
                },
                "name" : "inside kalendar",
                "meta" : [ ],
                "highlight" : [ "datum-33", "kalendar" ]
              }, {
                "status" : "info",
                "place" : {
                  "filePath" : "./testovi/rezervacija.gspec",
                  "lineNumber" : 92
                },
                "name" : "width ~ 10 % of kalendar/width",
                "meta" : [ {
                  "from" : {
                    "object" : "datum-33",
                    "edge" : "left"
                  },
                  "to" : {
                    "object" : "datum-33",
                    "edge" : "right"
                  },
                  "expectedDistance" : "8 to 12% [50 to 76px]",
                  "realDistance" : "10% [64px]"
                } ],
                "highlight" : [ "datum-33" ]
              } ]
            }, {
              "name" : "datum-34",
              "specs" : [ {
                "status" : "info",
                "place" : {
                  "filePath" : "./testovi/rezervacija.gspec",
                  "lineNumber" : 91
                },
                "name" : "inside kalendar",
                "meta" : [ ],
                "highlight" : [ "datum-34", "kalendar" ]
              }, {
                "status" : "info",
                "place" : {
                  "filePath" : "./testovi/rezervacija.gspec",
                  "lineNumber" : 92
                },
                "name" : "width ~ 10 % of kalendar/width",
                "meta" : [ {
                  "from" : {
                    "object" : "datum-34",
                    "edge" : "left"
                  },
                  "to" : {
                    "object" : "datum-34",
                    "edge" : "right"
                  },
                  "expectedDistance" : "8 to 12% [50 to 76px]",
                  "realDistance" : "10% [64px]"
                } ],
                "highlight" : [ "datum-34" ]
              } ]
            } ]
          }, {
            "name" : "slobodna",
            "place" : {
              "filePath" : "./testovi/rezervacija.gspec",
              "lineNumber" : 94
            },
            "objects" : [ {
              "name" : "slobodna",
              "specs" : [ {
                "status" : "info",
                "place" : {
                  "filePath" : "./testovi/rezervacija.gspec",
                  "lineNumber" : 96
                },
                "name" : "inside kalendar",
                "meta" : [ ],
                "highlight" : [ "slobodna", "kalendar" ]
              } ]
            } ]
          }, {
            "name" : "zauzeta",
            "place" : {
              "filePath" : "./testovi/rezervacija.gspec",
              "lineNumber" : 98
            },
            "objects" : [ {
              "name" : "zauzeta",
              "specs" : [ {
                "status" : "info",
                "place" : {
                  "filePath" : "./testovi/rezervacija.gspec",
                  "lineNumber" : 100
                },
                "name" : "inside kalendar",
                "meta" : [ ],
                "highlight" : [ "zauzeta", "kalendar" ]
              } ]
            } ]
          } ],
          "objects" : {
            "datum-19" : {
              "area" : [ 554, 707, 64, 76 ]
            },
            "datum-18" : {
              "area" : [ 464, 707, 64, 76 ]
            },
            "datum-17" : {
              "area" : [ 374, 707, 64, 76 ]
            },
            "datum-16" : {
              "area" : [ 284, 707, 64, 76 ]
            },
            "datum-15" : {
              "area" : [ 194, 707, 64, 76 ]
            },
            "vrijeme-2" : {
              "area" : [ 463, 383, 74, 22 ]
            },
            "datum-14" : {
              "area" : [ 733, 631, 64, 76 ]
            },
            "vrijeme-1" : {
              "area" : [ 463, 344, 74, 22 ]
            },
            "datum-13" : {
              "area" : [ 643, 631, 64, 76 ]
            },
            "screen" : {
              "area" : [ 0, 0, 995, 1041 ]
            },
            "datum-23" : {
              "area" : [ 284, 783, 64, 76 ]
            },
            "logo" : {
              "area" : [ 447, 30, 100, 100 ]
            },
            "datum-22" : {
              "area" : [ 194, 783, 64, 76 ]
            },
            "datum-21" : {
              "area" : [ 733, 707, 64, 76 ]
            },
            "datum-20" : {
              "area" : [ 643, 707, 64, 76 ]
            },
            "datum-29" : {
              "area" : [ 194, 859, 64, 76 ]
            },
            "datum-28" : {
              "area" : [ 733, 783, 64, 76 ]
            },
            "datum-27" : {
              "area" : [ 643, 783, 64, 76 ]
            },
            "datum-26" : {
              "area" : [ 554, 783, 64, 76 ]
            },
            "datum-25" : {
              "area" : [ 464, 783, 64, 76 ]
            },
            "datum-24" : {
              "area" : [ 374, 783, 64, 76 ]
            },
            "stranice-5" : {
              "area" : [ 631, 189, 75, 17 ]
            },
            "datum-34" : {
              "area" : [ 643, 859, 64, 76 ]
            },
            "stranice-4" : {
              "area" : [ 515, 189, 112, 17 ]
            },
            "datum-33" : {
              "area" : [ 554, 859, 64, 76 ]
            },
            "datum-32" : {
              "area" : [ 464, 859, 64, 76 ]
            },
            "datum-31" : {
              "area" : [ 374, 859, 64, 76 ]
            },
            "stranice-1" : {
              "area" : [ 288, 189, 85, 17 ]
            },
            "datum-30" : {
              "area" : [ 284, 859, 64, 76 ]
            },
            "stranice-3" : {
              "area" : [ 443, 189, 67, 17 ]
            },
            "stranice-2" : {
              "area" : [ 377, 189, 61, 17 ]
            },
            "dan-6" : {
              "area" : [ 643, 491, 64, 40 ]
            },
            "datum-8" : {
              "area" : [ 194, 631, 64, 76 ]
            },
            "dan-7" : {
              "area" : [ 733, 491, 64, 40 ]
            },
            "datum-9" : {
              "area" : [ 284, 631, 64, 76 ]
            },
            "dan-4" : {
              "area" : [ 464, 491, 64, 40 ]
            },
            "datum-6" : {
              "area" : [ 643, 555, 64, 76 ]
            },
            "dan-5" : {
              "area" : [ 554, 491, 64, 40 ]
            },
            "datum-7" : {
              "area" : [ 733, 555, 64, 76 ]
            },
            "dan-2" : {
              "area" : [ 284, 491, 64, 40 ]
            },
            "datum-4" : {
              "area" : [ 464, 555, 64, 34 ]
            },
            "dan-3" : {
              "area" : [ 374, 491, 64, 40 ]
            },
            "datum-5" : {
              "area" : [ 554, 555, 64, 76 ]
            },
            "datum-2" : {
              "area" : [ 284, 555, 64, 34 ]
            },
            "dan-1" : {
              "area" : [ 194, 491, 64, 40 ]
            },
            "datum-3" : {
              "area" : [ 374, 555, 64, 34 ]
            },
            "datum-1" : {
              "area" : [ 194, 555, 64, 34 ]
            },
            "kalendar" : {
              "area" : [ 179, 413, 636, 541 ]
            },
            "meni" : {
              "area" : [ 99, 80, 796, 146 ]
            },
            "sadrzaj" : {
              "area" : [ 99, 274, 796, 767 ]
            },
            "zauzeta" : {
              "area" : [ 284, 679, 64, 20 ]
            },
            "sale" : {
              "area" : [ 484, 290, 53, 20 ]
            },
            "datum-12" : {
              "area" : [ 554, 631, 64, 76 ]
            },
            "datum-11" : {
              "area" : [ 464, 631, 64, 76 ]
            },
            "datum-10" : {
              "area" : [ 374, 631, 64, 76 ]
            },
            "periodicna" : {
              "area" : [ 454, 319, 13, 13 ]
            },
            "slobodna" : {
              "area" : [ 554, 603, 64, 20 ]
            }
          },
          "screenshot" : "layout-1-screenshot.png",
          "type" : "layout"
        } ],
        "time" : 1573593773963,
        "type" : "node"
      } ],
      "time" : 1573593763692,
      "type" : "node"
    } ]
  }
}