{
  "periodicna": [
    {
      "dan": 1,
      "semestar": "zimski",
      "pocetak": "01:00",
      "kraj": "03:00",
      "naziv": "1",
      "predavac": "Zeljko"
    },
    {
      "dan": 5,
      "semestar": "ljetni",
      "pocetak": "01:00",
      "kraj": "03:00",
      "naziv": "1",
      "predavac": "Zeljko"
    },
    {
      "dan": 3,
      "semestar": "zimski",
      "pocetak": "01:00",
      "kraj": "03:00",
      "naziv": "1",
      "predavac": "Zeljko"
    },
    {
      "dan": 3,
      "semestar": "ljetni",
      "pocetak": "01:00",
      "kraj": "03:00",
      "naziv": "1",
      "predavac": "Zeljko"
    },
    {
      "dan": 3,
      "semestar": "ljetni",
      "pocetak": "11:00",
      "kraj": "13:00",
      "naziv": "1",
      "predavac": "Zeljko"
    },
    {
      "pocetak": "01:00",
      "kraj": "03:00",
      "naziv": "1",
      "predavac": "",
      "dan": 6,
      "semestar": "zimski"
    },
    {
      "pocetak": "01:00",
      "kraj": "03:00",
      "naziv": "1",
      "predavac": "",
      "dan": 5,
      "semestar": "zimski"
    },
    {
      "pocetak": "13:00:00",
      "kraj": "14:00:00",
      "naziv": "1",
      "predavac": "1",
      "dan": 2,
      "semestar": "zimski"
    },
    {
      "pocetak": "13:00:00",
      "kraj": "14:00:00",
      "naziv": "1",
      "predavac": "1",
      "dan": 3,
      "semestar": "zimski"
    }
  ],
  "vanredna": [
    {
      "datum": "12.10.2019",
      "pocetak": "01:00",
      "kraj": "03:00",
      "naziv": "1",
      "predavac": "Zeljko"
    },
    {
      "datum": "12.11.2019",
      "pocetak": "01:00",
      "kraj": "03:00",
      "naziv": "1",
      "predavac": "Zeljko"
    },
    {
      "datum": "12.12.2019",
      "pocetak": "01:00",
      "kraj": "03:00",
      "naziv": "1",
      "predavac": "Zeljko"
    },
    {
      "datum": "12.12.2019",
      "pocetak": "11:00",
      "kraj": "13:00",
      "naziv": "1",
      "predavac": "Zeljko"
    },
    {
      "datum": "12.24.2019",
      "pocetak": "01:00",
      "kraj": "03:00",
      "naziv": "1",
      "predavac": ""
    },
    {
      "datum": "11.12.2019",
      "pocetak": "01:00",
      "kraj": "03:00",
      "naziv": "1",
      "predavac": ""
    },
    {
      "datum": "27.12.2019",
      "pocetak": "01:00",
      "kraj": "03:00",
      "naziv": "1",
      "predavac": ""
    },
    {
      "datum": "4.12.2019",
      "pocetak": "01:00",
      "kraj": "03:00",
      "naziv": "1",
      "predavac": ""
    },
    {
      "datum": "23.12.2019",
      "pocetak": "01:00",
      "kraj": "03:00",
      "naziv": "1",
      "predavac": ""
    },
    {
      "datum": "18.12.2019",
      "pocetak": "01:00",
      "kraj": "03:00",
      "naziv": "1",
      "predavac": ""
    },
    {
      "datum": "1.12.2019",
      "pocetak": "01:00",
      "kraj": "03:00",
      "naziv": "1",
      "predavac": ""
    },
    {
      "datum": "10.12.2019",
      "pocetak": "01:00",
      "kraj": "03:00",
      "naziv": "1",
      "predavac": ""
    },
    {
      "datum": "14.12.2019",
      "pocetak": "02:00",
      "kraj": "04:00",
      "naziv": "1",
      "predavac": ""
    },
    {
      "datum": "12.12.2019",
      "pocetak": "20:00",
      "kraj": "22:00",
      "naziv": "1",
      "predavac": ""
    },
    {
      "datum": "19.12.2019",
      "pocetak": "01:00",
      "kraj": "03:00",
      "naziv": "1",
      "predavac": ""
    },
    {
      "datum": "8.12.2019",
      "pocetak": "01:00",
      "kraj": "03:00",
      "naziv": "1",
      "predavac": ""
    },
    {
      "datum": "20.01.2020",
      "pocetak": "01:00",
      "kraj": "03:00",
      "naziv": "1",
      "predavac": "Zeljko"
    },
    {
      "datum": "23.1.2020",
      "pocetak": "01:00",
      "kraj": "03:00",
      "naziv": "1",
      "predavac": ""
    },
    {
      "datum": "11.12.2019",
      "pocetak": "01:00",
      "kraj": "03:00",
      "naziv": "2",
      "predavac": ""
    }
  ]
}