{"periodicna":[{"dan":4,"semestar":"zimski","pocetak":"09:00","kraj":"13:00","naziv":"0-01","predavac":"profesor"},{"dan":2,"semestar":"ljetni","pocetak":"09:00","kraj":"15:00","naziv":"0-01","predavac":"profesor"},{"dan":4,"semestar":"ljetni","pocetak":"09:00","kraj":"15:00","naziv":"0-01","predavac":"profesor"}],"vanredna":[{"datum":"09.11.2019","pocetak":"09:00","kraj":"15:00","naziv":"0-01","predavac":"profesor"},{"datum":"12.09.2019","pocetak":"09:00","kraj":"15:00","naziv":"0-01","predavac":"profesor"},{"datum":"09.05.2019","pocetak":"09:00","kraj":"15:00","naziv":"0-01","predavac":"profesor"},{"datum":"06.11.2019","pocetak":"09:00","kraj":"15:00","naziv":"0-01","predavac":"profesor"},{"datum":"27.11.2019","pocetak":"09:00","kraj":"15:00","naziv":"0-01","predavac":"profesor"},{"datum":"02.11.2019","pocetak":"09:00","kraj":"15:01","naziv":"0-01","predavac":"profesor"},{"datum":"13.11.2019","pocetak":"09:00","kraj":"13:00","naziv":"0-01","predavac":"profesor"},{"datum":"16.11.2019","pocetak":"09:00","kraj":"13:00","naziv":"0-01","predavac":"profesor"},{"datum":"04.11.2019","pocetak":"09:00","kraj":"15:00","naziv":"0-01","predavac":"profesor"},{"datum":"10.12.2019","pocetak":"09:00","kraj":"15:00","naziv":"0-01","predavac":"profesor"},{"datum":"24.12.2019","pocetak":"09:00","kraj":"15:00","naziv":"0-01","predavac":"profesor"},{"datum":"08.12.2019","pocetak":"09:00","kraj":"15:00","naziv":"0-01","predavac":"profesor"},{"datum":"14.10.2019","pocetak":"09:00","kraj":"15:00","naziv":"0-01","predavac":"profesor"},{"datum":"11.03.2019","pocetak":"09:00","kraj":"15:00","naziv":"0-01","predavac":"profesor"}]}