[
    {
        "url": "https://cdn.cnn.com/cnnnext/dam/assets/190121090951-04-blood-moon-global-01212019-exlarge-169.jpg",
        "slikaBroj": 1
    },
    {
        "url": "https://www.w3schools.com/w3css/img_lights.jpg",
        "slikaBroj": 2
    },
    {
        "url": "https://images.pexels.com/photos/67636/rose-blue-flower-rose-blooms-67636.jpeg?auto=compress&cs=tinysrgb&dpr=1&w=500",
        "slikaBroj": 3
    },
    {
        "url": "https://images.unsplash.com/photo-1503023345310-bd7c1de61c7d?ixlib=rb-1.2.1&ixid=eyJhcHBfaWQiOjEyMDd9&w=1000&q=80",
        "slikaBroj": 4
    },
    {
        "url": "https://cdn.pixabay.com/photo/2018/05/28/22/11/message-in-a-bottle-3437294__340.jpg",
        "slikaBroj": 5
    },
    {
        "url": "https://images.pexels.com/photos/414612/pexels-photo-414612.jpeg?auto=compress&cs=tinysrgb&dpr=1&w=500",
        "slikaBroj": 6
    },
    {
        "url": "https://www.gettyimages.com/gi-resources/images/500px/983794168.jpg",
        "slikaBroj": 7
    },
    {
        "url": "https://media.istockphoto.com/photos/view-of-sydney-harbour-australia-picture-id535455441?k=6&m=535455441&s=612x612&w=0&h=jVkW0bOqvffn2SzvUdncgkwHGScJRzak0oaQGij__h8=",
        "slikaBroj": 8
    },
    {
        "url": "https://images.fineartamerica.com/images-medium-large-5/lush-green-waterfall-athena-mckinzie.jpg",
        "slikaBroj": 9
    },
    {
        "url": "https://encrypted-tbn0.gstatic.com/images?q=tbn:ANd9GcQ7uiw31nTzxA4udjoYkmqDCfrEZmGc7n8KCJwpJnqp9z_wcXsd&s",
        "slikaBroj": 10
    }
]
