[
  [
    {
      "dan": 0,
      "semestar": "zimski",
      "pocetak": "10:00",
      "kraj": "12:00",
      "naziv": "0-01",
      "predavac": "Predavac"
    },
    {
      "dan": 4,
      "semestar": "zimski",
      "pocetak": "12:00",
      "kraj": "14:30",
      "naziv": "1-01",
      "predavac": "Predavac"
    },
    {
      "dan": 1,
      "semestar": "ljetni",
      "pocetak": "10:00",
      "kraj": "12:00",
      "naziv": "0-01",
      "predavac": "Predavac"
    },
    {
      "dan": 2,
      "semestar": "ljetni",
      "pocetak": "12:00",
      "kraj": "15:00",
      "naziv": "1-01",
      "predavac": "Predavac"
    }
  ],
  [
    {
      "datum": "15.10.2019",
      "pocetak": "13:00",
      "kraj": "15:00",
      "naziv": "0-01",
      "predavac": "Predavac"
    },
    {
      "datum": "14.11.2019",
      "pocetak": "12:00",
      "kraj": "15:00",
      "naziv": "0-01",
      "predavac": "Predavac"
    },
    {
      "datum": "20.11.2019",
      "pocetak": "11:00",
      "kraj": "15:00",
      "naziv": "1-01",
      "predavac": "Predavac"
    },
    {
      "datum": "5.12.2019",
      "pocetak": "10:00:00",
      "kraj": "12:00:00",
      "naziv": "0-01",
      "predavac": "Predavac"
    }
  ]
]