{
  "testId" : "1-mobilepocetna.gspec",
  "name" : "mobilePocetna.gspec",
  "report" : {
    "nodes" : [ {
      "name" : "Mutation test",
      "status" : "info",
      "nodes" : [ {
        "name" : "check  mobilePocetna.gspec --url http://localhost/pocetna.html --size 600x768 --htmlreport izvjestaji_pokrivenosti",
        "status" : "info",
        "nodes" : [ {
          "name" : "Check layout: mobilePocetna.gspec included tags: ",
          "status" : "info",
          "time" : 1573655215516,
          "sections" : [ {
            "name" : "Meni section",
            "place" : {
              "filePath" : "mobilePocetna.gspec",
              "lineNumber" : 10
            },
            "objects" : [ {
              "name" : "meni",
              "specs" : [ {
                "status" : "info",
                "place" : {
                  "filePath" : "mobilePocetna.gspec",
                  "lineNumber" : 12
                },
                "name" : "inside screen 60px top",
                "meta" : [ {
                  "from" : {
                    "object" : "meni",
                    "edge" : "top"
                  },
                  "to" : {
                    "object" : "screen",
                    "edge" : "top"
                  },
                  "expectedDistance" : "60px",
                  "realDistance" : "60px"
                } ],
                "highlight" : [ "meni", "screen" ]
              } ]
            }, {
              "name" : "stavka_menija-1",
              "specs" : [ {
                "status" : "info",
                "place" : {
                  "filePath" : "mobilePocetna.gspec",
                  "lineNumber" : 15
                },
                "name" : "text is \"Po�?etna\"",
                "highlight" : [ "stavka_menija-1" ]
              }, {
                "status" : "info",
                "place" : {
                  "filePath" : "mobilePocetna.gspec",
                  "lineNumber" : 16
                },
                "name" : "aligned vertically left stavka_menija-2",
                "highlight" : [ "stavka_menija-1", "stavka_menija-2" ]
              }, {
                "status" : "info",
                "place" : {
                  "filePath" : "mobilePocetna.gspec",
                  "lineNumber" : 17
                },
                "name" : "aligned vertically left stavka_menija-3",
                "highlight" : [ "stavka_menija-1", "stavka_menija-3" ]
              }, {
                "status" : "info",
                "place" : {
                  "filePath" : "mobilePocetna.gspec",
                  "lineNumber" : 18
                },
                "name" : "aligned vertically left stavka_menija-4",
                "highlight" : [ "stavka_menija-1", "stavka_menija-4" ]
              }, {
                "status" : "info",
                "place" : {
                  "filePath" : "mobilePocetna.gspec",
                  "lineNumber" : 19
                },
                "name" : "aligned vertically left stavka_menija-5",
                "highlight" : [ "stavka_menija-1", "stavka_menija-5" ]
              } ]
            }, {
              "name" : "stavka_menija-2",
              "specs" : [ {
                "status" : "info",
                "place" : {
                  "filePath" : "mobilePocetna.gspec",
                  "lineNumber" : 22
                },
                "name" : "text is \"Sale\"",
                "highlight" : [ "stavka_menija-2" ]
              } ]
            }, {
              "name" : "stavka_menija-3",
              "specs" : [ {
                "status" : "info",
                "place" : {
                  "filePath" : "mobilePocetna.gspec",
                  "lineNumber" : 25
                },
                "name" : "text is \"Unos\"",
                "highlight" : [ "stavka_menija-3" ]
              } ]
            }, {
              "name" : "stavka_menija-4",
              "specs" : [ {
                "status" : "info",
                "place" : {
                  "filePath" : "mobilePocetna.gspec",
                  "lineNumber" : 28
                },
                "name" : "text is \"Rezervacije\"",
                "highlight" : [ "stavka_menija-4" ]
              } ]
            }, {
              "name" : "stavka_menija-5",
              "specs" : [ {
                "status" : "info",
                "place" : {
                  "filePath" : "mobilePocetna.gspec",
                  "lineNumber" : 31
                },
                "name" : "text is \"Osobe\"",
                "highlight" : [ "stavka_menija-5" ]
              } ]
            }, {
              "name" : "logo",
              "specs" : [ {
                "status" : "info",
                "place" : {
                  "filePath" : "mobilePocetna.gspec",
                  "lineNumber" : 34
                },
                "name" : "inside screen",
                "meta" : [ ],
                "highlight" : [ "logo", "screen" ]
              }, {
                "status" : "info",
                "place" : {
                  "filePath" : "mobilePocetna.gspec",
                  "lineNumber" : 35
                },
                "name" : "centered horizontally inside meni",
                "highlight" : [ "logo", "meni" ]
              } ]
            } ]
          }, {
            "name" : "Main section",
            "place" : {
              "filePath" : "mobilePocetna.gspec",
              "lineNumber" : 37
            },
            "objects" : [ {
              "name" : "sadrzaj",
              "specs" : [ {
                "status" : "info",
                "place" : {
                  "filePath" : "mobilePocetna.gspec",
                  "lineNumber" : 39
                },
                "name" : "inside screen",
                "meta" : [ ],
                "highlight" : [ "sadrzaj", "screen" ]
              }, {
                "status" : "info",
                "place" : {
                  "filePath" : "mobilePocetna.gspec",
                  "lineNumber" : 40
                },
                "name" : "contains slika_u_sadrzaju-1",
                "highlight" : [ "sadrzaj", "slika_u_sadrzaju-1" ]
              }, {
                "status" : "info",
                "place" : {
                  "filePath" : "mobilePocetna.gspec",
                  "lineNumber" : 41
                },
                "name" : "contains slika_u_sadrzaju-2",
                "highlight" : [ "sadrzaj", "slika_u_sadrzaju-2" ]
              }, {
                "status" : "info",
                "place" : {
                  "filePath" : "mobilePocetna.gspec",
                  "lineNumber" : 42
                },
                "name" : "contains slika_u_sadrzaju-3",
                "highlight" : [ "sadrzaj", "slika_u_sadrzaju-3" ]
              }, {
                "status" : "info",
                "place" : {
                  "filePath" : "mobilePocetna.gspec",
                  "lineNumber" : 43
                },
                "name" : "contains slika_u_sadrzaju-4",
                "highlight" : [ "sadrzaj", "slika_u_sadrzaju-4" ]
              }, {
                "status" : "info",
                "place" : {
                  "filePath" : "mobilePocetna.gspec",
                  "lineNumber" : 44
                },
                "name" : "contains slika_u_sadrzaju-5",
                "highlight" : [ "sadrzaj", "slika_u_sadrzaju-5" ]
              }, {
                "status" : "info",
                "place" : {
                  "filePath" : "mobilePocetna.gspec",
                  "lineNumber" : 45
                },
                "name" : "contains slika_u_sadrzaju-6",
                "highlight" : [ "sadrzaj", "slika_u_sadrzaju-6" ]
              }, {
                "status" : "info",
                "place" : {
                  "filePath" : "mobilePocetna.gspec",
                  "lineNumber" : 46
                },
                "name" : "contains slika_u_sadrzaju-7",
                "highlight" : [ "sadrzaj", "slika_u_sadrzaju-7" ]
              }, {
                "status" : "info",
                "place" : {
                  "filePath" : "mobilePocetna.gspec",
                  "lineNumber" : 47
                },
                "name" : "contains slika_u_sadrzaju-8",
                "highlight" : [ "sadrzaj", "slika_u_sadrzaju-8" ]
              }, {
                "status" : "info",
                "place" : {
                  "filePath" : "mobilePocetna.gspec",
                  "lineNumber" : 48
                },
                "name" : "contains slika_u_sadrzaju-9",
                "highlight" : [ "sadrzaj", "slika_u_sadrzaju-9" ]
              }, {
                "status" : "info",
                "place" : {
                  "filePath" : "mobilePocetna.gspec",
                  "lineNumber" : 49
                },
                "name" : "contains slika_u_sadrzaju-10",
                "highlight" : [ "sadrzaj", "slika_u_sadrzaju-10" ]
              } ]
            }, {
              "name" : "slika_u_sadrzaju-1",
              "specs" : [ {
                "status" : "info",
                "place" : {
                  "filePath" : "mobilePocetna.gspec",
                  "lineNumber" : 52
                },
                "name" : "inside screen",
                "meta" : [ ],
                "highlight" : [ "slika_u_sadrzaju-1", "screen" ]
              }, {
                "status" : "info",
                "place" : {
                  "filePath" : "mobilePocetna.gspec",
                  "lineNumber" : 53
                },
                "name" : "height 240px",
                "meta" : [ {
                  "from" : {
                    "object" : "slika_u_sadrzaju-1",
                    "edge" : "top"
                  },
                  "to" : {
                    "object" : "slika_u_sadrzaju-1",
                    "edge" : "bottom"
                  },
                  "expectedDistance" : "240px",
                  "realDistance" : "240px"
                } ],
                "highlight" : [ "slika_u_sadrzaju-1" ]
              }, {
                "status" : "info",
                "place" : {
                  "filePath" : "mobilePocetna.gspec",
                  "lineNumber" : 54
                },
                "name" : "aligned vertically all slika_u_sadrzaju-2",
                "highlight" : [ "slika_u_sadrzaju-1", "slika_u_sadrzaju-2" ]
              }, {
                "status" : "info",
                "place" : {
                  "filePath" : "mobilePocetna.gspec",
                  "lineNumber" : 55
                },
                "name" : "aligned vertically all slika_u_sadrzaju-3",
                "highlight" : [ "slika_u_sadrzaju-1", "slika_u_sadrzaju-3" ]
              }, {
                "status" : "info",
                "place" : {
                  "filePath" : "mobilePocetna.gspec",
                  "lineNumber" : 56
                },
                "name" : "aligned vertically all slika_u_sadrzaju-4",
                "highlight" : [ "slika_u_sadrzaju-1", "slika_u_sadrzaju-4" ]
              }, {
                "status" : "info",
                "place" : {
                  "filePath" : "mobilePocetna.gspec",
                  "lineNumber" : 57
                },
                "name" : "aligned vertically all slika_u_sadrzaju-5",
                "highlight" : [ "slika_u_sadrzaju-1", "slika_u_sadrzaju-5" ]
              }, {
                "status" : "info",
                "place" : {
                  "filePath" : "mobilePocetna.gspec",
                  "lineNumber" : 58
                },
                "name" : "aligned vertically all slika_u_sadrzaju-6",
                "highlight" : [ "slika_u_sadrzaju-1", "slika_u_sadrzaju-6" ]
              }, {
                "status" : "info",
                "place" : {
                  "filePath" : "mobilePocetna.gspec",
                  "lineNumber" : 59
                },
                "name" : "aligned vertically all slika_u_sadrzaju-7",
                "highlight" : [ "slika_u_sadrzaju-1", "slika_u_sadrzaju-7" ]
              }, {
                "status" : "info",
                "place" : {
                  "filePath" : "mobilePocetna.gspec",
                  "lineNumber" : 60
                },
                "name" : "aligned vertically all slika_u_sadrzaju-8",
                "highlight" : [ "slika_u_sadrzaju-1", "slika_u_sadrzaju-8" ]
              }, {
                "status" : "info",
                "place" : {
                  "filePath" : "mobilePocetna.gspec",
                  "lineNumber" : 61
                },
                "name" : "aligned vertically all slika_u_sadrzaju-9",
                "highlight" : [ "slika_u_sadrzaju-1", "slika_u_sadrzaju-9" ]
              }, {
                "status" : "info",
                "place" : {
                  "filePath" : "mobilePocetna.gspec",
                  "lineNumber" : 62
                },
                "name" : "aligned vertically all slika_u_sadrzaju-10",
                "highlight" : [ "slika_u_sadrzaju-1", "slika_u_sadrzaju-10" ]
              } ]
            }, {
              "name" : "slika_u_sadrzaju-2",
              "specs" : [ {
                "status" : "info",
                "place" : {
                  "filePath" : "mobilePocetna.gspec",
                  "lineNumber" : 65
                },
                "name" : "inside screen",
                "meta" : [ ],
                "highlight" : [ "slika_u_sadrzaju-2", "screen" ]
              }, {
                "status" : "info",
                "place" : {
                  "filePath" : "mobilePocetna.gspec",
                  "lineNumber" : 66
                },
                "name" : "height 240px",
                "meta" : [ {
                  "from" : {
                    "object" : "slika_u_sadrzaju-2",
                    "edge" : "top"
                  },
                  "to" : {
                    "object" : "slika_u_sadrzaju-2",
                    "edge" : "bottom"
                  },
                  "expectedDistance" : "240px",
                  "realDistance" : "240px"
                } ],
                "highlight" : [ "slika_u_sadrzaju-2" ]
              } ]
            }, {
              "name" : "slika_u_sadrzaju-3",
              "specs" : [ {
                "status" : "info",
                "place" : {
                  "filePath" : "mobilePocetna.gspec",
                  "lineNumber" : 69
                },
                "name" : "inside screen",
                "meta" : [ ],
                "highlight" : [ "slika_u_sadrzaju-3", "screen" ]
              }, {
                "status" : "info",
                "place" : {
                  "filePath" : "mobilePocetna.gspec",
                  "lineNumber" : 70
                },
                "name" : "height 240px",
                "meta" : [ {
                  "from" : {
                    "object" : "slika_u_sadrzaju-3",
                    "edge" : "top"
                  },
                  "to" : {
                    "object" : "slika_u_sadrzaju-3",
                    "edge" : "bottom"
                  },
                  "expectedDistance" : "240px",
                  "realDistance" : "240px"
                } ],
                "highlight" : [ "slika_u_sadrzaju-3" ]
              } ]
            }, {
              "name" : "slika_u_sadrzaju-4",
              "specs" : [ {
                "status" : "info",
                "place" : {
                  "filePath" : "mobilePocetna.gspec",
                  "lineNumber" : 73
                },
                "name" : "inside screen",
                "meta" : [ ],
                "highlight" : [ "slika_u_sadrzaju-4", "screen" ]
              }, {
                "status" : "info",
                "place" : {
                  "filePath" : "mobilePocetna.gspec",
                  "lineNumber" : 74
                },
                "name" : "height 240px",
                "meta" : [ {
                  "from" : {
                    "object" : "slika_u_sadrzaju-4",
                    "edge" : "top"
                  },
                  "to" : {
                    "object" : "slika_u_sadrzaju-4",
                    "edge" : "bottom"
                  },
                  "expectedDistance" : "240px",
                  "realDistance" : "240px"
                } ],
                "highlight" : [ "slika_u_sadrzaju-4" ]
              } ]
            }, {
              "name" : "slika_u_sadrzaju-5",
              "specs" : [ {
                "status" : "info",
                "place" : {
                  "filePath" : "mobilePocetna.gspec",
                  "lineNumber" : 77
                },
                "name" : "inside screen",
                "meta" : [ ],
                "highlight" : [ "slika_u_sadrzaju-5", "screen" ]
              }, {
                "status" : "info",
                "place" : {
                  "filePath" : "mobilePocetna.gspec",
                  "lineNumber" : 78
                },
                "name" : "height 240px",
                "meta" : [ {
                  "from" : {
                    "object" : "slika_u_sadrzaju-5",
                    "edge" : "top"
                  },
                  "to" : {
                    "object" : "slika_u_sadrzaju-5",
                    "edge" : "bottom"
                  },
                  "expectedDistance" : "240px",
                  "realDistance" : "240px"
                } ],
                "highlight" : [ "slika_u_sadrzaju-5" ]
              } ]
            }, {
              "name" : "slika_u_sadrzaju-6",
              "specs" : [ {
                "status" : "info",
                "place" : {
                  "filePath" : "mobilePocetna.gspec",
                  "lineNumber" : 81
                },
                "name" : "inside screen",
                "meta" : [ ],
                "highlight" : [ "slika_u_sadrzaju-6", "screen" ]
              }, {
                "status" : "info",
                "place" : {
                  "filePath" : "mobilePocetna.gspec",
                  "lineNumber" : 82
                },
                "name" : "height 240px",
                "meta" : [ {
                  "from" : {
                    "object" : "slika_u_sadrzaju-6",
                    "edge" : "top"
                  },
                  "to" : {
                    "object" : "slika_u_sadrzaju-6",
                    "edge" : "bottom"
                  },
                  "expectedDistance" : "240px",
                  "realDistance" : "240px"
                } ],
                "highlight" : [ "slika_u_sadrzaju-6" ]
              } ]
            }, {
              "name" : "slika_u_sadrzaju-7",
              "specs" : [ {
                "status" : "info",
                "place" : {
                  "filePath" : "mobilePocetna.gspec",
                  "lineNumber" : 85
                },
                "name" : "inside screen",
                "meta" : [ ],
                "highlight" : [ "slika_u_sadrzaju-7", "screen" ]
              }, {
                "status" : "info",
                "place" : {
                  "filePath" : "mobilePocetna.gspec",
                  "lineNumber" : 86
                },
                "name" : "height 240px",
                "meta" : [ {
                  "from" : {
                    "object" : "slika_u_sadrzaju-7",
                    "edge" : "top"
                  },
                  "to" : {
                    "object" : "slika_u_sadrzaju-7",
                    "edge" : "bottom"
                  },
                  "expectedDistance" : "240px",
                  "realDistance" : "240px"
                } ],
                "highlight" : [ "slika_u_sadrzaju-7" ]
              } ]
            }, {
              "name" : "slika_u_sadrzaju-8",
              "specs" : [ {
                "status" : "info",
                "place" : {
                  "filePath" : "mobilePocetna.gspec",
                  "lineNumber" : 89
                },
                "name" : "inside screen",
                "meta" : [ ],
                "highlight" : [ "slika_u_sadrzaju-8", "screen" ]
              }, {
                "status" : "info",
                "place" : {
                  "filePath" : "mobilePocetna.gspec",
                  "lineNumber" : 90
                },
                "name" : "height 240px",
                "meta" : [ {
                  "from" : {
                    "object" : "slika_u_sadrzaju-8",
                    "edge" : "top"
                  },
                  "to" : {
                    "object" : "slika_u_sadrzaju-8",
                    "edge" : "bottom"
                  },
                  "expectedDistance" : "240px",
                  "realDistance" : "240px"
                } ],
                "highlight" : [ "slika_u_sadrzaju-8" ]
              } ]
            }, {
              "name" : "slika_u_sadrzaju-9",
              "specs" : [ {
                "status" : "info",
                "place" : {
                  "filePath" : "mobilePocetna.gspec",
                  "lineNumber" : 93
                },
                "name" : "inside screen",
                "meta" : [ ],
                "highlight" : [ "slika_u_sadrzaju-9", "screen" ]
              }, {
                "status" : "info",
                "place" : {
                  "filePath" : "mobilePocetna.gspec",
                  "lineNumber" : 94
                },
                "name" : "height 240px",
                "meta" : [ {
                  "from" : {
                    "object" : "slika_u_sadrzaju-9",
                    "edge" : "top"
                  },
                  "to" : {
                    "object" : "slika_u_sadrzaju-9",
                    "edge" : "bottom"
                  },
                  "expectedDistance" : "240px",
                  "realDistance" : "240px"
                } ],
                "highlight" : [ "slika_u_sadrzaju-9" ]
              } ]
            }, {
              "name" : "slika_u_sadrzaju-10",
              "specs" : [ {
                "status" : "info",
                "place" : {
                  "filePath" : "mobilePocetna.gspec",
                  "lineNumber" : 97
                },
                "name" : "inside screen",
                "meta" : [ ],
                "highlight" : [ "slika_u_sadrzaju-10", "screen" ]
              }, {
                "status" : "info",
                "place" : {
                  "filePath" : "mobilePocetna.gspec",
                  "lineNumber" : 98
                },
                "name" : "height 240px",
                "meta" : [ {
                  "from" : {
                    "object" : "slika_u_sadrzaju-10",
                    "edge" : "top"
                  },
                  "to" : {
                    "object" : "slika_u_sadrzaju-10",
                    "edge" : "bottom"
                  },
                  "expectedDistance" : "240px",
                  "realDistance" : "240px"
                } ],
                "highlight" : [ "slika_u_sadrzaju-10" ]
              } ]
            } ]
          } ],
          "objects" : {
            "meni" : {
              "area" : [ 0, 60, 570, 178 ]
            },
            "slika_u_sadrzaju-3" : {
              "area" : [ 83, 771, 335, 240 ]
            },
            "slika_u_sadrzaju-2" : {
              "area" : [ 83, 515, 335, 240 ]
            },
            "slika_u_sadrzaju-1" : {
              "area" : [ 83, 258, 335, 240 ]
            },
            "stavka_menija-3" : {
              "area" : [ 247, 177, 34, 18 ]
            },
            "slika_u_sadrzaju-7" : {
              "area" : [ 83, 1798, 335, 240 ]
            },
            "slika_u_sadrzaju-10" : {
              "area" : [ 83, 2569, 335, 240 ]
            },
            "screen" : {
              "area" : [ 0, 0, 570, 2823 ]
            },
            "stavka_menija-2" : {
              "area" : [ 247, 159, 28, 18 ]
            },
            "slika_u_sadrzaju-6" : {
              "area" : [ 83, 1542, 335, 240 ]
            },
            "stavka_menija-1" : {
              "area" : [ 247, 140, 51, 18 ]
            },
            "slika_u_sadrzaju-5" : {
              "area" : [ 83, 1285, 335, 240 ]
            },
            "slika_u_sadrzaju-4" : {
              "area" : [ 83, 1028, 335, 240 ]
            },
            "stavka_menija-5" : {
              "area" : [ 247, 214, 41, 18 ]
            },
            "sadrzaj" : {
              "area" : [ 0, 244, 570, 2579 ]
            },
            "slika_u_sadrzaju-9" : {
              "area" : [ 83, 2312, 335, 240 ]
            },
            "stavka_menija-4" : {
              "area" : [ 247, 196, 76, 18 ]
            },
            "slika_u_sadrzaju-8" : {
              "area" : [ 83, 2055, 335, 240 ]
            },
            "logo" : {
              "area" : [ 250, 25, 70, 70 ]
            }
          },
          "screenshot" : "layout-1-screenshot.png",
          "type" : "layout"
        }, {
          "name" : "Mutation testing: mobilePocetna.gspec included tags: ",
          "status" : "error",
          "time" : 1573655215516,
          "mutationReport" : {
            "objectMutationStatistics" : {
              "meni" : {
                "passed" : 8,
                "failed" : 2,
                "failedMutations" : [ "meni: increase height by 5px", "meni: decrease height by 5px" ]
              },
              "slika_u_sadrzaju-3" : {
                "passed" : 8,
                "failed" : 2,
                "failedMutations" : [ "slika_u_sadrzaju-3: drag top by 5px", "slika_u_sadrzaju-3: drag down by 5px" ]
              },
              "slika_u_sadrzaju-2" : {
                "passed" : 8,
                "failed" : 2,
                "failedMutations" : [ "slika_u_sadrzaju-2: drag top by 5px", "slika_u_sadrzaju-2: drag down by 5px" ]
              },
              "slika_u_sadrzaju-1" : {
                "passed" : 8,
                "failed" : 2,
                "failedMutations" : [ "slika_u_sadrzaju-1: drag top by 5px", "slika_u_sadrzaju-1: drag down by 5px" ]
              },
              "stavka_menija-3" : {
                "passed" : 3,
                "failed" : 7,
                "failedMutations" : [ "stavka_menija-3: drag top by 5px", "stavka_menija-3: drag down by 5px", "stavka_menija-3: increase width by 5px", "stavka_menija-3: decrease width by 5px", "stavka_menija-3: increase height by 5px", "stavka_menija-3: decrease height by 5px", "stavka_menija-3: move top edge down by 5px" ]
              },
              "slika_u_sadrzaju-7" : {
                "passed" : 8,
                "failed" : 2,
                "failedMutations" : [ "slika_u_sadrzaju-7: drag top by 5px", "slika_u_sadrzaju-7: drag down by 5px" ]
              },
              "slika_u_sadrzaju-10" : {
                "passed" : 8,
                "failed" : 2,
                "failedMutations" : [ "slika_u_sadrzaju-10: drag top by 5px", "slika_u_sadrzaju-10: drag down by 5px" ]
              },
              "screen" : {
                "passed" : 8,
                "failed" : 2,
                "failedMutations" : [ "screen: increase width by 5px", "screen: increase height by 5px" ]
              },
              "stavka_menija-2" : {
                "passed" : 3,
                "failed" : 7,
                "failedMutations" : [ "stavka_menija-2: drag top by 5px", "stavka_menija-2: drag down by 5px", "stavka_menija-2: increase width by 5px", "stavka_menija-2: decrease width by 5px", "stavka_menija-2: increase height by 5px", "stavka_menija-2: decrease height by 5px", "stavka_menija-2: move top edge down by 5px" ]
              },
              "slika_u_sadrzaju-6" : {
                "passed" : 8,
                "failed" : 2,
                "failedMutations" : [ "slika_u_sadrzaju-6: drag top by 5px", "slika_u_sadrzaju-6: drag down by 5px" ]
              },
              "stavka_menija-1" : {
                "passed" : 3,
                "failed" : 7,
                "failedMutations" : [ "stavka_menija-1: drag top by 5px", "stavka_menija-1: drag down by 5px", "stavka_menija-1: increase width by 5px", "stavka_menija-1: decrease width by 5px", "stavka_menija-1: increase height by 5px", "stavka_menija-1: decrease height by 5px", "stavka_menija-1: move top edge down by 5px" ]
              },
              "slika_u_sadrzaju-5" : {
                "passed" : 8,
                "failed" : 2,
                "failedMutations" : [ "slika_u_sadrzaju-5: drag top by 5px", "slika_u_sadrzaju-5: drag down by 5px" ]
              },
              "slika_u_sadrzaju-4" : {
                "passed" : 8,
                "failed" : 2,
                "failedMutations" : [ "slika_u_sadrzaju-4: drag top by 5px", "slika_u_sadrzaju-4: drag down by 5px" ]
              },
              "stavka_menija-5" : {
                "passed" : 3,
                "failed" : 7,
                "failedMutations" : [ "stavka_menija-5: drag top by 5px", "stavka_menija-5: drag down by 5px", "stavka_menija-5: increase width by 5px", "stavka_menija-5: decrease width by 5px", "stavka_menija-5: increase height by 5px", "stavka_menija-5: decrease height by 5px", "stavka_menija-5: move top edge down by 5px" ]
              },
              "sadrzaj" : {
                "passed" : 5,
                "failed" : 5,
                "failedMutations" : [ "sadrzaj: drag top by 5px", "sadrzaj: decrease width by 5px", "sadrzaj: decrease height by 5px", "sadrzaj: move left edge right by 5px", "sadrzaj: move top edge down by 5px" ]
              },
              "slika_u_sadrzaju-9" : {
                "passed" : 8,
                "failed" : 2,
                "failedMutations" : [ "slika_u_sadrzaju-9: drag top by 5px", "slika_u_sadrzaju-9: drag down by 5px" ]
              },
              "stavka_menija-4" : {
                "passed" : 3,
                "failed" : 7,
                "failedMutations" : [ "stavka_menija-4: drag top by 5px", "stavka_menija-4: drag down by 5px", "stavka_menija-4: increase width by 5px", "stavka_menija-4: decrease width by 5px", "stavka_menija-4: increase height by 5px", "stavka_menija-4: decrease height by 5px", "stavka_menija-4: move top edge down by 5px" ]
              },
              "slika_u_sadrzaju-8" : {
                "passed" : 8,
                "failed" : 2,
                "failedMutations" : [ "slika_u_sadrzaju-8: drag top by 5px", "slika_u_sadrzaju-8: drag down by 5px" ]
              },
              "logo" : {
                "passed" : 5,
                "failed" : 5,
                "failedMutations" : [ "logo: drag top by 5px", "logo: drag down by 5px", "logo: increase height by 5px", "logo: decrease height by 5px", "logo: move top edge down by 5px" ]
              }
            },
            "totalPassed" : 121,
            "totalFailed" : 69,
            "totalMutations" : 190,
            "failedRatio" : 36.31578947368421
          },
          "type" : "mutation"
        } ],
        "time" : 1573655210856,
        "type" : "node"
      } ],
      "time" : 1573655200374,
      "type" : "node"
    } ]
  }
}