{
  "testId" : "1-sale.gspec",
  "name" : "sale.gspec",
  "report" : {
    "nodes" : [ {
      "name" : "Mutation test",
      "status" : "info",
      "nodes" : [ {
        "name" : "check  sale.gspec --url http://localhost/sale.html --size 1024x768 --htmlreport izvjestaji_pokrivenosti",
        "status" : "info",
        "nodes" : [ {
          "name" : "Check layout: sale.gspec included tags: ",
          "status" : "info",
          "time" : 1573655066092,
          "sections" : [ {
            "name" : "Meni section",
            "place" : {
              "filePath" : "sale.gspec",
              "lineNumber" : 10
            },
            "objects" : [ {
              "name" : "meni",
              "specs" : [ {
                "status" : "info",
                "place" : {
                  "filePath" : "sale.gspec",
                  "lineNumber" : 12
                },
                "name" : "inside screen 60px top",
                "meta" : [ {
                  "from" : {
                    "object" : "meni",
                    "edge" : "top"
                  },
                  "to" : {
                    "object" : "screen",
                    "edge" : "top"
                  },
                  "expectedDistance" : "60px",
                  "realDistance" : "60px"
                } ],
                "highlight" : [ "meni", "screen" ]
              } ]
            }, {
              "name" : "stavka_menija-1",
              "specs" : [ {
                "status" : "info",
                "place" : {
                  "filePath" : "sale.gspec",
                  "lineNumber" : 15
                },
                "name" : "text is \"Po�?etna\"",
                "highlight" : [ "stavka_menija-1" ]
              }, {
                "status" : "info",
                "place" : {
                  "filePath" : "sale.gspec",
                  "lineNumber" : 16
                },
                "name" : "inside meni 1% of screen/width bottom",
                "meta" : [ {
                  "from" : {
                    "object" : "stavka_menija-1",
                    "edge" : "bottom"
                  },
                  "to" : {
                    "object" : "meni",
                    "edge" : "bottom"
                  },
                  "expectedDistance" : "1px",
                  "realDistance" : "11px"
                } ],
                "highlight" : [ "stavka_menija-1", "meni" ]
              }, {
                "status" : "info",
                "place" : {
                  "filePath" : "sale.gspec",
                  "lineNumber" : 17
                },
                "name" : "aligned horizontally all stavka_menija-2",
                "highlight" : [ "stavka_menija-1", "stavka_menija-2" ]
              } ]
            }, {
              "name" : "stavka_menija-2",
              "specs" : [ {
                "status" : "info",
                "place" : {
                  "filePath" : "sale.gspec",
                  "lineNumber" : 20
                },
                "name" : "text is \"Sale\"",
                "highlight" : [ "stavka_menija-2" ]
              }, {
                "status" : "info",
                "place" : {
                  "filePath" : "sale.gspec",
                  "lineNumber" : 21
                },
                "name" : "inside meni 1% of screen/width bottom",
                "meta" : [ {
                  "from" : {
                    "object" : "stavka_menija-2",
                    "edge" : "bottom"
                  },
                  "to" : {
                    "object" : "meni",
                    "edge" : "bottom"
                  },
                  "expectedDistance" : "1px",
                  "realDistance" : "11px"
                } ],
                "highlight" : [ "stavka_menija-2", "meni" ]
              }, {
                "status" : "info",
                "place" : {
                  "filePath" : "sale.gspec",
                  "lineNumber" : 22
                },
                "name" : "aligned horizontally all stavka_menija-3",
                "highlight" : [ "stavka_menija-2", "stavka_menija-3" ]
              } ]
            }, {
              "name" : "stavka_menija-3",
              "specs" : [ {
                "status" : "info",
                "place" : {
                  "filePath" : "sale.gspec",
                  "lineNumber" : 25
                },
                "name" : "text is \"Unos\"",
                "highlight" : [ "stavka_menija-3" ]
              }, {
                "status" : "info",
                "place" : {
                  "filePath" : "sale.gspec",
                  "lineNumber" : 26
                },
                "name" : "inside meni 1% of screen/width bottom",
                "meta" : [ {
                  "from" : {
                    "object" : "stavka_menija-3",
                    "edge" : "bottom"
                  },
                  "to" : {
                    "object" : "meni",
                    "edge" : "bottom"
                  },
                  "expectedDistance" : "1px",
                  "realDistance" : "11px"
                } ],
                "highlight" : [ "stavka_menija-3", "meni" ]
              }, {
                "status" : "info",
                "place" : {
                  "filePath" : "sale.gspec",
                  "lineNumber" : 27
                },
                "name" : "aligned horizontally all stavka_menija-4",
                "highlight" : [ "stavka_menija-3", "stavka_menija-4" ]
              } ]
            }, {
              "name" : "stavka_menija-4",
              "specs" : [ {
                "status" : "info",
                "place" : {
                  "filePath" : "sale.gspec",
                  "lineNumber" : 30
                },
                "name" : "text is \"Rezervacije\"",
                "highlight" : [ "stavka_menija-4" ]
              }, {
                "status" : "info",
                "place" : {
                  "filePath" : "sale.gspec",
                  "lineNumber" : 31
                },
                "name" : "inside meni 1% of screen/width bottom",
                "meta" : [ {
                  "from" : {
                    "object" : "stavka_menija-4",
                    "edge" : "bottom"
                  },
                  "to" : {
                    "object" : "meni",
                    "edge" : "bottom"
                  },
                  "expectedDistance" : "1px",
                  "realDistance" : "11px"
                } ],
                "highlight" : [ "stavka_menija-4", "meni" ]
              }, {
                "status" : "info",
                "place" : {
                  "filePath" : "sale.gspec",
                  "lineNumber" : 32
                },
                "name" : "aligned horizontally all stavka_menija-5",
                "highlight" : [ "stavka_menija-4", "stavka_menija-5" ]
              } ]
            }, {
              "name" : "stavka_menija-5",
              "specs" : [ {
                "status" : "info",
                "place" : {
                  "filePath" : "sale.gspec",
                  "lineNumber" : 35
                },
                "name" : "text is \"Osobe\"",
                "highlight" : [ "stavka_menija-5" ]
              }, {
                "status" : "info",
                "place" : {
                  "filePath" : "sale.gspec",
                  "lineNumber" : 36
                },
                "name" : "inside meni 1% of screen/width bottom",
                "meta" : [ {
                  "from" : {
                    "object" : "stavka_menija-5",
                    "edge" : "bottom"
                  },
                  "to" : {
                    "object" : "meni",
                    "edge" : "bottom"
                  },
                  "expectedDistance" : "1px",
                  "realDistance" : "11px"
                } ],
                "highlight" : [ "stavka_menija-5", "meni" ]
              }, {
                "status" : "info",
                "place" : {
                  "filePath" : "sale.gspec",
                  "lineNumber" : 37
                },
                "name" : "aligned horizontally all stavka_menija-1",
                "highlight" : [ "stavka_menija-5", "stavka_menija-1" ]
              } ]
            }, {
              "name" : "logo",
              "specs" : [ {
                "status" : "info",
                "place" : {
                  "filePath" : "sale.gspec",
                  "lineNumber" : 40
                },
                "name" : "inside screen",
                "meta" : [ ],
                "highlight" : [ "logo", "screen" ]
              }, {
                "status" : "info",
                "place" : {
                  "filePath" : "sale.gspec",
                  "lineNumber" : 41
                },
                "name" : "centered horizontally inside meni",
                "highlight" : [ "logo", "meni" ]
              } ]
            } ]
          }, {
            "name" : "Main section",
            "place" : {
              "filePath" : "sale.gspec",
              "lineNumber" : 43
            },
            "objects" : [ {
              "name" : "sadrzaj",
              "specs" : [ {
                "status" : "info",
                "place" : {
                  "filePath" : "sale.gspec",
                  "lineNumber" : 45
                },
                "name" : "inside screen",
                "meta" : [ ],
                "highlight" : [ "sadrzaj", "screen" ]
              }, {
                "status" : "info",
                "place" : {
                  "filePath" : "sale.gspec",
                  "lineNumber" : 46
                },
                "name" : "contains tabela_sala",
                "highlight" : [ "sadrzaj", "tabela_sala" ]
              } ]
            }, {
              "name" : "tabela_sala",
              "specs" : [ {
                "status" : "info",
                "place" : {
                  "filePath" : "sale.gspec",
                  "lineNumber" : 49
                },
                "name" : "height 600px",
                "meta" : [ {
                  "from" : {
                    "object" : "tabela_sala",
                    "edge" : "top"
                  },
                  "to" : {
                    "object" : "tabela_sala",
                    "edge" : "bottom"
                  },
                  "expectedDistance" : "600px",
                  "realDistance" : "600px"
                } ],
                "highlight" : [ "tabela_sala" ]
              }, {
                "status" : "info",
                "place" : {
                  "filePath" : "sale.gspec",
                  "lineNumber" : 50
                },
                "name" : "centered horizontally inside sadrzaj",
                "highlight" : [ "tabela_sala", "sadrzaj" ]
              } ]
            } ]
          } ],
          "objects" : {
            "meni" : {
              "area" : [ 0, 60, 994, 117 ]
            },
            "stavka_menija-3" : {
              "area" : [ 461, 148, 34, 18 ]
            },
            "tabela_sala" : {
              "area" : [ 354, 197, 286, 600 ]
            },
            "screen" : {
              "area" : [ 0, 0, 994, 807 ]
            },
            "stavka_menija-2" : {
              "area" : [ 423, 148, 27, 18 ]
            },
            "logo" : {
              "area" : [ 462, 25, 70, 70 ]
            },
            "stavka_menija-1" : {
              "area" : [ 363, 148, 50, 18 ]
            },
            "stavka_menija-5" : {
              "area" : [ 590, 148, 41, 18 ]
            },
            "sadrzaj" : {
              "area" : [ 0, 187, 994, 620 ]
            },
            "stavka_menija-4" : {
              "area" : [ 504, 148, 76, 18 ]
            }
          },
          "screenshot" : "layout-1-screenshot.png",
          "type" : "layout"
        }, {
          "name" : "Mutation testing: sale.gspec included tags: ",
          "status" : "error",
          "time" : 1573655066092,
          "mutationReport" : {
            "objectMutationStatistics" : {
              "meni" : {
                "passed" : 9,
                "failed" : 1,
                "failedMutations" : [ "meni: increase height by 5px" ]
              },
              "stavka_menija-3" : {
                "passed" : 5,
                "failed" : 5,
                "failedMutations" : [ "stavka_menija-3: drag left by 5px", "stavka_menija-3: drag right by 5px", "stavka_menija-3: increase width by 5px", "stavka_menija-3: decrease width by 5px", "stavka_menija-3: move left edge right by 5px" ]
              },
              "tabela_sala" : {
                "passed" : 8,
                "failed" : 2,
                "failedMutations" : [ "tabela_sala: drag top by 5px", "tabela_sala: drag down by 5px" ]
              },
              "screen" : {
                "passed" : 10,
                "failed" : 0,
                "failedMutations" : [ ]
              },
              "stavka_menija-2" : {
                "passed" : 5,
                "failed" : 5,
                "failedMutations" : [ "stavka_menija-2: drag left by 5px", "stavka_menija-2: drag right by 5px", "stavka_menija-2: increase width by 5px", "stavka_menija-2: decrease width by 5px", "stavka_menija-2: move left edge right by 5px" ]
              },
              "logo" : {
                "passed" : 5,
                "failed" : 5,
                "failedMutations" : [ "logo: drag top by 5px", "logo: drag down by 5px", "logo: increase height by 5px", "logo: decrease height by 5px", "logo: move top edge down by 5px" ]
              },
              "stavka_menija-1" : {
                "passed" : 5,
                "failed" : 5,
                "failedMutations" : [ "stavka_menija-1: drag left by 5px", "stavka_menija-1: drag right by 5px", "stavka_menija-1: increase width by 5px", "stavka_menija-1: decrease width by 5px", "stavka_menija-1: move left edge right by 5px" ]
              },
              "stavka_menija-5" : {
                "passed" : 5,
                "failed" : 5,
                "failedMutations" : [ "stavka_menija-5: drag left by 5px", "stavka_menija-5: drag right by 5px", "stavka_menija-5: increase width by 5px", "stavka_menija-5: decrease width by 5px", "stavka_menija-5: move left edge right by 5px" ]
              },
              "sadrzaj" : {
                "passed" : 7,
                "failed" : 3,
                "failedMutations" : [ "sadrzaj: drag top by 5px", "sadrzaj: decrease height by 5px", "sadrzaj: move top edge down by 5px" ]
              },
              "stavka_menija-4" : {
                "passed" : 5,
                "failed" : 5,
                "failedMutations" : [ "stavka_menija-4: drag left by 5px", "stavka_menija-4: drag right by 5px", "stavka_menija-4: increase width by 5px", "stavka_menija-4: decrease width by 5px", "stavka_menija-4: move left edge right by 5px" ]
              }
            },
            "totalPassed" : 64,
            "totalFailed" : 36,
            "totalMutations" : 100,
            "failedRatio" : 36.0
          },
          "type" : "mutation"
        } ],
        "time" : 1573655063182,
        "type" : "node"
      } ],
      "time" : 1573655052720,
      "type" : "node"
    } ]
  }
}