{
  "testId" : "1-mobilesale.gspec",
  "name" : "mobileSale.gspec",
  "report" : {
    "nodes" : [ {
      "name" : "Simple check",
      "status" : "info",
      "nodes" : [ {
        "name" : "check  mobileSale.gspec --url http://localhost/sale5.html --size 600x768 --htmlreport izvjestaji",
        "status" : "info",
        "nodes" : [ {
          "name" : "Check layout: mobileSale.gspec included tags: ",
          "status" : "info",
          "time" : 1573654865492,
          "sections" : [ {
            "name" : "Header section",
            "place" : {
              "filePath" : "mobileSale.gspec",
              "lineNumber" : 18
            },
            "objects" : [ {
              "name" : "meni",
              "specs" : [ {
                "status" : "info",
                "place" : {
                  "filePath" : "mobileSale.gspec",
                  "lineNumber" : 21
                },
                "name" : "width > 80 % of screen/width",
                "meta" : [ {
                  "from" : {
                    "object" : "meni",
                    "edge" : "left"
                  },
                  "to" : {
                    "object" : "meni",
                    "edge" : "right"
                  },
                  "expectedDistance" : "> 80% [470px]",
                  "realDistance" : "86% [508px]"
                } ],
                "highlight" : [ "meni" ]
              } ]
            }, {
              "name" : "pozadinaLoga",
              "specs" : [ {
                "status" : "info",
                "place" : {
                  "filePath" : "mobileSale.gspec",
                  "lineNumber" : 26
                },
                "name" : "inside partly meni",
                "meta" : [ ],
                "highlight" : [ "pozadinaLoga", "meni" ]
              }, {
                "status" : "info",
                "place" : {
                  "filePath" : "mobileSale.gspec",
                  "lineNumber" : 31
                },
                "name" : "on top left edge meni 40 to 50 % of meni/width right, ~ 25px top",
                "highlight" : [ "pozadinaLoga", "meni" ]
              }, {
                "status" : "info",
                "place" : {
                  "filePath" : "mobileSale.gspec",
                  "lineNumber" : 35
                },
                "name" : "inside viewport",
                "meta" : [ ],
                "highlight" : [ "pozadinaLoga", "viewport" ]
              }, {
                "status" : "info",
                "place" : {
                  "filePath" : "mobileSale.gspec",
                  "lineNumber" : 39
                },
                "name" : "css background-color is \"rgb(255, 165, 0)\"",
                "highlight" : [ "pozadinaLoga" ]
              }, {
                "status" : "info",
                "place" : {
                  "filePath" : "mobileSale.gspec",
                  "lineNumber" : 44
                },
                "name" : "centered horizontally inside meni",
                "highlight" : [ "pozadinaLoga", "meni" ]
              } ]
            }, {
              "name" : "global",
              "specs" : [ {
                "status" : "info",
                "place" : {
                  "filePath" : "mobileSale.gspec",
                  "lineNumber" : 49
                },
                "name" : "count any meniLink* is 5",
                "highlight" : [ "meniLink1", "meniLink2", "meniLink3", "meniLink4", "meniLink5" ]
              }, {
                "status" : "info",
                "place" : {
                  "filePath" : "mobileSale.gspec",
                  "lineNumber" : 50
                },
                "name" : "count any meniLink* is 4 to 5",
                "highlight" : [ "meniLink1", "meniLink2", "meniLink3", "meniLink4", "meniLink5" ]
              }, {
                "status" : "info",
                "place" : {
                  "filePath" : "mobileSale.gspec",
                  "lineNumber" : 51
                },
                "name" : "count any meniLink* is < 6",
                "highlight" : [ "meniLink1", "meniLink2", "meniLink3", "meniLink4", "meniLink5" ]
              }, {
                "status" : "info",
                "place" : {
                  "filePath" : "mobileSale.gspec",
                  "lineNumber" : 52
                },
                "name" : "count absent meniLink* is 0",
                "highlight" : [ ]
              }, {
                "status" : "info",
                "place" : {
                  "filePath" : "mobileSale.gspec",
                  "lineNumber" : 55
                },
                "name" : "count visible meniLink* is 5",
                "highlight" : [ "meniLink1", "meniLink2", "meniLink3", "meniLink4", "meniLink5" ]
              } ]
            }, {
              "name" : "meniLink1",
              "specs" : [ {
                "status" : "info",
                "place" : {
                  "filePath" : "mobileSale.gspec",
                  "lineNumber" : 60
                },
                "name" : "text contains \"Po�?etna\"",
                "highlight" : [ "meniLink1" ]
              }, {
                "status" : "info",
                "place" : {
                  "filePath" : "mobileSale.gspec",
                  "lineNumber" : 72
                },
                "name" : "css color is \"rgb(0, 0, 0)\"",
                "highlight" : [ "meniLink1" ]
              } ]
            }, {
              "name" : "meniLink2",
              "specs" : [ {
                "status" : "info",
                "place" : {
                  "filePath" : "mobileSale.gspec",
                  "lineNumber" : 62
                },
                "name" : "text contains \"Sale\"",
                "highlight" : [ "meniLink2" ]
              }, {
                "status" : "info",
                "place" : {
                  "filePath" : "mobileSale.gspec",
                  "lineNumber" : 72
                },
                "name" : "css color is \"rgb(0, 0, 0)\"",
                "highlight" : [ "meniLink2" ]
              } ]
            }, {
              "name" : "meniLink3",
              "specs" : [ {
                "status" : "info",
                "place" : {
                  "filePath" : "mobileSale.gspec",
                  "lineNumber" : 64
                },
                "name" : "text contains \"Unos\"",
                "highlight" : [ "meniLink3" ]
              }, {
                "status" : "info",
                "place" : {
                  "filePath" : "mobileSale.gspec",
                  "lineNumber" : 72
                },
                "name" : "css color is \"rgb(0, 0, 0)\"",
                "highlight" : [ "meniLink3" ]
              } ]
            }, {
              "name" : "meniLink4",
              "specs" : [ {
                "status" : "info",
                "place" : {
                  "filePath" : "mobileSale.gspec",
                  "lineNumber" : 66
                },
                "name" : "text contains \"Rezervacija\"",
                "highlight" : [ "meniLink4" ]
              }, {
                "status" : "info",
                "place" : {
                  "filePath" : "mobileSale.gspec",
                  "lineNumber" : 72
                },
                "name" : "css color is \"rgb(0, 0, 0)\"",
                "highlight" : [ "meniLink4" ]
              } ]
            }, {
              "name" : "meniLink5",
              "specs" : [ {
                "status" : "info",
                "place" : {
                  "filePath" : "mobileSale.gspec",
                  "lineNumber" : 68
                },
                "name" : "text contains \"Osobe\"",
                "highlight" : [ "meniLink5" ]
              }, {
                "status" : "info",
                "place" : {
                  "filePath" : "mobileSale.gspec",
                  "lineNumber" : 72
                },
                "name" : "css color is \"rgb(0, 0, 0)\"",
                "highlight" : [ "meniLink5" ]
              } ]
            } ]
          }, {
            "name" : "Sadraj section",
            "place" : {
              "filePath" : "mobileSale.gspec",
              "lineNumber" : 81
            },
            "objects" : [ {
              "name" : "sadrzaj",
              "specs" : [ {
                "status" : "info",
                "place" : {
                  "filePath" : "mobileSale.gspec",
                  "lineNumber" : 83
                },
                "name" : "width > 80 % of screen/width",
                "meta" : [ {
                  "from" : {
                    "object" : "sadrzaj",
                    "edge" : "left"
                  },
                  "to" : {
                    "object" : "sadrzaj",
                    "edge" : "right"
                  },
                  "expectedDistance" : "> 80% [470px]",
                  "realDistance" : "86% [508px]"
                } ],
                "highlight" : [ "sadrzaj" ]
              }, {
                "status" : "info",
                "place" : {
                  "filePath" : "mobileSale.gspec",
                  "lineNumber" : 84
                },
                "name" : "contains tabelaSala",
                "highlight" : [ "sadrzaj", "tabelaSala" ]
              }, {
                "status" : "info",
                "place" : {
                  "filePath" : "mobileSale.gspec",
                  "lineNumber" : 85
                },
                "name" : "aligned vertically left meni",
                "highlight" : [ "sadrzaj", "meni" ]
              }, {
                "status" : "info",
                "place" : {
                  "filePath" : "mobileSale.gspec",
                  "lineNumber" : 86
                },
                "name" : "aligned vertically right meni",
                "highlight" : [ "sadrzaj", "meni" ]
              } ]
            }, {
              "name" : "tabelaSala",
              "specs" : [ {
                "status" : "info",
                "place" : {
                  "filePath" : "mobileSale.gspec",
                  "lineNumber" : 89
                },
                "name" : "contains celijaTabeleSala*",
                "highlight" : [ "tabelaSala", "celijaTabeleSala1", "celijaTabeleSala2", "celijaTabeleSala3", "celijaTabeleSala4", "celijaTabeleSala5", "celijaTabeleSala6", "celijaTabeleSala7", "celijaTabeleSala8", "celijaTabeleSala9", "celijaTabeleSala10", "celijaTabeleSala11", "celijaTabeleSala12", "celijaTabeleSala13", "celijaTabeleSala14", "celijaTabeleSala15", "celijaTabeleSala16", "celijaTabeleSala17", "celijaTabeleSala18", "celijaTabeleSala19", "celijaTabeleSala20", "celijaTabeleSala21", "celijaTabeleSala22", "celijaTabeleSala23", "celijaTabeleSala24", "celijaTabeleSala25", "celijaTabeleSala26", "celijaTabeleSala27", "celijaTabeleSala28", "celijaTabeleSala29", "celijaTabeleSala30", "celijaTabeleSala31", "celijaTabeleSala32", "celijaTabeleSala33", "celijaTabeleSala34", "celijaTabeleSala35", "celijaTabeleSala36", "celijaTabeleSala37", "celijaTabeleSala38", "celijaTabeleSala39", "celijaTabeleSala40", "celijaTabeleSala41", "celijaTabeleSala42", "celijaTabeleSala43", "celijaTabeleSala44", "celijaTabeleSala45" ]
              } ]
            }, {
              "name" : "kancelarija",
              "specs" : [ {
                "status" : "info",
                "place" : {
                  "filePath" : "mobileSale.gspec",
                  "lineNumber" : 92
                },
                "name" : "css background-color is \"rgb(124, 157, 165)\"",
                "highlight" : [ "kancelarija" ]
              } ]
            }, {
              "name" : "zauzetaSala",
              "specs" : [ {
                "status" : "info",
                "place" : {
                  "filePath" : "mobileSale.gspec",
                  "lineNumber" : 95
                },
                "name" : "css background-color is \"rgb(247, 54, 54)\"",
                "highlight" : [ "zauzetaSala" ]
              } ]
            }, {
              "name" : "headerRedni",
              "specs" : [ {
                "status" : "info",
                "place" : {
                  "filePath" : "mobileSale.gspec",
                  "lineNumber" : 98
                },
                "name" : "absent",
                "highlight" : [ ]
              } ]
            }, {
              "name" : "headerSprat",
              "specs" : [ {
                "status" : "info",
                "place" : {
                  "filePath" : "mobileSale.gspec",
                  "lineNumber" : 101
                },
                "name" : "absent",
                "highlight" : [ ]
              } ]
            }, {
              "name" : "celijaTabeleSala1",
              "specs" : [ {
                "status" : "info",
                "place" : {
                  "filePath" : "mobileSale.gspec",
                  "lineNumber" : 109
                },
                "name" : "aligned horizontally top celijaTabeleSala2",
                "highlight" : [ "celijaTabeleSala1", "celijaTabeleSala2" ]
              }, {
                "status" : "info",
                "place" : {
                  "filePath" : "mobileSale.gspec",
                  "lineNumber" : 110
                },
                "name" : "aligned horizontally bottom celijaTabeleSala2",
                "highlight" : [ "celijaTabeleSala1", "celijaTabeleSala2" ]
              }, {
                "status" : "info",
                "place" : {
                  "filePath" : "mobileSale.gspec",
                  "lineNumber" : 114
                },
                "name" : "near celijaTabeleSala2 < 5px left",
                "meta" : [ {
                  "from" : {
                    "object" : "celijaTabeleSala1",
                    "edge" : "right"
                  },
                  "to" : {
                    "object" : "celijaTabeleSala2",
                    "edge" : "left"
                  },
                  "expectedDistance" : "< 5px",
                  "realDistance" : "0px"
                } ],
                "highlight" : [ "celijaTabeleSala1", "celijaTabeleSala2" ]
              }, {
                "status" : "info",
                "place" : {
                  "filePath" : "mobileSale.gspec",
                  "lineNumber" : 118
                },
                "name" : "aligned vertically left celijaTabeleSala6",
                "highlight" : [ "celijaTabeleSala1", "celijaTabeleSala6" ]
              }, {
                "status" : "info",
                "place" : {
                  "filePath" : "mobileSale.gspec",
                  "lineNumber" : 119
                },
                "name" : "aligned vertically right celijaTabeleSala6",
                "highlight" : [ "celijaTabeleSala1", "celijaTabeleSala6" ]
              } ]
            }, {
              "name" : "celijaTabeleSala2",
              "specs" : [ {
                "status" : "info",
                "place" : {
                  "filePath" : "mobileSale.gspec",
                  "lineNumber" : 109
                },
                "name" : "aligned horizontally top celijaTabeleSala3",
                "highlight" : [ "celijaTabeleSala2", "celijaTabeleSala3" ]
              }, {
                "status" : "info",
                "place" : {
                  "filePath" : "mobileSale.gspec",
                  "lineNumber" : 110
                },
                "name" : "aligned horizontally bottom celijaTabeleSala3",
                "highlight" : [ "celijaTabeleSala2", "celijaTabeleSala3" ]
              }, {
                "status" : "info",
                "place" : {
                  "filePath" : "mobileSale.gspec",
                  "lineNumber" : 114
                },
                "name" : "near celijaTabeleSala3 < 5px left",
                "meta" : [ {
                  "from" : {
                    "object" : "celijaTabeleSala2",
                    "edge" : "right"
                  },
                  "to" : {
                    "object" : "celijaTabeleSala3",
                    "edge" : "left"
                  },
                  "expectedDistance" : "< 5px",
                  "realDistance" : "0px"
                } ],
                "highlight" : [ "celijaTabeleSala2", "celijaTabeleSala3" ]
              } ]
            }, {
              "name" : "celijaTabeleSala3",
              "specs" : [ {
                "status" : "info",
                "place" : {
                  "filePath" : "mobileSale.gspec",
                  "lineNumber" : 109
                },
                "name" : "aligned horizontally top celijaTabeleSala4",
                "highlight" : [ "celijaTabeleSala3", "celijaTabeleSala4" ]
              }, {
                "status" : "info",
                "place" : {
                  "filePath" : "mobileSale.gspec",
                  "lineNumber" : 110
                },
                "name" : "aligned horizontally bottom celijaTabeleSala4",
                "highlight" : [ "celijaTabeleSala3", "celijaTabeleSala4" ]
              }, {
                "status" : "info",
                "place" : {
                  "filePath" : "mobileSale.gspec",
                  "lineNumber" : 114
                },
                "name" : "near celijaTabeleSala4 < 5px left",
                "meta" : [ {
                  "from" : {
                    "object" : "celijaTabeleSala3",
                    "edge" : "right"
                  },
                  "to" : {
                    "object" : "celijaTabeleSala4",
                    "edge" : "left"
                  },
                  "expectedDistance" : "< 5px",
                  "realDistance" : "0px"
                } ],
                "highlight" : [ "celijaTabeleSala3", "celijaTabeleSala4" ]
              } ]
            }, {
              "name" : "celijaTabeleSala4",
              "specs" : [ {
                "status" : "info",
                "place" : {
                  "filePath" : "mobileSale.gspec",
                  "lineNumber" : 109
                },
                "name" : "aligned horizontally top celijaTabeleSala5",
                "highlight" : [ "celijaTabeleSala4", "celijaTabeleSala5" ]
              }, {
                "status" : "info",
                "place" : {
                  "filePath" : "mobileSale.gspec",
                  "lineNumber" : 110
                },
                "name" : "aligned horizontally bottom celijaTabeleSala5",
                "highlight" : [ "celijaTabeleSala4", "celijaTabeleSala5" ]
              }, {
                "status" : "info",
                "place" : {
                  "filePath" : "mobileSale.gspec",
                  "lineNumber" : 114
                },
                "name" : "near celijaTabeleSala5 < 5px left",
                "meta" : [ {
                  "from" : {
                    "object" : "celijaTabeleSala4",
                    "edge" : "right"
                  },
                  "to" : {
                    "object" : "celijaTabeleSala5",
                    "edge" : "left"
                  },
                  "expectedDistance" : "< 5px",
                  "realDistance" : "0px"
                } ],
                "highlight" : [ "celijaTabeleSala4", "celijaTabeleSala5" ]
              } ]
            }, {
              "name" : "celijaTabeleSala5",
              "specs" : [ {
                "status" : "info",
                "place" : {
                  "filePath" : "mobileSale.gspec",
                  "lineNumber" : 114
                },
                "name" : "near celijaTabeleSala6 < 5px left",
                "meta" : [ {
                  "from" : {
                    "object" : "celijaTabeleSala5",
                    "edge" : "right"
                  },
                  "to" : {
                    "object" : "celijaTabeleSala6",
                    "edge" : "left"
                  },
                  "expectedDistance" : "< 5px",
                  "realDistance" : "-180px"
                } ],
                "highlight" : [ "celijaTabeleSala5", "celijaTabeleSala6" ]
              } ]
            }, {
              "name" : "celijaTabeleSala6",
              "specs" : [ {
                "status" : "info",
                "place" : {
                  "filePath" : "mobileSale.gspec",
                  "lineNumber" : 118
                },
                "name" : "aligned vertically left celijaTabeleSala11",
                "highlight" : [ "celijaTabeleSala6", "celijaTabeleSala11" ]
              }, {
                "status" : "info",
                "place" : {
                  "filePath" : "mobileSale.gspec",
                  "lineNumber" : 119
                },
                "name" : "aligned vertically right celijaTabeleSala11",
                "highlight" : [ "celijaTabeleSala6", "celijaTabeleSala11" ]
              } ]
            }, {
              "name" : "celijaTabeleSala11",
              "specs" : [ {
                "status" : "info",
                "place" : {
                  "filePath" : "mobileSale.gspec",
                  "lineNumber" : 118
                },
                "name" : "aligned vertically left celijaTabeleSala16",
                "highlight" : [ "celijaTabeleSala11", "celijaTabeleSala16" ]
              }, {
                "status" : "info",
                "place" : {
                  "filePath" : "mobileSale.gspec",
                  "lineNumber" : 119
                },
                "name" : "aligned vertically right celijaTabeleSala16",
                "highlight" : [ "celijaTabeleSala11", "celijaTabeleSala16" ]
              } ]
            }, {
              "name" : "celijaTabeleSala16",
              "specs" : [ {
                "status" : "info",
                "place" : {
                  "filePath" : "mobileSale.gspec",
                  "lineNumber" : 118
                },
                "name" : "aligned vertically left celijaTabeleSala21",
                "highlight" : [ "celijaTabeleSala16", "celijaTabeleSala21" ]
              }, {
                "status" : "info",
                "place" : {
                  "filePath" : "mobileSale.gspec",
                  "lineNumber" : 119
                },
                "name" : "aligned vertically right celijaTabeleSala21",
                "highlight" : [ "celijaTabeleSala16", "celijaTabeleSala21" ]
              } ]
            }, {
              "name" : "celijaTabeleSala21",
              "specs" : [ {
                "status" : "info",
                "place" : {
                  "filePath" : "mobileSale.gspec",
                  "lineNumber" : 118
                },
                "name" : "aligned vertically left celijaTabeleSala26",
                "highlight" : [ "celijaTabeleSala21", "celijaTabeleSala26" ]
              }, {
                "status" : "info",
                "place" : {
                  "filePath" : "mobileSale.gspec",
                  "lineNumber" : 119
                },
                "name" : "aligned vertically right celijaTabeleSala26",
                "highlight" : [ "celijaTabeleSala21", "celijaTabeleSala26" ]
              } ]
            }, {
              "name" : "celijaTabeleSala26",
              "specs" : [ {
                "status" : "info",
                "place" : {
                  "filePath" : "mobileSale.gspec",
                  "lineNumber" : 118
                },
                "name" : "aligned vertically left celijaTabeleSala31",
                "highlight" : [ "celijaTabeleSala26", "celijaTabeleSala31" ]
              }, {
                "status" : "info",
                "place" : {
                  "filePath" : "mobileSale.gspec",
                  "lineNumber" : 119
                },
                "name" : "aligned vertically right celijaTabeleSala31",
                "highlight" : [ "celijaTabeleSala26", "celijaTabeleSala31" ]
              } ]
            }, {
              "name" : "celijaTabeleSala31",
              "specs" : [ {
                "status" : "info",
                "place" : {
                  "filePath" : "mobileSale.gspec",
                  "lineNumber" : 118
                },
                "name" : "aligned vertically left celijaTabeleSala36",
                "highlight" : [ "celijaTabeleSala31", "celijaTabeleSala36" ]
              }, {
                "status" : "info",
                "place" : {
                  "filePath" : "mobileSale.gspec",
                  "lineNumber" : 119
                },
                "name" : "aligned vertically right celijaTabeleSala36",
                "highlight" : [ "celijaTabeleSala31", "celijaTabeleSala36" ]
              } ]
            }, {
              "name" : "celijaTabeleSala36",
              "specs" : [ {
                "status" : "info",
                "place" : {
                  "filePath" : "mobileSale.gspec",
                  "lineNumber" : 118
                },
                "name" : "aligned vertically left celijaTabeleSala41",
                "highlight" : [ "celijaTabeleSala36", "celijaTabeleSala41" ]
              }, {
                "status" : "info",
                "place" : {
                  "filePath" : "mobileSale.gspec",
                  "lineNumber" : 119
                },
                "name" : "aligned vertically right celijaTabeleSala41",
                "highlight" : [ "celijaTabeleSala36", "celijaTabeleSala41" ]
              } ]
            } ]
          } ],
          "objects" : {
            "celijaTabeleSala21" : {
              "area" : [ 204, 377, 36, 43 ]
            },
            "celijaTabeleSala20" : {
              "area" : [ 348, 334, 36, 43 ]
            },
            "celijaTabeleSala23" : {
              "area" : [ 276, 377, 36, 43 ]
            },
            "celijaTabeleSala22" : {
              "area" : [ 240, 377, 36, 43 ]
            },
            "celijaTabeleSala25" : {
              "area" : [ 348, 377, 36, 43 ]
            },
            "celijaTabeleSala24" : {
              "area" : [ 312, 377, 36, 43 ]
            },
            "celijaTabeleSala27" : {
              "area" : [ 240, 420, 36, 43 ]
            },
            "celijaTabeleSala26" : {
              "area" : [ 204, 420, 36, 43 ]
            },
            "celijaTabeleSala29" : {
              "area" : [ 312, 420, 36, 43 ]
            },
            "celijaTabeleSala28" : {
              "area" : [ 276, 420, 36, 43 ]
            },
            "meniLink1" : {
              "area" : [ 57, 79, 66, 17 ]
            },
            "meniLink2" : {
              "area" : [ 57, 97, 43, 17 ]
            },
            "meniLink3" : {
              "area" : [ 57, 115, 49, 17 ]
            },
            "meniLink4" : {
              "area" : [ 57, 133, 91, 17 ]
            },
            "meniLink5" : {
              "area" : [ 57, 151, 56, 17 ]
            },
            "celijaTabeleSala30" : {
              "area" : [ 348, 420, 36, 43 ]
            },
            "celijaTabeleSala32" : {
              "area" : [ 240, 463, 36, 43 ]
            },
            "celijaTabeleSala31" : {
              "area" : [ 204, 463, 36, 43 ]
            },
            "celijaTabeleSala34" : {
              "area" : [ 312, 463, 36, 43 ]
            },
            "celijaTabeleSala33" : {
              "area" : [ 276, 463, 36, 43 ]
            },
            "celijaTabeleSala36" : {
              "area" : [ 204, 506, 36, 43 ]
            },
            "celijaTabeleSala35" : {
              "area" : [ 348, 463, 36, 43 ]
            },
            "celijaTabeleSala38" : {
              "area" : [ 276, 506, 36, 43 ]
            },
            "celijaTabeleSala37" : {
              "area" : [ 240, 506, 36, 43 ]
            },
            "celijaTabeleSala39" : {
              "area" : [ 312, 506, 36, 43 ]
            },
            "celijaTabeleSala41" : {
              "area" : [ 204, 549, 36, 43 ]
            },
            "celijaTabeleSala40" : {
              "area" : [ 348, 506, 36, 43 ]
            },
            "celijaTabeleSala9" : {
              "area" : [ 312, 248, 36, 43 ]
            },
            "celijaTabeleSala43" : {
              "area" : [ 276, 549, 36, 43 ]
            },
            "celijaTabeleSala8" : {
              "area" : [ 276, 248, 36, 43 ]
            },
            "celijaTabeleSala42" : {
              "area" : [ 240, 549, 36, 43 ]
            },
            "celijaTabeleSala7" : {
              "area" : [ 240, 248, 36, 43 ]
            },
            "celijaTabeleSala45" : {
              "area" : [ 348, 549, 36, 43 ]
            },
            "celijaTabeleSala6" : {
              "area" : [ 204, 248, 36, 43 ]
            },
            "celijaTabeleSala44" : {
              "area" : [ 312, 549, 36, 43 ]
            },
            "celijaTabeleSala5" : {
              "area" : [ 348, 205, 36, 43 ]
            },
            "celijaTabeleSala4" : {
              "area" : [ 312, 205, 36, 43 ]
            },
            "zauzetaSala" : {
              "area" : [ 348, 248, 36, 43 ]
            },
            "celijaTabeleSala3" : {
              "area" : [ 276, 205, 36, 43 ]
            },
            "celijaTabeleSala2" : {
              "area" : [ 240, 205, 36, 43 ]
            },
            "kancelarija" : {
              "area" : [ 240, 506, 36, 43 ]
            },
            "tabelaSala" : {
              "area" : [ 204, 203, 180, 390 ]
            },
            "celijaTabeleSala1" : {
              "area" : [ 204, 205, 36, 43 ]
            },
            "meni" : {
              "area" : [ 40, 30, 508, 148 ]
            },
            "celijaTabeleSala10" : {
              "area" : [ 348, 248, 36, 43 ]
            },
            "celijaTabeleSala12" : {
              "area" : [ 240, 291, 36, 43 ]
            },
            "celijaTabeleSala11" : {
              "area" : [ 204, 291, 36, 43 ]
            },
            "celijaTabeleSala14" : {
              "area" : [ 312, 291, 36, 43 ]
            },
            "celijaTabeleSala13" : {
              "area" : [ 276, 291, 36, 43 ]
            },
            "celijaTabeleSala16" : {
              "area" : [ 204, 334, 36, 43 ]
            },
            "celijaTabeleSala15" : {
              "area" : [ 348, 291, 36, 43 ]
            },
            "celijaTabeleSala18" : {
              "area" : [ 276, 334, 36, 43 ]
            },
            "celijaTabeleSala17" : {
              "area" : [ 240, 334, 36, 43 ]
            },
            "celijaTabeleSala19" : {
              "area" : [ 312, 334, 36, 43 ]
            },
            "sadrzaj" : {
              "area" : [ 40, 186, 508, 416 ]
            },
            "viewport" : {
              "area" : [ 0, 0, 588, 687 ]
            },
            "pozadinaLoga" : {
              "area" : [ 268, 6, 52, 52 ]
            }
          },
          "screenshot" : "layout-1-screenshot.png",
          "type" : "layout"
        } ],
        "time" : 1573654860126,
        "type" : "node"
      } ],
      "time" : 1573654852538,
      "type" : "node"
    } ]
  }
}