{
  "testId" : "1-mobilerezervacija.gspec",
  "name" : "mobileRezervacija.gspec",
  "report" : {
    "nodes" : [ {
      "name" : "Simple check",
      "status" : "info",
      "nodes" : [ {
        "name" : "check  mobileRezervacija.gspec --url http://localhost/rezervacija5.html --size 599x768 --htmlreport izvjestaji",
        "status" : "info",
        "nodes" : [ {
          "name" : "Check layout: mobileRezervacija.gspec included tags: ",
          "status" : "info",
          "time" : 1573653204968,
          "sections" : [ {
            "name" : "Header section",
            "place" : {
              "filePath" : "mobileRezervacija.gspec",
              "lineNumber" : 26
            },
            "objects" : [ {
              "name" : "meni",
              "specs" : [ {
                "status" : "info",
                "place" : {
                  "filePath" : "mobileRezervacija.gspec",
                  "lineNumber" : 29
                },
                "name" : "width > 80 % of screen/width",
                "meta" : [ {
                  "from" : {
                    "object" : "meni",
                    "edge" : "left"
                  },
                  "to" : {
                    "object" : "meni",
                    "edge" : "right"
                  },
                  "expectedDistance" : "> 80% [469px]",
                  "realDistance" : "86% [507px]"
                } ],
                "highlight" : [ "meni" ]
              } ]
            }, {
              "name" : "pozadinaLoga",
              "specs" : [ {
                "status" : "info",
                "place" : {
                  "filePath" : "mobileRezervacija.gspec",
                  "lineNumber" : 33
                },
                "name" : "inside partly meni",
                "meta" : [ ],
                "highlight" : [ "pozadinaLoga", "meni" ]
              }, {
                "status" : "info",
                "place" : {
                  "filePath" : "mobileRezervacija.gspec",
                  "lineNumber" : 38
                },
                "name" : "on top left edge meni 40 to 50 % of meni/width right, ~ 25px top",
                "highlight" : [ "pozadinaLoga", "meni" ]
              }, {
                "status" : "info",
                "place" : {
                  "filePath" : "mobileRezervacija.gspec",
                  "lineNumber" : 42
                },
                "name" : "inside viewport",
                "meta" : [ ],
                "highlight" : [ "pozadinaLoga", "viewport" ]
              }, {
                "status" : "info",
                "place" : {
                  "filePath" : "mobileRezervacija.gspec",
                  "lineNumber" : 46
                },
                "name" : "css background-color is \"rgb(255, 165, 0)\"",
                "highlight" : [ "pozadinaLoga" ]
              }, {
                "status" : "info",
                "place" : {
                  "filePath" : "mobileRezervacija.gspec",
                  "lineNumber" : 51
                },
                "name" : "centered horizontally inside meni",
                "highlight" : [ "pozadinaLoga", "meni" ]
              } ]
            }, {
              "name" : "global",
              "specs" : [ {
                "status" : "info",
                "place" : {
                  "filePath" : "mobileRezervacija.gspec",
                  "lineNumber" : 56
                },
                "name" : "count any meniLink* is 5",
                "highlight" : [ "meniLink1", "meniLink2", "meniLink3", "meniLink4", "meniLink5" ]
              }, {
                "status" : "info",
                "place" : {
                  "filePath" : "mobileRezervacija.gspec",
                  "lineNumber" : 57
                },
                "name" : "count any meniLink* is 4 to 5",
                "highlight" : [ "meniLink1", "meniLink2", "meniLink3", "meniLink4", "meniLink5" ]
              }, {
                "status" : "info",
                "place" : {
                  "filePath" : "mobileRezervacija.gspec",
                  "lineNumber" : 58
                },
                "name" : "count any meniLink* is < 6",
                "highlight" : [ "meniLink1", "meniLink2", "meniLink3", "meniLink4", "meniLink5" ]
              }, {
                "status" : "info",
                "place" : {
                  "filePath" : "mobileRezervacija.gspec",
                  "lineNumber" : 59
                },
                "name" : "count absent meniLink* is 0",
                "highlight" : [ ]
              }, {
                "status" : "info",
                "place" : {
                  "filePath" : "mobileRezervacija.gspec",
                  "lineNumber" : 62
                },
                "name" : "count visible meniLink* is 5",
                "highlight" : [ "meniLink1", "meniLink2", "meniLink3", "meniLink4", "meniLink5" ]
              } ]
            }, {
              "name" : "meniLink1",
              "specs" : [ {
                "status" : "info",
                "place" : {
                  "filePath" : "mobileRezervacija.gspec",
                  "lineNumber" : 67
                },
                "name" : "text contains \"Po�?etna\"",
                "highlight" : [ "meniLink1" ]
              }, {
                "status" : "info",
                "place" : {
                  "filePath" : "mobileRezervacija.gspec",
                  "lineNumber" : 79
                },
                "name" : "css color is \"rgb(0, 0, 0)\"",
                "highlight" : [ "meniLink1" ]
              } ]
            }, {
              "name" : "meniLink2",
              "specs" : [ {
                "status" : "info",
                "place" : {
                  "filePath" : "mobileRezervacija.gspec",
                  "lineNumber" : 69
                },
                "name" : "text contains \"Sale\"",
                "highlight" : [ "meniLink2" ]
              }, {
                "status" : "info",
                "place" : {
                  "filePath" : "mobileRezervacija.gspec",
                  "lineNumber" : 79
                },
                "name" : "css color is \"rgb(0, 0, 0)\"",
                "highlight" : [ "meniLink2" ]
              } ]
            }, {
              "name" : "meniLink3",
              "specs" : [ {
                "status" : "info",
                "place" : {
                  "filePath" : "mobileRezervacija.gspec",
                  "lineNumber" : 71
                },
                "name" : "text contains \"Unos\"",
                "highlight" : [ "meniLink3" ]
              }, {
                "status" : "info",
                "place" : {
                  "filePath" : "mobileRezervacija.gspec",
                  "lineNumber" : 79
                },
                "name" : "css color is \"rgb(0, 0, 0)\"",
                "highlight" : [ "meniLink3" ]
              } ]
            }, {
              "name" : "meniLink4",
              "specs" : [ {
                "status" : "info",
                "place" : {
                  "filePath" : "mobileRezervacija.gspec",
                  "lineNumber" : 73
                },
                "name" : "text contains \"Rezervacija\"",
                "highlight" : [ "meniLink4" ]
              }, {
                "status" : "info",
                "place" : {
                  "filePath" : "mobileRezervacija.gspec",
                  "lineNumber" : 79
                },
                "name" : "css color is \"rgb(0, 0, 0)\"",
                "highlight" : [ "meniLink4" ]
              } ]
            }, {
              "name" : "meniLink5",
              "specs" : [ {
                "status" : "info",
                "place" : {
                  "filePath" : "mobileRezervacija.gspec",
                  "lineNumber" : 75
                },
                "name" : "text contains \"Osobe\"",
                "highlight" : [ "meniLink5" ]
              }, {
                "status" : "info",
                "place" : {
                  "filePath" : "mobileRezervacija.gspec",
                  "lineNumber" : 79
                },
                "name" : "css color is \"rgb(0, 0, 0)\"",
                "highlight" : [ "meniLink5" ]
              } ]
            } ]
          }, {
            "name" : "Sadraj section",
            "place" : {
              "filePath" : "mobileRezervacija.gspec",
              "lineNumber" : 88
            },
            "objects" : [ {
              "name" : "sadrzaj",
              "specs" : [ {
                "status" : "info",
                "place" : {
                  "filePath" : "mobileRezervacija.gspec",
                  "lineNumber" : 90
                },
                "name" : "width > 85 % of screen/width",
                "meta" : [ {
                  "from" : {
                    "object" : "sadrzaj",
                    "edge" : "left"
                  },
                  "to" : {
                    "object" : "sadrzaj",
                    "edge" : "right"
                  },
                  "expectedDistance" : "> 85% [498px]",
                  "realDistance" : "86% [507px]"
                } ],
                "highlight" : [ "sadrzaj" ]
              }, {
                "status" : "info",
                "place" : {
                  "filePath" : "mobileRezervacija.gspec",
                  "lineNumber" : 91
                },
                "name" : "aligned vertically left meni",
                "highlight" : [ "sadrzaj", "meni" ]
              }, {
                "status" : "info",
                "place" : {
                  "filePath" : "mobileRezervacija.gspec",
                  "lineNumber" : 92
                },
                "name" : "aligned vertically right meni",
                "highlight" : [ "sadrzaj", "meni" ]
              }, {
                "status" : "info",
                "place" : {
                  "filePath" : "mobileRezervacija.gspec",
                  "lineNumber" : 93
                },
                "name" : "contains forma",
                "highlight" : [ "sadrzaj", "forma" ]
              }, {
                "status" : "info",
                "place" : {
                  "filePath" : "mobileRezervacija.gspec",
                  "lineNumber" : 94
                },
                "name" : "contains clanForme*",
                "highlight" : [ "sadrzaj", "clanForme1", "clanForme2", "clanForme3", "clanForme4" ]
              }, {
                "status" : "info",
                "place" : {
                  "filePath" : "mobileRezervacija.gspec",
                  "lineNumber" : 95
                },
                "name" : "contains redTabele1",
                "highlight" : [ "sadrzaj", "redTabele1" ]
              }, {
                "status" : "info",
                "place" : {
                  "filePath" : "mobileRezervacija.gspec",
                  "lineNumber" : 96
                },
                "name" : "contains redTabele2",
                "highlight" : [ "sadrzaj", "redTabele2" ]
              }, {
                "status" : "info",
                "place" : {
                  "filePath" : "mobileRezervacija.gspec",
                  "lineNumber" : 97
                },
                "name" : "contains prvaSedmica",
                "highlight" : [ "sadrzaj", "prvaSedmica" ]
              }, {
                "status" : "info",
                "place" : {
                  "filePath" : "mobileRezervacija.gspec",
                  "lineNumber" : 98
                },
                "name" : "contains dugmePrethodni",
                "highlight" : [ "sadrzaj", "dugmePrethodni" ]
              }, {
                "status" : "info",
                "place" : {
                  "filePath" : "mobileRezervacija.gspec",
                  "lineNumber" : 99
                },
                "name" : "contains dugmeSljedeci",
                "highlight" : [ "sadrzaj", "dugmeSljedeci" ]
              } ]
            }, {
              "name" : "forma",
              "specs" : [ {
                "status" : "info",
                "place" : {
                  "filePath" : "mobileRezervacija.gspec",
                  "lineNumber" : 102
                },
                "name" : "width > 80 % of sadrzaj/width",
                "meta" : [ {
                  "from" : {
                    "object" : "forma",
                    "edge" : "left"
                  },
                  "to" : {
                    "object" : "forma",
                    "edge" : "right"
                  },
                  "expectedDistance" : "> 80% [405px]",
                  "realDistance" : "93% [473px]"
                } ],
                "highlight" : [ "forma" ]
              }, {
                "status" : "info",
                "place" : {
                  "filePath" : "mobileRezervacija.gspec",
                  "lineNumber" : 103
                },
                "name" : "contains clanForme*",
                "highlight" : [ "forma", "clanForme1", "clanForme2", "clanForme3", "clanForme4" ]
              } ]
            }, {
              "name" : "kalendarTabela",
              "specs" : [ {
                "status" : "info",
                "place" : {
                  "filePath" : "mobileRezervacija.gspec",
                  "lineNumber" : 106
                },
                "name" : "contains redTabele1",
                "highlight" : [ "kalendarTabela", "redTabele1" ]
              }, {
                "status" : "info",
                "place" : {
                  "filePath" : "mobileRezervacija.gspec",
                  "lineNumber" : 107
                },
                "name" : "contains redTabele2",
                "highlight" : [ "kalendarTabela", "redTabele2" ]
              }, {
                "status" : "info",
                "place" : {
                  "filePath" : "mobileRezervacija.gspec",
                  "lineNumber" : 108
                },
                "name" : "centered horizontally inside sadrzaj",
                "highlight" : [ "kalendarTabela", "sadrzaj" ]
              } ]
            }, {
              "name" : "global",
              "specs" : [ {
                "status" : "info",
                "place" : {
                  "filePath" : "mobileRezervacija.gspec",
                  "lineNumber" : 111
                },
                "name" : "count any clanForme* is 4",
                "highlight" : [ "clanForme4", "clanForme3", "clanForme2", "clanForme1" ]
              }, {
                "status" : "info",
                "place" : {
                  "filePath" : "mobileRezervacija.gspec",
                  "lineNumber" : 112
                },
                "name" : "count absent clanForme* is 0",
                "highlight" : [ ]
              }, {
                "status" : "info",
                "place" : {
                  "filePath" : "mobileRezervacija.gspec",
                  "lineNumber" : 113
                },
                "name" : "count visible clanForme* is 4",
                "highlight" : [ "clanForme4", "clanForme3", "clanForme2", "clanForme1" ]
              } ]
            }, {
              "name" : "clanForme2",
              "specs" : [ {
                "status" : "info",
                "place" : {
                  "filePath" : "mobileRezervacija.gspec",
                  "lineNumber" : 116
                },
                "name" : "text contains \"Rezervacija periodi�?na\"",
                "highlight" : [ "clanForme2" ]
              } ]
            }, {
              "name" : "nazivDana1",
              "specs" : [ {
                "status" : "info",
                "place" : {
                  "filePath" : "mobileRezervacija.gspec",
                  "lineNumber" : 120
                },
                "name" : "text contains \"PON\"",
                "highlight" : [ "nazivDana1" ]
              }, {
                "status" : "info",
                "place" : {
                  "filePath" : "mobileRezervacija.gspec",
                  "lineNumber" : 136
                },
                "name" : "inside kalendarTabela",
                "meta" : [ ],
                "highlight" : [ "nazivDana1", "kalendarTabela" ]
              } ]
            }, {
              "name" : "nazivDana2",
              "specs" : [ {
                "status" : "info",
                "place" : {
                  "filePath" : "mobileRezervacija.gspec",
                  "lineNumber" : 122
                },
                "name" : "text contains \"UTO\"",
                "highlight" : [ "nazivDana2" ]
              }, {
                "status" : "info",
                "place" : {
                  "filePath" : "mobileRezervacija.gspec",
                  "lineNumber" : 136
                },
                "name" : "inside kalendarTabela",
                "meta" : [ ],
                "highlight" : [ "nazivDana2", "kalendarTabela" ]
              } ]
            }, {
              "name" : "nazivDana3",
              "specs" : [ {
                "status" : "info",
                "place" : {
                  "filePath" : "mobileRezervacija.gspec",
                  "lineNumber" : 124
                },
                "name" : "text contains \"SRI\"",
                "highlight" : [ "nazivDana3" ]
              }, {
                "status" : "info",
                "place" : {
                  "filePath" : "mobileRezervacija.gspec",
                  "lineNumber" : 136
                },
                "name" : "inside kalendarTabela",
                "meta" : [ ],
                "highlight" : [ "nazivDana3", "kalendarTabela" ]
              } ]
            }, {
              "name" : "nazivDana4",
              "specs" : [ {
                "status" : "info",
                "place" : {
                  "filePath" : "mobileRezervacija.gspec",
                  "lineNumber" : 126
                },
                "name" : "text contains \"ČET\"",
                "highlight" : [ "nazivDana4" ]
              }, {
                "status" : "info",
                "place" : {
                  "filePath" : "mobileRezervacija.gspec",
                  "lineNumber" : 136
                },
                "name" : "inside kalendarTabela",
                "meta" : [ ],
                "highlight" : [ "nazivDana4", "kalendarTabela" ]
              } ]
            }, {
              "name" : "nazivDana5",
              "specs" : [ {
                "status" : "info",
                "place" : {
                  "filePath" : "mobileRezervacija.gspec",
                  "lineNumber" : 128
                },
                "name" : "text contains \"PET\"",
                "highlight" : [ "nazivDana5" ]
              }, {
                "status" : "info",
                "place" : {
                  "filePath" : "mobileRezervacija.gspec",
                  "lineNumber" : 136
                },
                "name" : "inside kalendarTabela",
                "meta" : [ ],
                "highlight" : [ "nazivDana5", "kalendarTabela" ]
              } ]
            }, {
              "name" : "nazivDana6",
              "specs" : [ {
                "status" : "info",
                "place" : {
                  "filePath" : "mobileRezervacija.gspec",
                  "lineNumber" : 130
                },
                "name" : "text contains \"SUB\"",
                "highlight" : [ "nazivDana6" ]
              }, {
                "status" : "info",
                "place" : {
                  "filePath" : "mobileRezervacija.gspec",
                  "lineNumber" : 136
                },
                "name" : "inside kalendarTabela",
                "meta" : [ ],
                "highlight" : [ "nazivDana6", "kalendarTabela" ]
              } ]
            }, {
              "name" : "nazivDana7",
              "specs" : [ {
                "status" : "info",
                "place" : {
                  "filePath" : "mobileRezervacija.gspec",
                  "lineNumber" : 132
                },
                "name" : "text contains \"NED\"",
                "highlight" : [ "nazivDana7" ]
              }, {
                "status" : "info",
                "place" : {
                  "filePath" : "mobileRezervacija.gspec",
                  "lineNumber" : 136
                },
                "name" : "inside kalendarTabela",
                "meta" : [ ],
                "highlight" : [ "nazivDana7", "kalendarTabela" ]
              } ]
            }, {
              "name" : "drugiDioCelijeSlobodna",
              "specs" : [ {
                "status" : "info",
                "place" : {
                  "filePath" : "mobileRezervacija.gspec",
                  "lineNumber" : 142
                },
                "name" : "css background-color is \"rgb(49, 245, 101)\"",
                "highlight" : [ "drugiDioCelijeSlobodna" ]
              } ]
            }, {
              "name" : "dugmePrethodni",
              "specs" : [ {
                "status" : "info",
                "place" : {
                  "filePath" : "mobileRezervacija.gspec",
                  "lineNumber" : 145
                },
                "name" : "text contains \"Prethodni\"",
                "highlight" : [ "dugmePrethodni" ]
              }, {
                "status" : "info",
                "place" : {
                  "filePath" : "mobileRezervacija.gspec",
                  "lineNumber" : 146
                },
                "name" : "aligned horizontally all dugmeSljedeci 1px",
                "highlight" : [ "dugmePrethodni", "dugmeSljedeci" ]
              } ]
            }, {
              "name" : "dugmeSljedeci",
              "specs" : [ {
                "status" : "info",
                "place" : {
                  "filePath" : "mobileRezervacija.gspec",
                  "lineNumber" : 149
                },
                "name" : "aligned horizontally all dugmePrethodni 1px",
                "highlight" : [ "dugmeSljedeci", "dugmePrethodni" ]
              }, {
                "status" : "info",
                "place" : {
                  "filePath" : "mobileRezervacija.gspec",
                  "lineNumber" : 150
                },
                "name" : "text contains \"Sljedeći\"",
                "highlight" : [ "dugmeSljedeci" ]
              } ]
            }, {
              "name" : "prvaSedmica",
              "specs" : [ {
                "status" : "info",
                "place" : {
                  "filePath" : "mobileRezervacija.gspec",
                  "lineNumber" : 153
                },
                "name" : "visible",
                "highlight" : [ "prvaSedmica" ]
              } ]
            }, {
              "name" : "drugaSedmica",
              "specs" : [ {
                "status" : "info",
                "place" : {
                  "filePath" : "mobileRezervacija.gspec",
                  "lineNumber" : 156
                },
                "name" : "absent",
                "highlight" : [ ]
              } ]
            }, {
              "name" : "trecaSedmica",
              "specs" : [ {
                "status" : "info",
                "place" : {
                  "filePath" : "mobileRezervacija.gspec",
                  "lineNumber" : 159
                },
                "name" : "absent",
                "highlight" : [ ]
              } ]
            }, {
              "name" : "redTabele3",
              "specs" : [ {
                "status" : "info",
                "place" : {
                  "filePath" : "mobileRezervacija.gspec",
                  "lineNumber" : 163
                },
                "name" : "absent",
                "highlight" : [ ]
              } ]
            }, {
              "name" : "redTabele4",
              "specs" : [ {
                "status" : "info",
                "place" : {
                  "filePath" : "mobileRezervacija.gspec",
                  "lineNumber" : 163
                },
                "name" : "absent",
                "highlight" : [ ]
              } ]
            }, {
              "name" : "redTabele5",
              "specs" : [ {
                "status" : "info",
                "place" : {
                  "filePath" : "mobileRezervacija.gspec",
                  "lineNumber" : 163
                },
                "name" : "absent",
                "highlight" : [ ]
              } ]
            }, {
              "name" : "redTabele6",
              "specs" : [ {
                "status" : "info",
                "place" : {
                  "filePath" : "mobileRezervacija.gspec",
                  "lineNumber" : 163
                },
                "name" : "absent",
                "highlight" : [ ]
              } ]
            }, {
              "name" : "cetvrtaSedmica",
              "specs" : [ {
                "status" : "info",
                "place" : {
                  "filePath" : "mobileRezervacija.gspec",
                  "lineNumber" : 166
                },
                "name" : "absent",
                "highlight" : [ ]
              } ]
            } ]
          } ],
          "objects" : {
            "dugmeSljedeci" : {
              "area" : [ 300, 560, 62, 33 ]
            },
            "forma" : {
              "area" : [ 57, 203, 473, 32 ]
            },
            "dugmePrethodni" : {
              "area" : [ 224, 560, 71, 33 ]
            },
            "nazivDana2" : {
              "area" : [ 238, 313, 54, 36 ]
            },
            "prvaSedmica" : {
              "area" : [ 294, 276, 54, 257 ]
            },
            "nazivDana3" : {
              "area" : [ 238, 349, 54, 36 ]
            },
            "nazivDana1" : {
              "area" : [ 238, 277, 54, 36 ]
            },
            "meniLink1" : {
              "area" : [ 57, 79, 66, 17 ]
            },
            "nazivDana6" : {
              "area" : [ 238, 459, 54, 36 ]
            },
            "meniLink2" : {
              "area" : [ 57, 97, 43, 17 ]
            },
            "nazivDana7" : {
              "area" : [ 238, 495, 54, 36 ]
            },
            "meniLink3" : {
              "area" : [ 57, 115, 49, 17 ]
            },
            "nazivDana4" : {
              "area" : [ 238, 386, 54, 36 ]
            },
            "meniLink4" : {
              "area" : [ 57, 133, 91, 17 ]
            },
            "nazivDana5" : {
              "area" : [ 238, 422, 54, 36 ]
            },
            "redTabele2" : {
              "area" : [ 294, 276, 54, 257 ]
            },
            "redTabele1" : {
              "area" : [ 238, 276, 54, 257 ]
            },
            "drugiDioCelijeSlobodna" : {
              "area" : [ 297, 444, 48, 12 ]
            },
            "meniLink5" : {
              "area" : [ 57, 151, 56, 17 ]
            },
            "meni" : {
              "area" : [ 40, 30, 507, 148 ]
            },
            "clanForme4" : {
              "area" : [ 416, 208, 104, 22 ]
            },
            "clanForme3" : {
              "area" : [ 302, 208, 104, 22 ]
            },
            "sadrzaj" : {
              "area" : [ 40, 186, 507, 417 ]
            },
            "clanForme2" : {
              "area" : [ 125, 208, 167, 22 ]
            },
            "clanForme1" : {
              "area" : [ 62, 208, 53, 22 ]
            },
            "viewport" : {
              "area" : [ 0, 0, 587, 687 ]
            },
            "pozadinaLoga" : {
              "area" : [ 267, 6, 52, 52 ]
            },
            "kalendarTabela" : {
              "area" : [ 217, 235, 152, 319 ]
            }
          },
          "screenshot" : "layout-1-screenshot.png",
          "type" : "layout"
        } ],
        "time" : 1573653200827,
        "type" : "node"
      } ],
      "time" : 1573653192742,
      "type" : "node"
    } ]
  }
}