{
  "testId" : "1-mobilepocetna.gspec",
  "name" : "mobilePocetna.gspec",
  "report" : {
    "nodes" : [ {
      "name" : "Simple check",
      "status" : "info",
      "nodes" : [ {
        "name" : "check  mobilePocetna.gspec --url http://localhost/pocetna5.html --size 600x768 --htmlreport izvjestaji",
        "status" : "info",
        "nodes" : [ {
          "name" : "Check layout: mobilePocetna.gspec included tags: ",
          "status" : "info",
          "time" : 1573653509417,
          "sections" : [ {
            "name" : "Header section",
            "place" : {
              "filePath" : "mobilePocetna.gspec",
              "lineNumber" : 12
            },
            "objects" : [ {
              "name" : "meni",
              "specs" : [ {
                "status" : "info",
                "place" : {
                  "filePath" : "mobilePocetna.gspec",
                  "lineNumber" : 15
                },
                "name" : "width > 80 % of screen/width",
                "meta" : [ {
                  "from" : {
                    "object" : "meni",
                    "edge" : "left"
                  },
                  "to" : {
                    "object" : "meni",
                    "edge" : "right"
                  },
                  "expectedDistance" : "> 80% [456px]",
                  "realDistance" : "85% [491px]"
                } ],
                "highlight" : [ "meni" ]
              } ]
            }, {
              "name" : "pozadinaLoga",
              "specs" : [ {
                "status" : "info",
                "place" : {
                  "filePath" : "mobilePocetna.gspec",
                  "lineNumber" : 20
                },
                "name" : "inside partly meni",
                "meta" : [ ],
                "highlight" : [ "pozadinaLoga", "meni" ]
              }, {
                "status" : "info",
                "place" : {
                  "filePath" : "mobilePocetna.gspec",
                  "lineNumber" : 25
                },
                "name" : "on top left edge meni 40 to 50 % of meni/width right, ~ 25px top",
                "highlight" : [ "pozadinaLoga", "meni" ]
              }, {
                "status" : "info",
                "place" : {
                  "filePath" : "mobilePocetna.gspec",
                  "lineNumber" : 29
                },
                "name" : "inside viewport",
                "meta" : [ ],
                "highlight" : [ "pozadinaLoga", "viewport" ]
              }, {
                "status" : "info",
                "place" : {
                  "filePath" : "mobilePocetna.gspec",
                  "lineNumber" : 33
                },
                "name" : "css background-color is \"rgb(255, 165, 0)\"",
                "highlight" : [ "pozadinaLoga" ]
              }, {
                "status" : "info",
                "place" : {
                  "filePath" : "mobilePocetna.gspec",
                  "lineNumber" : 38
                },
                "name" : "centered horizontally inside meni",
                "highlight" : [ "pozadinaLoga", "meni" ]
              } ]
            }, {
              "name" : "global",
              "specs" : [ {
                "status" : "info",
                "place" : {
                  "filePath" : "mobilePocetna.gspec",
                  "lineNumber" : 43
                },
                "name" : "count any meniLink* is 5",
                "highlight" : [ "meniLink1", "meniLink2", "meniLink3", "meniLink4", "meniLink5" ]
              }, {
                "status" : "info",
                "place" : {
                  "filePath" : "mobilePocetna.gspec",
                  "lineNumber" : 44
                },
                "name" : "count any meniLink* is 4 to 5",
                "highlight" : [ "meniLink1", "meniLink2", "meniLink3", "meniLink4", "meniLink5" ]
              }, {
                "status" : "info",
                "place" : {
                  "filePath" : "mobilePocetna.gspec",
                  "lineNumber" : 45
                },
                "name" : "count any meniLink* is < 6",
                "highlight" : [ "meniLink1", "meniLink2", "meniLink3", "meniLink4", "meniLink5" ]
              }, {
                "status" : "info",
                "place" : {
                  "filePath" : "mobilePocetna.gspec",
                  "lineNumber" : 46
                },
                "name" : "count absent meniLink* is 0",
                "highlight" : [ ]
              }, {
                "status" : "info",
                "place" : {
                  "filePath" : "mobilePocetna.gspec",
                  "lineNumber" : 49
                },
                "name" : "count visible meniLink* is 5",
                "highlight" : [ "meniLink1", "meniLink2", "meniLink3", "meniLink4", "meniLink5" ]
              } ]
            }, {
              "name" : "meniLink1",
              "specs" : [ {
                "status" : "info",
                "place" : {
                  "filePath" : "mobilePocetna.gspec",
                  "lineNumber" : 54
                },
                "name" : "text contains \"Po�?etna\"",
                "highlight" : [ "meniLink1" ]
              }, {
                "status" : "info",
                "place" : {
                  "filePath" : "mobilePocetna.gspec",
                  "lineNumber" : 66
                },
                "name" : "css color is \"rgb(0, 0, 0)\"",
                "highlight" : [ "meniLink1" ]
              } ]
            }, {
              "name" : "meniLink2",
              "specs" : [ {
                "status" : "info",
                "place" : {
                  "filePath" : "mobilePocetna.gspec",
                  "lineNumber" : 56
                },
                "name" : "text contains \"Sale\"",
                "highlight" : [ "meniLink2" ]
              }, {
                "status" : "info",
                "place" : {
                  "filePath" : "mobilePocetna.gspec",
                  "lineNumber" : 66
                },
                "name" : "css color is \"rgb(0, 0, 0)\"",
                "highlight" : [ "meniLink2" ]
              } ]
            }, {
              "name" : "meniLink3",
              "specs" : [ {
                "status" : "info",
                "place" : {
                  "filePath" : "mobilePocetna.gspec",
                  "lineNumber" : 58
                },
                "name" : "text contains \"Unos\"",
                "highlight" : [ "meniLink3" ]
              }, {
                "status" : "info",
                "place" : {
                  "filePath" : "mobilePocetna.gspec",
                  "lineNumber" : 66
                },
                "name" : "css color is \"rgb(0, 0, 0)\"",
                "highlight" : [ "meniLink3" ]
              } ]
            }, {
              "name" : "meniLink4",
              "specs" : [ {
                "status" : "info",
                "place" : {
                  "filePath" : "mobilePocetna.gspec",
                  "lineNumber" : 60
                },
                "name" : "text contains \"Rezervacija\"",
                "highlight" : [ "meniLink4" ]
              }, {
                "status" : "info",
                "place" : {
                  "filePath" : "mobilePocetna.gspec",
                  "lineNumber" : 66
                },
                "name" : "css color is \"rgb(0, 0, 0)\"",
                "highlight" : [ "meniLink4" ]
              } ]
            }, {
              "name" : "meniLink5",
              "specs" : [ {
                "status" : "info",
                "place" : {
                  "filePath" : "mobilePocetna.gspec",
                  "lineNumber" : 62
                },
                "name" : "text contains \"Osobe\"",
                "highlight" : [ "meniLink5" ]
              }, {
                "status" : "info",
                "place" : {
                  "filePath" : "mobilePocetna.gspec",
                  "lineNumber" : 66
                },
                "name" : "css color is \"rgb(0, 0, 0)\"",
                "highlight" : [ "meniLink5" ]
              } ]
            } ]
          }, {
            "name" : "Sadraj section",
            "place" : {
              "filePath" : "mobilePocetna.gspec",
              "lineNumber" : 75
            },
            "objects" : [ {
              "name" : "sadrzaj",
              "specs" : [ {
                "status" : "info",
                "place" : {
                  "filePath" : "mobilePocetna.gspec",
                  "lineNumber" : 77
                },
                "name" : "width > 80 % of screen/width",
                "meta" : [ {
                  "from" : {
                    "object" : "sadrzaj",
                    "edge" : "left"
                  },
                  "to" : {
                    "object" : "sadrzaj",
                    "edge" : "right"
                  },
                  "expectedDistance" : "> 80% [456px]",
                  "realDistance" : "85% [491px]"
                } ],
                "highlight" : [ "sadrzaj" ]
              }, {
                "status" : "info",
                "place" : {
                  "filePath" : "mobilePocetna.gspec",
                  "lineNumber" : 78
                },
                "name" : "aligned vertically left meni",
                "highlight" : [ "sadrzaj", "meni" ]
              }, {
                "status" : "info",
                "place" : {
                  "filePath" : "mobilePocetna.gspec",
                  "lineNumber" : 79
                },
                "name" : "aligned vertically right meni",
                "highlight" : [ "sadrzaj", "meni" ]
              }, {
                "status" : "info",
                "place" : {
                  "filePath" : "mobilePocetna.gspec",
                  "lineNumber" : 80
                },
                "name" : "contains slikaDresa*",
                "highlight" : [ "sadrzaj", "slikaDresa1", "slikaDresa2", "slikaDresa3", "slikaDresa4", "slikaDresa5", "slikaDresa6", "slikaDresa7", "slikaDresa8", "slikaDresa9", "slikaDresa10" ]
              }, {
                "status" : "info",
                "place" : {
                  "filePath" : "mobilePocetna.gspec",
                  "lineNumber" : 81
                },
                "name" : "contains celijaGrida*",
                "highlight" : [ "sadrzaj", "celijaGrida1", "celijaGrida2", "celijaGrida3", "celijaGrida4", "celijaGrida5", "celijaGrida6", "celijaGrida7", "celijaGrida8", "celijaGrida9", "celijaGrida10" ]
              } ]
            }, {
              "name" : "slikaDresa1",
              "specs" : [ {
                "status" : "info",
                "place" : {
                  "filePath" : "mobilePocetna.gspec",
                  "lineNumber" : 85
                },
                "name" : "aligned vertically centered slikaDresa2 1px",
                "highlight" : [ "slikaDresa1", "slikaDresa2" ]
              }, {
                "status" : "info",
                "place" : {
                  "filePath" : "mobilePocetna.gspec",
                  "lineNumber" : 86
                },
                "name" : "width > 20% of sadrzaj/width",
                "meta" : [ {
                  "from" : {
                    "object" : "slikaDresa1",
                    "edge" : "left"
                  },
                  "to" : {
                    "object" : "slikaDresa1",
                    "edge" : "right"
                  },
                  "expectedDistance" : "> 20% [98px]",
                  "realDistance" : "32% [162px]"
                } ],
                "highlight" : [ "slikaDresa1" ]
              } ]
            }, {
              "name" : "slikaDresa2",
              "specs" : [ {
                "status" : "info",
                "place" : {
                  "filePath" : "mobilePocetna.gspec",
                  "lineNumber" : 85
                },
                "name" : "aligned vertically centered slikaDresa3 1px",
                "highlight" : [ "slikaDresa2", "slikaDresa3" ]
              }, {
                "status" : "info",
                "place" : {
                  "filePath" : "mobilePocetna.gspec",
                  "lineNumber" : 86
                },
                "name" : "width > 20% of sadrzaj/width",
                "meta" : [ {
                  "from" : {
                    "object" : "slikaDresa2",
                    "edge" : "left"
                  },
                  "to" : {
                    "object" : "slikaDresa2",
                    "edge" : "right"
                  },
                  "expectedDistance" : "> 20% [98px]",
                  "realDistance" : "32% [162px]"
                } ],
                "highlight" : [ "slikaDresa2" ]
              } ]
            }, {
              "name" : "slikaDresa3",
              "specs" : [ {
                "status" : "info",
                "place" : {
                  "filePath" : "mobilePocetna.gspec",
                  "lineNumber" : 85
                },
                "name" : "aligned vertically centered slikaDresa4 1px",
                "highlight" : [ "slikaDresa3", "slikaDresa4" ]
              }, {
                "status" : "info",
                "place" : {
                  "filePath" : "mobilePocetna.gspec",
                  "lineNumber" : 86
                },
                "name" : "width > 20% of sadrzaj/width",
                "meta" : [ {
                  "from" : {
                    "object" : "slikaDresa3",
                    "edge" : "left"
                  },
                  "to" : {
                    "object" : "slikaDresa3",
                    "edge" : "right"
                  },
                  "expectedDistance" : "> 20% [98px]",
                  "realDistance" : "32% [162px]"
                } ],
                "highlight" : [ "slikaDresa3" ]
              } ]
            }, {
              "name" : "slikaDresa4",
              "specs" : [ {
                "status" : "info",
                "place" : {
                  "filePath" : "mobilePocetna.gspec",
                  "lineNumber" : 85
                },
                "name" : "aligned vertically centered slikaDresa5 1px",
                "highlight" : [ "slikaDresa4", "slikaDresa5" ]
              }, {
                "status" : "info",
                "place" : {
                  "filePath" : "mobilePocetna.gspec",
                  "lineNumber" : 86
                },
                "name" : "width > 20% of sadrzaj/width",
                "meta" : [ {
                  "from" : {
                    "object" : "slikaDresa4",
                    "edge" : "left"
                  },
                  "to" : {
                    "object" : "slikaDresa4",
                    "edge" : "right"
                  },
                  "expectedDistance" : "> 20% [98px]",
                  "realDistance" : "32% [162px]"
                } ],
                "highlight" : [ "slikaDresa4" ]
              } ]
            }, {
              "name" : "slikaDresa5",
              "specs" : [ {
                "status" : "info",
                "place" : {
                  "filePath" : "mobilePocetna.gspec",
                  "lineNumber" : 85
                },
                "name" : "aligned vertically centered slikaDresa6 1px",
                "highlight" : [ "slikaDresa5", "slikaDresa6" ]
              }, {
                "status" : "info",
                "place" : {
                  "filePath" : "mobilePocetna.gspec",
                  "lineNumber" : 86
                },
                "name" : "width > 20% of sadrzaj/width",
                "meta" : [ {
                  "from" : {
                    "object" : "slikaDresa5",
                    "edge" : "left"
                  },
                  "to" : {
                    "object" : "slikaDresa5",
                    "edge" : "right"
                  },
                  "expectedDistance" : "> 20% [98px]",
                  "realDistance" : "32% [162px]"
                } ],
                "highlight" : [ "slikaDresa5" ]
              } ]
            }, {
              "name" : "slikaDresa6",
              "specs" : [ {
                "status" : "info",
                "place" : {
                  "filePath" : "mobilePocetna.gspec",
                  "lineNumber" : 85
                },
                "name" : "aligned vertically centered slikaDresa7 1px",
                "highlight" : [ "slikaDresa6", "slikaDresa7" ]
              }, {
                "status" : "info",
                "place" : {
                  "filePath" : "mobilePocetna.gspec",
                  "lineNumber" : 86
                },
                "name" : "width > 20% of sadrzaj/width",
                "meta" : [ {
                  "from" : {
                    "object" : "slikaDresa6",
                    "edge" : "left"
                  },
                  "to" : {
                    "object" : "slikaDresa6",
                    "edge" : "right"
                  },
                  "expectedDistance" : "> 20% [98px]",
                  "realDistance" : "32% [162px]"
                } ],
                "highlight" : [ "slikaDresa6" ]
              } ]
            }, {
              "name" : "slikaDresa7",
              "specs" : [ {
                "status" : "info",
                "place" : {
                  "filePath" : "mobilePocetna.gspec",
                  "lineNumber" : 85
                },
                "name" : "aligned vertically centered slikaDresa8 1px",
                "highlight" : [ "slikaDresa7", "slikaDresa8" ]
              }, {
                "status" : "info",
                "place" : {
                  "filePath" : "mobilePocetna.gspec",
                  "lineNumber" : 86
                },
                "name" : "width > 20% of sadrzaj/width",
                "meta" : [ {
                  "from" : {
                    "object" : "slikaDresa7",
                    "edge" : "left"
                  },
                  "to" : {
                    "object" : "slikaDresa7",
                    "edge" : "right"
                  },
                  "expectedDistance" : "> 20% [98px]",
                  "realDistance" : "32% [162px]"
                } ],
                "highlight" : [ "slikaDresa7" ]
              } ]
            }, {
              "name" : "slikaDresa8",
              "specs" : [ {
                "status" : "info",
                "place" : {
                  "filePath" : "mobilePocetna.gspec",
                  "lineNumber" : 85
                },
                "name" : "aligned vertically centered slikaDresa9 1px",
                "highlight" : [ "slikaDresa8", "slikaDresa9" ]
              }, {
                "status" : "info",
                "place" : {
                  "filePath" : "mobilePocetna.gspec",
                  "lineNumber" : 86
                },
                "name" : "width > 20% of sadrzaj/width",
                "meta" : [ {
                  "from" : {
                    "object" : "slikaDresa8",
                    "edge" : "left"
                  },
                  "to" : {
                    "object" : "slikaDresa8",
                    "edge" : "right"
                  },
                  "expectedDistance" : "> 20% [98px]",
                  "realDistance" : "32% [162px]"
                } ],
                "highlight" : [ "slikaDresa8" ]
              } ]
            }, {
              "name" : "slikaDresa9",
              "specs" : [ {
                "status" : "info",
                "place" : {
                  "filePath" : "mobilePocetna.gspec",
                  "lineNumber" : 85
                },
                "name" : "aligned vertically centered slikaDresa10 1px",
                "highlight" : [ "slikaDresa9", "slikaDresa10" ]
              }, {
                "status" : "info",
                "place" : {
                  "filePath" : "mobilePocetna.gspec",
                  "lineNumber" : 86
                },
                "name" : "width > 20% of sadrzaj/width",
                "meta" : [ {
                  "from" : {
                    "object" : "slikaDresa9",
                    "edge" : "left"
                  },
                  "to" : {
                    "object" : "slikaDresa9",
                    "edge" : "right"
                  },
                  "expectedDistance" : "> 20% [98px]",
                  "realDistance" : "32% [162px]"
                } ],
                "highlight" : [ "slikaDresa9" ]
              } ]
            }, {
              "name" : "celijaGrida1",
              "specs" : [ {
                "status" : "info",
                "place" : {
                  "filePath" : "mobilePocetna.gspec",
                  "lineNumber" : 90
                },
                "name" : "aligned vertically centered celijaGrida2 1px",
                "highlight" : [ "celijaGrida1", "celijaGrida2" ]
              }, {
                "status" : "info",
                "place" : {
                  "filePath" : "mobilePocetna.gspec",
                  "lineNumber" : 91
                },
                "name" : "width > 20% of sadrzaj/width",
                "meta" : [ {
                  "from" : {
                    "object" : "celijaGrida1",
                    "edge" : "left"
                  },
                  "to" : {
                    "object" : "celijaGrida1",
                    "edge" : "right"
                  },
                  "expectedDistance" : "> 20% [98px]",
                  "realDistance" : "33% [164px]"
                } ],
                "highlight" : [ "celijaGrida1" ]
              } ]
            }, {
              "name" : "celijaGrida2",
              "specs" : [ {
                "status" : "info",
                "place" : {
                  "filePath" : "mobilePocetna.gspec",
                  "lineNumber" : 90
                },
                "name" : "aligned vertically centered celijaGrida3 1px",
                "highlight" : [ "celijaGrida2", "celijaGrida3" ]
              }, {
                "status" : "info",
                "place" : {
                  "filePath" : "mobilePocetna.gspec",
                  "lineNumber" : 91
                },
                "name" : "width > 20% of sadrzaj/width",
                "meta" : [ {
                  "from" : {
                    "object" : "celijaGrida2",
                    "edge" : "left"
                  },
                  "to" : {
                    "object" : "celijaGrida2",
                    "edge" : "right"
                  },
                  "expectedDistance" : "> 20% [98px]",
                  "realDistance" : "33% [164px]"
                } ],
                "highlight" : [ "celijaGrida2" ]
              } ]
            }, {
              "name" : "celijaGrida3",
              "specs" : [ {
                "status" : "info",
                "place" : {
                  "filePath" : "mobilePocetna.gspec",
                  "lineNumber" : 90
                },
                "name" : "aligned vertically centered celijaGrida4 1px",
                "highlight" : [ "celijaGrida3", "celijaGrida4" ]
              }, {
                "status" : "info",
                "place" : {
                  "filePath" : "mobilePocetna.gspec",
                  "lineNumber" : 91
                },
                "name" : "width > 20% of sadrzaj/width",
                "meta" : [ {
                  "from" : {
                    "object" : "celijaGrida3",
                    "edge" : "left"
                  },
                  "to" : {
                    "object" : "celijaGrida3",
                    "edge" : "right"
                  },
                  "expectedDistance" : "> 20% [98px]",
                  "realDistance" : "33% [164px]"
                } ],
                "highlight" : [ "celijaGrida3" ]
              } ]
            }, {
              "name" : "celijaGrida4",
              "specs" : [ {
                "status" : "info",
                "place" : {
                  "filePath" : "mobilePocetna.gspec",
                  "lineNumber" : 90
                },
                "name" : "aligned vertically centered celijaGrida5 1px",
                "highlight" : [ "celijaGrida4", "celijaGrida5" ]
              }, {
                "status" : "info",
                "place" : {
                  "filePath" : "mobilePocetna.gspec",
                  "lineNumber" : 91
                },
                "name" : "width > 20% of sadrzaj/width",
                "meta" : [ {
                  "from" : {
                    "object" : "celijaGrida4",
                    "edge" : "left"
                  },
                  "to" : {
                    "object" : "celijaGrida4",
                    "edge" : "right"
                  },
                  "expectedDistance" : "> 20% [98px]",
                  "realDistance" : "33% [164px]"
                } ],
                "highlight" : [ "celijaGrida4" ]
              } ]
            }, {
              "name" : "celijaGrida5",
              "specs" : [ {
                "status" : "info",
                "place" : {
                  "filePath" : "mobilePocetna.gspec",
                  "lineNumber" : 90
                },
                "name" : "aligned vertically centered celijaGrida6 1px",
                "highlight" : [ "celijaGrida5", "celijaGrida6" ]
              }, {
                "status" : "info",
                "place" : {
                  "filePath" : "mobilePocetna.gspec",
                  "lineNumber" : 91
                },
                "name" : "width > 20% of sadrzaj/width",
                "meta" : [ {
                  "from" : {
                    "object" : "celijaGrida5",
                    "edge" : "left"
                  },
                  "to" : {
                    "object" : "celijaGrida5",
                    "edge" : "right"
                  },
                  "expectedDistance" : "> 20% [98px]",
                  "realDistance" : "33% [164px]"
                } ],
                "highlight" : [ "celijaGrida5" ]
              } ]
            }, {
              "name" : "celijaGrida6",
              "specs" : [ {
                "status" : "info",
                "place" : {
                  "filePath" : "mobilePocetna.gspec",
                  "lineNumber" : 90
                },
                "name" : "aligned vertically centered celijaGrida7 1px",
                "highlight" : [ "celijaGrida6", "celijaGrida7" ]
              }, {
                "status" : "info",
                "place" : {
                  "filePath" : "mobilePocetna.gspec",
                  "lineNumber" : 91
                },
                "name" : "width > 20% of sadrzaj/width",
                "meta" : [ {
                  "from" : {
                    "object" : "celijaGrida6",
                    "edge" : "left"
                  },
                  "to" : {
                    "object" : "celijaGrida6",
                    "edge" : "right"
                  },
                  "expectedDistance" : "> 20% [98px]",
                  "realDistance" : "33% [164px]"
                } ],
                "highlight" : [ "celijaGrida6" ]
              } ]
            }, {
              "name" : "celijaGrida7",
              "specs" : [ {
                "status" : "info",
                "place" : {
                  "filePath" : "mobilePocetna.gspec",
                  "lineNumber" : 90
                },
                "name" : "aligned vertically centered celijaGrida8 1px",
                "highlight" : [ "celijaGrida7", "celijaGrida8" ]
              }, {
                "status" : "info",
                "place" : {
                  "filePath" : "mobilePocetna.gspec",
                  "lineNumber" : 91
                },
                "name" : "width > 20% of sadrzaj/width",
                "meta" : [ {
                  "from" : {
                    "object" : "celijaGrida7",
                    "edge" : "left"
                  },
                  "to" : {
                    "object" : "celijaGrida7",
                    "edge" : "right"
                  },
                  "expectedDistance" : "> 20% [98px]",
                  "realDistance" : "33% [164px]"
                } ],
                "highlight" : [ "celijaGrida7" ]
              } ]
            }, {
              "name" : "celijaGrida8",
              "specs" : [ {
                "status" : "info",
                "place" : {
                  "filePath" : "mobilePocetna.gspec",
                  "lineNumber" : 90
                },
                "name" : "aligned vertically centered celijaGrida9 1px",
                "highlight" : [ "celijaGrida8", "celijaGrida9" ]
              }, {
                "status" : "info",
                "place" : {
                  "filePath" : "mobilePocetna.gspec",
                  "lineNumber" : 91
                },
                "name" : "width > 20% of sadrzaj/width",
                "meta" : [ {
                  "from" : {
                    "object" : "celijaGrida8",
                    "edge" : "left"
                  },
                  "to" : {
                    "object" : "celijaGrida8",
                    "edge" : "right"
                  },
                  "expectedDistance" : "> 20% [98px]",
                  "realDistance" : "33% [164px]"
                } ],
                "highlight" : [ "celijaGrida8" ]
              } ]
            }, {
              "name" : "celijaGrida9",
              "specs" : [ {
                "status" : "info",
                "place" : {
                  "filePath" : "mobilePocetna.gspec",
                  "lineNumber" : 90
                },
                "name" : "aligned vertically centered celijaGrida10 1px",
                "highlight" : [ "celijaGrida9", "celijaGrida10" ]
              }, {
                "status" : "info",
                "place" : {
                  "filePath" : "mobilePocetna.gspec",
                  "lineNumber" : 91
                },
                "name" : "width > 20% of sadrzaj/width",
                "meta" : [ {
                  "from" : {
                    "object" : "celijaGrida9",
                    "edge" : "left"
                  },
                  "to" : {
                    "object" : "celijaGrida9",
                    "edge" : "right"
                  },
                  "expectedDistance" : "> 20% [98px]",
                  "realDistance" : "33% [164px]"
                } ],
                "highlight" : [ "celijaGrida9" ]
              } ]
            } ]
          } ],
          "objects" : {
            "meniLink1" : {
              "area" : [ 57, 79, 66, 17 ]
            },
            "meniLink2" : {
              "area" : [ 57, 97, 43, 17 ]
            },
            "meniLink3" : {
              "area" : [ 57, 115, 49, 17 ]
            },
            "meniLink4" : {
              "area" : [ 57, 133, 91, 17 ]
            },
            "slikaDresa10" : {
              "area" : [ 204, 1907, 162, 162 ]
            },
            "celijaGrida10" : {
              "area" : [ 203, 1906, 164, 167 ]
            },
            "meniLink5" : {
              "area" : [ 57, 151, 56, 17 ]
            },
            "meni" : {
              "area" : [ 40, 30, 491, 148 ]
            },
            "celijaGrida8" : {
              "area" : [ 203, 1531, 164, 167 ]
            },
            "celijaGrida7" : {
              "area" : [ 203, 1344, 164, 167 ]
            },
            "celijaGrida6" : {
              "area" : [ 203, 1156, 164, 167 ]
            },
            "celijaGrida5" : {
              "area" : [ 203, 969, 164, 167 ]
            },
            "celijaGrida9" : {
              "area" : [ 203, 1719, 164, 167 ]
            },
            "sadrzaj" : {
              "area" : [ 40, 186, 491, 1921 ]
            },
            "slikaDresa2" : {
              "area" : [ 204, 407, 162, 162 ]
            },
            "slikaDresa1" : {
              "area" : [ 204, 220, 162, 162 ]
            },
            "slikaDresa6" : {
              "area" : [ 204, 1157, 162, 162 ]
            },
            "viewport" : {
              "area" : [ 0, 0, 571, 687 ]
            },
            "slikaDresa5" : {
              "area" : [ 204, 970, 162, 162 ]
            },
            "slikaDresa4" : {
              "area" : [ 204, 782, 162, 162 ]
            },
            "slikaDresa3" : {
              "area" : [ 204, 595, 162, 162 ]
            },
            "pozadinaLoga" : {
              "area" : [ 259, 6, 52, 52 ]
            },
            "slikaDresa9" : {
              "area" : [ 204, 1720, 162, 162 ]
            },
            "slikaDresa8" : {
              "area" : [ 204, 1532, 162, 162 ]
            },
            "slikaDresa7" : {
              "area" : [ 204, 1345, 162, 162 ]
            },
            "celijaGrida4" : {
              "area" : [ 203, 781, 164, 167 ]
            },
            "celijaGrida3" : {
              "area" : [ 203, 594, 164, 167 ]
            },
            "celijaGrida2" : {
              "area" : [ 203, 406, 164, 167 ]
            },
            "celijaGrida1" : {
              "area" : [ 203, 219, 164, 167 ]
            }
          },
          "screenshot" : "layout-1-screenshot.png",
          "type" : "layout"
        } ],
        "time" : 1573653505374,
        "type" : "node"
      } ],
      "time" : 1573653497709,
      "type" : "node"
    } ]
  }
}