{
  "testId" : "1-pocetna.gspec",
  "name" : "pocetna.gspec",
  "report" : {
    "nodes" : [ {
      "name" : "Simple check",
      "status" : "info",
      "nodes" : [ {
        "name" : "check  pocetna.gspec --url http://localhost/pocetna5.html --size 1024x768 --htmlreport izvjestaji",
        "status" : "info",
        "nodes" : [ {
          "name" : "Check layout: pocetna.gspec included tags: ",
          "status" : "info",
          "time" : 1573652845469,
          "sections" : [ {
            "name" : "Header section",
            "place" : {
              "filePath" : "pocetna.gspec",
              "lineNumber" : 12
            },
            "objects" : [ {
              "name" : "meni",
              "specs" : [ {
                "status" : "info",
                "place" : {
                  "filePath" : "pocetna.gspec",
                  "lineNumber" : 15
                },
                "name" : "width > 90 % of screen/width",
                "meta" : [ {
                  "from" : {
                    "object" : "meni",
                    "edge" : "left"
                  },
                  "to" : {
                    "object" : "meni",
                    "edge" : "right"
                  },
                  "expectedDistance" : "> 90% [895px]",
                  "realDistance" : "91% [915px]"
                } ],
                "highlight" : [ "meni" ]
              } ]
            }, {
              "name" : "pozadinaLoga",
              "specs" : [ {
                "status" : "info",
                "place" : {
                  "filePath" : "pocetna.gspec",
                  "lineNumber" : 20
                },
                "name" : "inside partly meni",
                "meta" : [ ],
                "highlight" : [ "pozadinaLoga", "meni" ]
              }, {
                "status" : "info",
                "place" : {
                  "filePath" : "pocetna.gspec",
                  "lineNumber" : 25
                },
                "name" : "on top left edge meni 40 to 50 % of meni/width right, ~ 25px top",
                "highlight" : [ "pozadinaLoga", "meni" ]
              }, {
                "status" : "info",
                "place" : {
                  "filePath" : "pocetna.gspec",
                  "lineNumber" : 29
                },
                "name" : "inside viewport",
                "meta" : [ ],
                "highlight" : [ "pozadinaLoga", "viewport" ]
              }, {
                "status" : "info",
                "place" : {
                  "filePath" : "pocetna.gspec",
                  "lineNumber" : 33
                },
                "name" : "css background-color is \"rgb(255, 165, 0)\"",
                "highlight" : [ "pozadinaLoga" ]
              }, {
                "status" : "info",
                "place" : {
                  "filePath" : "pocetna.gspec",
                  "lineNumber" : 38
                },
                "name" : "centered horizontally inside meni",
                "highlight" : [ "pozadinaLoga", "meni" ]
              } ]
            }, {
              "name" : "global",
              "specs" : [ {
                "status" : "info",
                "place" : {
                  "filePath" : "pocetna.gspec",
                  "lineNumber" : 43
                },
                "name" : "count any meniLink* is 5",
                "highlight" : [ "meniLink1", "meniLink2", "meniLink3", "meniLink4", "meniLink5" ]
              }, {
                "status" : "info",
                "place" : {
                  "filePath" : "pocetna.gspec",
                  "lineNumber" : 44
                },
                "name" : "count any meniLink* is 4 to 5",
                "highlight" : [ "meniLink1", "meniLink2", "meniLink3", "meniLink4", "meniLink5" ]
              }, {
                "status" : "info",
                "place" : {
                  "filePath" : "pocetna.gspec",
                  "lineNumber" : 45
                },
                "name" : "count any meniLink* is < 6",
                "highlight" : [ "meniLink1", "meniLink2", "meniLink3", "meniLink4", "meniLink5" ]
              }, {
                "status" : "info",
                "place" : {
                  "filePath" : "pocetna.gspec",
                  "lineNumber" : 46
                },
                "name" : "count absent meniLink* is 0",
                "highlight" : [ ]
              }, {
                "status" : "info",
                "place" : {
                  "filePath" : "pocetna.gspec",
                  "lineNumber" : 49
                },
                "name" : "count visible meniLink* is 5",
                "highlight" : [ "meniLink1", "meniLink2", "meniLink3", "meniLink4", "meniLink5" ]
              } ]
            }, {
              "name" : "meniLink1",
              "specs" : [ {
                "status" : "info",
                "place" : {
                  "filePath" : "pocetna.gspec",
                  "lineNumber" : 54
                },
                "name" : "text contains \"Po�?etna\"",
                "highlight" : [ "meniLink1" ]
              }, {
                "status" : "info",
                "place" : {
                  "filePath" : "pocetna.gspec",
                  "lineNumber" : 66
                },
                "name" : "css color is \"rgb(0, 0, 0)\"",
                "highlight" : [ "meniLink1" ]
              }, {
                "status" : "info",
                "place" : {
                  "filePath" : "pocetna.gspec",
                  "lineNumber" : 71
                },
                "name" : "left-of meniLink2 < 10px",
                "meta" : [ {
                  "from" : {
                    "object" : "meniLink1",
                    "edge" : "right"
                  },
                  "to" : {
                    "object" : "meniLink2",
                    "edge" : "left"
                  },
                  "expectedDistance" : "< 10px",
                  "realDistance" : "4px"
                } ],
                "highlight" : [ "meniLink1", "meniLink2" ]
              }, {
                "status" : "info",
                "place" : {
                  "filePath" : "pocetna.gspec",
                  "lineNumber" : 72
                },
                "name" : "aligned horizontally all meniLink2",
                "highlight" : [ "meniLink1", "meniLink2" ]
              }, {
                "status" : "info",
                "place" : {
                  "filePath" : "pocetna.gspec",
                  "lineNumber" : 73
                },
                "name" : "aligned horizontally top meniLink2",
                "highlight" : [ "meniLink1", "meniLink2" ]
              } ]
            }, {
              "name" : "meniLink2",
              "specs" : [ {
                "status" : "info",
                "place" : {
                  "filePath" : "pocetna.gspec",
                  "lineNumber" : 56
                },
                "name" : "text contains \"Sale\"",
                "highlight" : [ "meniLink2" ]
              }, {
                "status" : "info",
                "place" : {
                  "filePath" : "pocetna.gspec",
                  "lineNumber" : 66
                },
                "name" : "css color is \"rgb(0, 0, 0)\"",
                "highlight" : [ "meniLink2" ]
              }, {
                "status" : "info",
                "place" : {
                  "filePath" : "pocetna.gspec",
                  "lineNumber" : 71
                },
                "name" : "left-of meniLink3 < 10px",
                "meta" : [ {
                  "from" : {
                    "object" : "meniLink2",
                    "edge" : "right"
                  },
                  "to" : {
                    "object" : "meniLink3",
                    "edge" : "left"
                  },
                  "expectedDistance" : "< 10px",
                  "realDistance" : "5px"
                } ],
                "highlight" : [ "meniLink2", "meniLink3" ]
              }, {
                "status" : "info",
                "place" : {
                  "filePath" : "pocetna.gspec",
                  "lineNumber" : 72
                },
                "name" : "aligned horizontally all meniLink3",
                "highlight" : [ "meniLink2", "meniLink3" ]
              }, {
                "status" : "info",
                "place" : {
                  "filePath" : "pocetna.gspec",
                  "lineNumber" : 73
                },
                "name" : "aligned horizontally top meniLink3",
                "highlight" : [ "meniLink2", "meniLink3" ]
              }, {
                "status" : "info",
                "place" : {
                  "filePath" : "pocetna.gspec",
                  "lineNumber" : 78
                },
                "name" : "right-of meniLink1 < 10px",
                "meta" : [ {
                  "from" : {
                    "object" : "meniLink2",
                    "edge" : "left"
                  },
                  "to" : {
                    "object" : "meniLink1",
                    "edge" : "right"
                  },
                  "expectedDistance" : "< 10px",
                  "realDistance" : "4px"
                } ],
                "highlight" : [ "meniLink2", "meniLink1" ]
              } ]
            }, {
              "name" : "meniLink3",
              "specs" : [ {
                "status" : "info",
                "place" : {
                  "filePath" : "pocetna.gspec",
                  "lineNumber" : 58
                },
                "name" : "text contains \"Unos\"",
                "highlight" : [ "meniLink3" ]
              }, {
                "status" : "info",
                "place" : {
                  "filePath" : "pocetna.gspec",
                  "lineNumber" : 66
                },
                "name" : "css color is \"rgb(0, 0, 0)\"",
                "highlight" : [ "meniLink3" ]
              }, {
                "status" : "info",
                "place" : {
                  "filePath" : "pocetna.gspec",
                  "lineNumber" : 71
                },
                "name" : "left-of meniLink4 < 10px",
                "meta" : [ {
                  "from" : {
                    "object" : "meniLink3",
                    "edge" : "right"
                  },
                  "to" : {
                    "object" : "meniLink4",
                    "edge" : "left"
                  },
                  "expectedDistance" : "< 10px",
                  "realDistance" : "4px"
                } ],
                "highlight" : [ "meniLink3", "meniLink4" ]
              }, {
                "status" : "info",
                "place" : {
                  "filePath" : "pocetna.gspec",
                  "lineNumber" : 72
                },
                "name" : "aligned horizontally all meniLink4",
                "highlight" : [ "meniLink3", "meniLink4" ]
              }, {
                "status" : "info",
                "place" : {
                  "filePath" : "pocetna.gspec",
                  "lineNumber" : 73
                },
                "name" : "aligned horizontally top meniLink4",
                "highlight" : [ "meniLink3", "meniLink4" ]
              }, {
                "status" : "info",
                "place" : {
                  "filePath" : "pocetna.gspec",
                  "lineNumber" : 78
                },
                "name" : "right-of meniLink2 < 10px",
                "meta" : [ {
                  "from" : {
                    "object" : "meniLink3",
                    "edge" : "left"
                  },
                  "to" : {
                    "object" : "meniLink2",
                    "edge" : "right"
                  },
                  "expectedDistance" : "< 10px",
                  "realDistance" : "5px"
                } ],
                "highlight" : [ "meniLink3", "meniLink2" ]
              } ]
            }, {
              "name" : "meniLink4",
              "specs" : [ {
                "status" : "info",
                "place" : {
                  "filePath" : "pocetna.gspec",
                  "lineNumber" : 60
                },
                "name" : "text contains \"Rezervacija\"",
                "highlight" : [ "meniLink4" ]
              }, {
                "status" : "info",
                "place" : {
                  "filePath" : "pocetna.gspec",
                  "lineNumber" : 66
                },
                "name" : "css color is \"rgb(0, 0, 0)\"",
                "highlight" : [ "meniLink4" ]
              }, {
                "status" : "info",
                "place" : {
                  "filePath" : "pocetna.gspec",
                  "lineNumber" : 71
                },
                "name" : "left-of meniLink5 < 10px",
                "meta" : [ {
                  "from" : {
                    "object" : "meniLink4",
                    "edge" : "right"
                  },
                  "to" : {
                    "object" : "meniLink5",
                    "edge" : "left"
                  },
                  "expectedDistance" : "< 10px",
                  "realDistance" : "5px"
                } ],
                "highlight" : [ "meniLink4", "meniLink5" ]
              }, {
                "status" : "info",
                "place" : {
                  "filePath" : "pocetna.gspec",
                  "lineNumber" : 72
                },
                "name" : "aligned horizontally all meniLink5",
                "highlight" : [ "meniLink4", "meniLink5" ]
              }, {
                "status" : "info",
                "place" : {
                  "filePath" : "pocetna.gspec",
                  "lineNumber" : 73
                },
                "name" : "aligned horizontally top meniLink5",
                "highlight" : [ "meniLink4", "meniLink5" ]
              }, {
                "status" : "info",
                "place" : {
                  "filePath" : "pocetna.gspec",
                  "lineNumber" : 78
                },
                "name" : "right-of meniLink3 < 10px",
                "meta" : [ {
                  "from" : {
                    "object" : "meniLink4",
                    "edge" : "left"
                  },
                  "to" : {
                    "object" : "meniLink3",
                    "edge" : "right"
                  },
                  "expectedDistance" : "< 10px",
                  "realDistance" : "4px"
                } ],
                "highlight" : [ "meniLink4", "meniLink3" ]
              } ]
            }, {
              "name" : "meniLink5",
              "specs" : [ {
                "status" : "info",
                "place" : {
                  "filePath" : "pocetna.gspec",
                  "lineNumber" : 62
                },
                "name" : "text contains \"Osobe\"",
                "highlight" : [ "meniLink5" ]
              }, {
                "status" : "info",
                "place" : {
                  "filePath" : "pocetna.gspec",
                  "lineNumber" : 66
                },
                "name" : "css color is \"rgb(0, 0, 0)\"",
                "highlight" : [ "meniLink5" ]
              }, {
                "status" : "info",
                "place" : {
                  "filePath" : "pocetna.gspec",
                  "lineNumber" : 78
                },
                "name" : "right-of meniLink4 < 10px",
                "meta" : [ {
                  "from" : {
                    "object" : "meniLink5",
                    "edge" : "left"
                  },
                  "to" : {
                    "object" : "meniLink4",
                    "edge" : "right"
                  },
                  "expectedDistance" : "< 10px",
                  "realDistance" : "5px"
                } ],
                "highlight" : [ "meniLink5", "meniLink4" ]
              } ]
            } ]
          }, {
            "name" : "Sadraj section",
            "place" : {
              "filePath" : "pocetna.gspec",
              "lineNumber" : 81
            },
            "objects" : [ {
              "name" : "sadrzaj",
              "specs" : [ {
                "status" : "info",
                "place" : {
                  "filePath" : "pocetna.gspec",
                  "lineNumber" : 83
                },
                "name" : "width > 90 % of screen/width",
                "meta" : [ {
                  "from" : {
                    "object" : "sadrzaj",
                    "edge" : "left"
                  },
                  "to" : {
                    "object" : "sadrzaj",
                    "edge" : "right"
                  },
                  "expectedDistance" : "> 90% [895px]",
                  "realDistance" : "91% [915px]"
                } ],
                "highlight" : [ "sadrzaj" ]
              }, {
                "status" : "info",
                "place" : {
                  "filePath" : "pocetna.gspec",
                  "lineNumber" : 84
                },
                "name" : "aligned vertically left meni",
                "highlight" : [ "sadrzaj", "meni" ]
              }, {
                "status" : "info",
                "place" : {
                  "filePath" : "pocetna.gspec",
                  "lineNumber" : 85
                },
                "name" : "aligned vertically right meni",
                "highlight" : [ "sadrzaj", "meni" ]
              }, {
                "status" : "info",
                "place" : {
                  "filePath" : "pocetna.gspec",
                  "lineNumber" : 86
                },
                "name" : "contains celijaGrida*",
                "highlight" : [ "sadrzaj", "celijaGrida1", "celijaGrida2", "celijaGrida3", "celijaGrida4", "celijaGrida5", "celijaGrida6", "celijaGrida7", "celijaGrida8", "celijaGrida9", "celijaGrida10" ]
              }, {
                "status" : "info",
                "place" : {
                  "filePath" : "pocetna.gspec",
                  "lineNumber" : 87
                },
                "name" : "contains slikaDresa*",
                "highlight" : [ "sadrzaj", "slikaDresa1", "slikaDresa2", "slikaDresa3", "slikaDresa4", "slikaDresa5", "slikaDresa6", "slikaDresa7", "slikaDresa8", "slikaDresa9", "slikaDresa10" ]
              } ]
            }, {
              "name" : "celijaGrida1",
              "specs" : [ {
                "status" : "info",
                "place" : {
                  "filePath" : "pocetna.gspec",
                  "lineNumber" : 91
                },
                "name" : "aligned horizontally centered celijaGrida2 1px",
                "highlight" : [ "celijaGrida1", "celijaGrida2" ]
              }, {
                "status" : "info",
                "place" : {
                  "filePath" : "pocetna.gspec",
                  "lineNumber" : 92
                },
                "name" : "width > 20% of sadrzaj/width",
                "meta" : [ {
                  "from" : {
                    "object" : "celijaGrida1",
                    "edge" : "left"
                  },
                  "to" : {
                    "object" : "celijaGrida1",
                    "edge" : "right"
                  },
                  "expectedDistance" : "> 20% [183px]",
                  "realDistance" : "22% [204px]"
                } ],
                "highlight" : [ "celijaGrida1" ]
              }, {
                "status" : "info",
                "place" : {
                  "filePath" : "pocetna.gspec",
                  "lineNumber" : 97
                },
                "name" : "aligned vertically left celijaGrida4 1px",
                "highlight" : [ "celijaGrida1", "celijaGrida4" ]
              }, {
                "status" : "info",
                "place" : {
                  "filePath" : "pocetna.gspec",
                  "lineNumber" : 98
                },
                "name" : "aligned vertically right celijaGrida4 1px",
                "highlight" : [ "celijaGrida1", "celijaGrida4" ]
              } ]
            }, {
              "name" : "celijaGrida2",
              "specs" : [ {
                "status" : "info",
                "place" : {
                  "filePath" : "pocetna.gspec",
                  "lineNumber" : 91
                },
                "name" : "aligned horizontally centered celijaGrida3 1px",
                "highlight" : [ "celijaGrida2", "celijaGrida3" ]
              }, {
                "status" : "info",
                "place" : {
                  "filePath" : "pocetna.gspec",
                  "lineNumber" : 92
                },
                "name" : "width > 20% of sadrzaj/width",
                "meta" : [ {
                  "from" : {
                    "object" : "celijaGrida2",
                    "edge" : "left"
                  },
                  "to" : {
                    "object" : "celijaGrida2",
                    "edge" : "right"
                  },
                  "expectedDistance" : "> 20% [183px]",
                  "realDistance" : "22% [204px]"
                } ],
                "highlight" : [ "celijaGrida2" ]
              } ]
            }, {
              "name" : "celijaGrida4",
              "specs" : [ {
                "status" : "info",
                "place" : {
                  "filePath" : "pocetna.gspec",
                  "lineNumber" : 97
                },
                "name" : "aligned vertically left celijaGrida7 1px",
                "highlight" : [ "celijaGrida4", "celijaGrida7" ]
              }, {
                "status" : "info",
                "place" : {
                  "filePath" : "pocetna.gspec",
                  "lineNumber" : 98
                },
                "name" : "aligned vertically right celijaGrida7 1px",
                "highlight" : [ "celijaGrida4", "celijaGrida7" ]
              } ]
            }, {
              "name" : "celijaGrida7",
              "specs" : [ {
                "status" : "info",
                "place" : {
                  "filePath" : "pocetna.gspec",
                  "lineNumber" : 97
                },
                "name" : "aligned vertically left celijaGrida10 1px",
                "highlight" : [ "celijaGrida7", "celijaGrida10" ]
              }, {
                "status" : "info",
                "place" : {
                  "filePath" : "pocetna.gspec",
                  "lineNumber" : 98
                },
                "name" : "aligned vertically right celijaGrida10 1px",
                "highlight" : [ "celijaGrida7", "celijaGrida10" ]
              } ]
            }, {
              "name" : "slikaDresa1",
              "specs" : [ {
                "status" : "info",
                "place" : {
                  "filePath" : "pocetna.gspec",
                  "lineNumber" : 102
                },
                "name" : "inside celijaGrida1",
                "meta" : [ ],
                "highlight" : [ "slikaDresa1", "celijaGrida1" ]
              }, {
                "status" : "info",
                "place" : {
                  "filePath" : "pocetna.gspec",
                  "lineNumber" : 103
                },
                "name" : "centered horizontally inside celijaGrida1",
                "highlight" : [ "slikaDresa1", "celijaGrida1" ]
              } ]
            }, {
              "name" : "slikaDresa2",
              "specs" : [ {
                "status" : "info",
                "place" : {
                  "filePath" : "pocetna.gspec",
                  "lineNumber" : 102
                },
                "name" : "inside celijaGrida2",
                "meta" : [ ],
                "highlight" : [ "slikaDresa2", "celijaGrida2" ]
              }, {
                "status" : "info",
                "place" : {
                  "filePath" : "pocetna.gspec",
                  "lineNumber" : 103
                },
                "name" : "centered horizontally inside celijaGrida2",
                "highlight" : [ "slikaDresa2", "celijaGrida2" ]
              } ]
            }, {
              "name" : "slikaDresa3",
              "specs" : [ {
                "status" : "info",
                "place" : {
                  "filePath" : "pocetna.gspec",
                  "lineNumber" : 102
                },
                "name" : "inside celijaGrida3",
                "meta" : [ ],
                "highlight" : [ "slikaDresa3", "celijaGrida3" ]
              }, {
                "status" : "info",
                "place" : {
                  "filePath" : "pocetna.gspec",
                  "lineNumber" : 103
                },
                "name" : "centered horizontally inside celijaGrida3",
                "highlight" : [ "slikaDresa3", "celijaGrida3" ]
              } ]
            } ]
          } ],
          "objects" : {
            "meniLink1" : {
              "area" : [ 57, 79, 66, 17 ]
            },
            "meniLink2" : {
              "area" : [ 127, 79, 43, 17 ]
            },
            "meniLink3" : {
              "area" : [ 175, 79, 49, 17 ]
            },
            "meniLink4" : {
              "area" : [ 228, 79, 91, 17 ]
            },
            "slikaDresa10" : {
              "area" : [ 85, 830, 202, 202 ]
            },
            "celijaGrida10" : {
              "area" : [ 84, 829, 204, 207 ]
            },
            "meniLink5" : {
              "area" : [ 324, 79, 56, 17 ]
            },
            "meni" : {
              "area" : [ 40, 30, 915, 76 ]
            },
            "celijaGrida8" : {
              "area" : [ 395, 602, 204, 207 ]
            },
            "celijaGrida7" : {
              "area" : [ 84, 602, 204, 207 ]
            },
            "celijaGrida6" : {
              "area" : [ 706, 374, 204, 207 ]
            },
            "celijaGrida5" : {
              "area" : [ 395, 374, 204, 207 ]
            },
            "celijaGrida9" : {
              "area" : [ 706, 602, 204, 207 ]
            },
            "sadrzaj" : {
              "area" : [ 40, 114, 915, 956 ]
            },
            "slikaDresa2" : {
              "area" : [ 396, 148, 202, 202 ]
            },
            "slikaDresa1" : {
              "area" : [ 85, 148, 202, 202 ]
            },
            "slikaDresa6" : {
              "area" : [ 707, 375, 202, 202 ]
            },
            "viewport" : {
              "area" : [ 0, 0, 995, 687 ]
            },
            "slikaDresa5" : {
              "area" : [ 396, 375, 202, 202 ]
            },
            "slikaDresa4" : {
              "area" : [ 85, 375, 202, 202 ]
            },
            "slikaDresa3" : {
              "area" : [ 707, 148, 202, 202 ]
            },
            "pozadinaLoga" : {
              "area" : [ 471, 6, 52, 52 ]
            },
            "slikaDresa9" : {
              "area" : [ 707, 603, 202, 202 ]
            },
            "slikaDresa8" : {
              "area" : [ 396, 603, 202, 202 ]
            },
            "slikaDresa7" : {
              "area" : [ 85, 603, 202, 202 ]
            },
            "celijaGrida4" : {
              "area" : [ 84, 374, 204, 207 ]
            },
            "celijaGrida3" : {
              "area" : [ 706, 147, 204, 207 ]
            },
            "celijaGrida2" : {
              "area" : [ 395, 147, 204, 207 ]
            },
            "celijaGrida1" : {
              "area" : [ 84, 147, 204, 207 ]
            }
          },
          "screenshot" : "layout-1-screenshot.png",
          "type" : "layout"
        } ],
        "time" : 1573652840862,
        "type" : "node"
      } ],
      "time" : 1573652832753,
      "type" : "node"
    } ]
  }
}