{
  "testId" : "1-.-testovi-mobilepocetna.gspec",
  "name" : "./testovi/mobilePocetna.gspec",
  "report" : {
    "nodes" : [ {
      "name" : "Simple check",
      "status" : "info",
      "nodes" : [ {
        "name" : "check  ./testovi/mobilePocetna.gspec --url file:///D:/nginx-1.15.5/html/Adem/pocetna.html --size 580x768 --htmlreport ./izvjestaji/mobilePocetna_izvjestaj",
        "status" : "info",
        "nodes" : [ {
          "name" : "Check layout: ./testovi/mobilePocetna.gspec included tags: ",
          "status" : "info",
          "time" : 1573637491630,
          "sections" : [ {
            "name" : "Skeleton",
            "place" : {
              "filePath" : "./testovi/mobilePocetna.gspec",
              "lineNumber" : 11
            },
            "objects" : [ {
              "name" : "meni",
              "specs" : [ {
                "status" : "info",
                "place" : {
                  "filePath" : "./testovi/mobilePocetna.gspec",
                  "lineNumber" : 13
                },
                "name" : "centered horizontally inside screen",
                "highlight" : [ "meni", "screen" ]
              } ]
            }, {
              "name" : "logo",
              "specs" : [ {
                "status" : "info",
                "place" : {
                  "filePath" : "./testovi/mobilePocetna.gspec",
                  "lineNumber" : 13
                },
                "name" : "centered horizontally inside screen",
                "highlight" : [ "logo", "screen" ]
              } ]
            }, {
              "name" : "sadrzaj",
              "specs" : [ {
                "status" : "info",
                "place" : {
                  "filePath" : "./testovi/mobilePocetna.gspec",
                  "lineNumber" : 13
                },
                "name" : "centered horizontally inside screen",
                "highlight" : [ "sadrzaj", "screen" ]
              } ]
            } ]
          }, {
            "name" : "meni",
            "place" : {
              "filePath" : "./testovi/mobilePocetna.gspec",
              "lineNumber" : 15
            },
            "objects" : [ {
              "name" : "meni",
              "specs" : [ {
                "status" : "info",
                "place" : {
                  "filePath" : "./testovi/mobilePocetna.gspec",
                  "lineNumber" : 17
                },
                "name" : "width ~ 80 % of screen/width",
                "meta" : [ {
                  "from" : {
                    "object" : "meni",
                    "edge" : "left"
                  },
                  "to" : {
                    "object" : "meni",
                    "edge" : "right"
                  },
                  "expectedDistance" : "78 to 82% [429 to 451px]",
                  "realDistance" : "79% [440px]"
                } ],
                "highlight" : [ "meni" ]
              }, {
                "status" : "info",
                "place" : {
                  "filePath" : "./testovi/mobilePocetna.gspec",
                  "lineNumber" : 18
                },
                "name" : "below logo  -50 % of logo/height",
                "meta" : [ {
                  "from" : {
                    "object" : "meni",
                    "edge" : "top"
                  },
                  "to" : {
                    "object" : "logo",
                    "edge" : "bottom"
                  },
                  "expectedDistance" : "-50px",
                  "realDistance" : "-50px"
                } ],
                "highlight" : [ "meni", "logo" ]
              }, {
                "status" : "info",
                "place" : {
                  "filePath" : "./testovi/mobilePocetna.gspec",
                  "lineNumber" : 19
                },
                "name" : "centered horizontally inside screen",
                "highlight" : [ "meni", "screen" ]
              }, {
                "status" : "info",
                "place" : {
                  "filePath" : "./testovi/mobilePocetna.gspec",
                  "lineNumber" : 20
                },
                "name" : "contains partly logo",
                "highlight" : [ "meni", "logo" ]
              }, {
                "status" : "info",
                "place" : {
                  "filePath" : "./testovi/mobilePocetna.gspec",
                  "lineNumber" : 21
                },
                "name" : "contains stranice-*",
                "highlight" : [ "meni", "stranice-1", "stranice-2", "stranice-3", "stranice-4", "stranice-5" ]
              }, {
                "status" : "info",
                "place" : {
                  "filePath" : "./testovi/mobilePocetna.gspec",
                  "lineNumber" : 22
                },
                "name" : "height 10 to 45 % of screen/height",
                "meta" : [ {
                  "from" : {
                    "object" : "meni",
                    "edge" : "top"
                  },
                  "to" : {
                    "object" : "meni",
                    "edge" : "bottom"
                  },
                  "expectedDistance" : "10 to 45% [163 to 737px]",
                  "realDistance" : "18% [310px]"
                } ],
                "highlight" : [ "meni" ]
              }, {
                "status" : "info",
                "place" : {
                  "filePath" : "./testovi/mobilePocetna.gspec",
                  "lineNumber" : 23
                },
                "name" : "above sadrzaj 40 to 60 px",
                "meta" : [ {
                  "from" : {
                    "object" : "meni",
                    "edge" : "bottom"
                  },
                  "to" : {
                    "object" : "sadrzaj",
                    "edge" : "top"
                  },
                  "expectedDistance" : "40 to 60px",
                  "realDistance" : "48px"
                } ],
                "highlight" : [ "meni", "sadrzaj" ]
              }, {
                "status" : "info",
                "place" : {
                  "filePath" : "./testovi/mobilePocetna.gspec",
                  "lineNumber" : 24
                },
                "name" : "inside screen 60 to 85 px top",
                "meta" : [ {
                  "from" : {
                    "object" : "meni",
                    "edge" : "top"
                  },
                  "to" : {
                    "object" : "screen",
                    "edge" : "top"
                  },
                  "expectedDistance" : "60 to 85px",
                  "realDistance" : "80px"
                } ],
                "highlight" : [ "meni", "screen" ]
              } ]
            } ]
          }, {
            "name" : "logo",
            "place" : {
              "filePath" : "./testovi/mobilePocetna.gspec",
              "lineNumber" : 25
            },
            "objects" : [ {
              "name" : "logo",
              "specs" : [ {
                "status" : "info",
                "place" : {
                  "filePath" : "./testovi/mobilePocetna.gspec",
                  "lineNumber" : 27
                },
                "name" : "above meni -50% of logo/height",
                "meta" : [ {
                  "from" : {
                    "object" : "logo",
                    "edge" : "bottom"
                  },
                  "to" : {
                    "object" : "meni",
                    "edge" : "top"
                  },
                  "expectedDistance" : "-50px",
                  "realDistance" : "-50px"
                } ],
                "highlight" : [ "logo", "meni" ]
              } ],
              "specGroups" : [ {
                "name" : "should be squared",
                "specs" : [ {
                  "status" : "info",
                  "place" : {
                    "filePath" : "./testovi/mobilePocetna.gspec",
                    "lineNumber" : 28
                  },
                  "name" : "width 100% of logo/height",
                  "meta" : [ {
                    "from" : {
                      "object" : "logo",
                      "edge" : "left"
                    },
                    "to" : {
                      "object" : "logo",
                      "edge" : "right"
                    },
                    "expectedDistance" : "100% [100px]",
                    "realDistance" : "100% [100px]"
                  } ],
                  "highlight" : [ "logo" ]
                } ]
              } ]
            } ]
          }, {
            "name" : "stranice-*",
            "place" : {
              "filePath" : "./testovi/mobilePocetna.gspec",
              "lineNumber" : 30
            },
            "objects" : [ {
              "name" : "stranice-1",
              "specs" : [ {
                "status" : "info",
                "place" : {
                  "filePath" : "./testovi/mobilePocetna.gspec",
                  "lineNumber" : 32
                },
                "name" : "aligned vertically all stranice-2",
                "highlight" : [ "stranice-1", "stranice-2" ]
              }, {
                "status" : "info",
                "place" : {
                  "filePath" : "./testovi/mobilePocetna.gspec",
                  "lineNumber" : 33
                },
                "name" : "inside meni >= 10px bottom, >= 100 px top, ~ 0% of meni/width left right",
                "meta" : [ {
                  "from" : {
                    "object" : "stranice-1",
                    "edge" : "bottom"
                  },
                  "to" : {
                    "object" : "meni",
                    "edge" : "bottom"
                  },
                  "expectedDistance" : ">= 10px",
                  "realDistance" : "170px"
                }, {
                  "from" : {
                    "object" : "stranice-1",
                    "edge" : "top"
                  },
                  "to" : {
                    "object" : "meni",
                    "edge" : "top"
                  },
                  "expectedDistance" : ">= 100px",
                  "realDistance" : "100px"
                }, {
                  "from" : {
                    "object" : "stranice-1",
                    "edge" : "left"
                  },
                  "to" : {
                    "object" : "meni",
                    "edge" : "left"
                  },
                  "expectedDistance" : "-2 to 2px",
                  "realDistance" : "0px"
                }, {
                  "from" : {
                    "object" : "stranice-1",
                    "edge" : "right"
                  },
                  "to" : {
                    "object" : "meni",
                    "edge" : "right"
                  },
                  "expectedDistance" : "-2 to 2px",
                  "realDistance" : "0px"
                } ],
                "highlight" : [ "stranice-1", "meni" ]
              }, {
                "status" : "info",
                "place" : {
                  "filePath" : "./testovi/mobilePocetna.gspec",
                  "lineNumber" : 34
                },
                "name" : "height 30 to 40 px",
                "meta" : [ {
                  "from" : {
                    "object" : "stranice-1",
                    "edge" : "top"
                  },
                  "to" : {
                    "object" : "stranice-1",
                    "edge" : "bottom"
                  },
                  "expectedDistance" : "30 to 40px",
                  "realDistance" : "40px"
                } ],
                "highlight" : [ "stranice-1" ]
              }, {
                "status" : "info",
                "place" : {
                  "filePath" : "./testovi/mobilePocetna.gspec",
                  "lineNumber" : 35
                },
                "name" : "width ~ 100 % of meni/width",
                "meta" : [ {
                  "from" : {
                    "object" : "stranice-1",
                    "edge" : "left"
                  },
                  "to" : {
                    "object" : "stranice-1",
                    "edge" : "right"
                  },
                  "expectedDistance" : "98 to 102% [431 to 448px]",
                  "realDistance" : "100% [440px]"
                } ],
                "highlight" : [ "stranice-1" ]
              }, {
                "status" : "info",
                "place" : {
                  "filePath" : "./testovi/mobilePocetna.gspec",
                  "lineNumber" : 38
                },
                "name" : "above stranice-2 ~ 0px",
                "meta" : [ {
                  "from" : {
                    "object" : "stranice-1",
                    "edge" : "bottom"
                  },
                  "to" : {
                    "object" : "stranice-2",
                    "edge" : "top"
                  },
                  "expectedDistance" : "-2 to 2px",
                  "realDistance" : "0px"
                } ],
                "highlight" : [ "stranice-1", "stranice-2" ]
              } ]
            }, {
              "name" : "stranice-2",
              "specs" : [ {
                "status" : "info",
                "place" : {
                  "filePath" : "./testovi/mobilePocetna.gspec",
                  "lineNumber" : 32
                },
                "name" : "aligned vertically all stranice-2",
                "highlight" : [ "stranice-2", "stranice-2" ]
              }, {
                "status" : "info",
                "place" : {
                  "filePath" : "./testovi/mobilePocetna.gspec",
                  "lineNumber" : 33
                },
                "name" : "inside meni >= 10px bottom, >= 100 px top, ~ 0% of meni/width left right",
                "meta" : [ {
                  "from" : {
                    "object" : "stranice-2",
                    "edge" : "bottom"
                  },
                  "to" : {
                    "object" : "meni",
                    "edge" : "bottom"
                  },
                  "expectedDistance" : ">= 10px",
                  "realDistance" : "130px"
                }, {
                  "from" : {
                    "object" : "stranice-2",
                    "edge" : "top"
                  },
                  "to" : {
                    "object" : "meni",
                    "edge" : "top"
                  },
                  "expectedDistance" : ">= 100px",
                  "realDistance" : "140px"
                }, {
                  "from" : {
                    "object" : "stranice-2",
                    "edge" : "left"
                  },
                  "to" : {
                    "object" : "meni",
                    "edge" : "left"
                  },
                  "expectedDistance" : "-2 to 2px",
                  "realDistance" : "0px"
                }, {
                  "from" : {
                    "object" : "stranice-2",
                    "edge" : "right"
                  },
                  "to" : {
                    "object" : "meni",
                    "edge" : "right"
                  },
                  "expectedDistance" : "-2 to 2px",
                  "realDistance" : "0px"
                } ],
                "highlight" : [ "stranice-2", "meni" ]
              }, {
                "status" : "info",
                "place" : {
                  "filePath" : "./testovi/mobilePocetna.gspec",
                  "lineNumber" : 34
                },
                "name" : "height 30 to 40 px",
                "meta" : [ {
                  "from" : {
                    "object" : "stranice-2",
                    "edge" : "top"
                  },
                  "to" : {
                    "object" : "stranice-2",
                    "edge" : "bottom"
                  },
                  "expectedDistance" : "30 to 40px",
                  "realDistance" : "40px"
                } ],
                "highlight" : [ "stranice-2" ]
              }, {
                "status" : "info",
                "place" : {
                  "filePath" : "./testovi/mobilePocetna.gspec",
                  "lineNumber" : 35
                },
                "name" : "width ~ 100 % of meni/width",
                "meta" : [ {
                  "from" : {
                    "object" : "stranice-2",
                    "edge" : "left"
                  },
                  "to" : {
                    "object" : "stranice-2",
                    "edge" : "right"
                  },
                  "expectedDistance" : "98 to 102% [431 to 448px]",
                  "realDistance" : "100% [440px]"
                } ],
                "highlight" : [ "stranice-2" ]
              }, {
                "status" : "info",
                "place" : {
                  "filePath" : "./testovi/mobilePocetna.gspec",
                  "lineNumber" : 41
                },
                "name" : "above stranice-3 ~ 0px",
                "meta" : [ {
                  "from" : {
                    "object" : "stranice-2",
                    "edge" : "bottom"
                  },
                  "to" : {
                    "object" : "stranice-3",
                    "edge" : "top"
                  },
                  "expectedDistance" : "-2 to 2px",
                  "realDistance" : "0px"
                } ],
                "highlight" : [ "stranice-2", "stranice-3" ]
              }, {
                "status" : "info",
                "place" : {
                  "filePath" : "./testovi/mobilePocetna.gspec",
                  "lineNumber" : 42
                },
                "name" : "below stranice-1 ~ 0px",
                "meta" : [ {
                  "from" : {
                    "object" : "stranice-2",
                    "edge" : "top"
                  },
                  "to" : {
                    "object" : "stranice-1",
                    "edge" : "bottom"
                  },
                  "expectedDistance" : "-2 to 2px",
                  "realDistance" : "0px"
                } ],
                "highlight" : [ "stranice-2", "stranice-1" ]
              } ]
            }, {
              "name" : "stranice-3",
              "specs" : [ {
                "status" : "info",
                "place" : {
                  "filePath" : "./testovi/mobilePocetna.gspec",
                  "lineNumber" : 32
                },
                "name" : "aligned vertically all stranice-2",
                "highlight" : [ "stranice-3", "stranice-2" ]
              }, {
                "status" : "info",
                "place" : {
                  "filePath" : "./testovi/mobilePocetna.gspec",
                  "lineNumber" : 33
                },
                "name" : "inside meni >= 10px bottom, >= 100 px top, ~ 0% of meni/width left right",
                "meta" : [ {
                  "from" : {
                    "object" : "stranice-3",
                    "edge" : "bottom"
                  },
                  "to" : {
                    "object" : "meni",
                    "edge" : "bottom"
                  },
                  "expectedDistance" : ">= 10px",
                  "realDistance" : "90px"
                }, {
                  "from" : {
                    "object" : "stranice-3",
                    "edge" : "top"
                  },
                  "to" : {
                    "object" : "meni",
                    "edge" : "top"
                  },
                  "expectedDistance" : ">= 100px",
                  "realDistance" : "180px"
                }, {
                  "from" : {
                    "object" : "stranice-3",
                    "edge" : "left"
                  },
                  "to" : {
                    "object" : "meni",
                    "edge" : "left"
                  },
                  "expectedDistance" : "-2 to 2px",
                  "realDistance" : "0px"
                }, {
                  "from" : {
                    "object" : "stranice-3",
                    "edge" : "right"
                  },
                  "to" : {
                    "object" : "meni",
                    "edge" : "right"
                  },
                  "expectedDistance" : "-2 to 2px",
                  "realDistance" : "0px"
                } ],
                "highlight" : [ "stranice-3", "meni" ]
              }, {
                "status" : "info",
                "place" : {
                  "filePath" : "./testovi/mobilePocetna.gspec",
                  "lineNumber" : 34
                },
                "name" : "height 30 to 40 px",
                "meta" : [ {
                  "from" : {
                    "object" : "stranice-3",
                    "edge" : "top"
                  },
                  "to" : {
                    "object" : "stranice-3",
                    "edge" : "bottom"
                  },
                  "expectedDistance" : "30 to 40px",
                  "realDistance" : "40px"
                } ],
                "highlight" : [ "stranice-3" ]
              }, {
                "status" : "info",
                "place" : {
                  "filePath" : "./testovi/mobilePocetna.gspec",
                  "lineNumber" : 35
                },
                "name" : "width ~ 100 % of meni/width",
                "meta" : [ {
                  "from" : {
                    "object" : "stranice-3",
                    "edge" : "left"
                  },
                  "to" : {
                    "object" : "stranice-3",
                    "edge" : "right"
                  },
                  "expectedDistance" : "98 to 102% [431 to 448px]",
                  "realDistance" : "100% [440px]"
                } ],
                "highlight" : [ "stranice-3" ]
              }, {
                "status" : "info",
                "place" : {
                  "filePath" : "./testovi/mobilePocetna.gspec",
                  "lineNumber" : 45
                },
                "name" : "above stranice-4 ~ 0px",
                "meta" : [ {
                  "from" : {
                    "object" : "stranice-3",
                    "edge" : "bottom"
                  },
                  "to" : {
                    "object" : "stranice-4",
                    "edge" : "top"
                  },
                  "expectedDistance" : "-2 to 2px",
                  "realDistance" : "0px"
                } ],
                "highlight" : [ "stranice-3", "stranice-4" ]
              }, {
                "status" : "info",
                "place" : {
                  "filePath" : "./testovi/mobilePocetna.gspec",
                  "lineNumber" : 46
                },
                "name" : "below stranice-2 ~ 0px",
                "meta" : [ {
                  "from" : {
                    "object" : "stranice-3",
                    "edge" : "top"
                  },
                  "to" : {
                    "object" : "stranice-2",
                    "edge" : "bottom"
                  },
                  "expectedDistance" : "-2 to 2px",
                  "realDistance" : "0px"
                } ],
                "highlight" : [ "stranice-3", "stranice-2" ]
              } ]
            }, {
              "name" : "stranice-4",
              "specs" : [ {
                "status" : "info",
                "place" : {
                  "filePath" : "./testovi/mobilePocetna.gspec",
                  "lineNumber" : 32
                },
                "name" : "aligned vertically all stranice-2",
                "highlight" : [ "stranice-4", "stranice-2" ]
              }, {
                "status" : "info",
                "place" : {
                  "filePath" : "./testovi/mobilePocetna.gspec",
                  "lineNumber" : 33
                },
                "name" : "inside meni >= 10px bottom, >= 100 px top, ~ 0% of meni/width left right",
                "meta" : [ {
                  "from" : {
                    "object" : "stranice-4",
                    "edge" : "bottom"
                  },
                  "to" : {
                    "object" : "meni",
                    "edge" : "bottom"
                  },
                  "expectedDistance" : ">= 10px",
                  "realDistance" : "50px"
                }, {
                  "from" : {
                    "object" : "stranice-4",
                    "edge" : "top"
                  },
                  "to" : {
                    "object" : "meni",
                    "edge" : "top"
                  },
                  "expectedDistance" : ">= 100px",
                  "realDistance" : "220px"
                }, {
                  "from" : {
                    "object" : "stranice-4",
                    "edge" : "left"
                  },
                  "to" : {
                    "object" : "meni",
                    "edge" : "left"
                  },
                  "expectedDistance" : "-2 to 2px",
                  "realDistance" : "0px"
                }, {
                  "from" : {
                    "object" : "stranice-4",
                    "edge" : "right"
                  },
                  "to" : {
                    "object" : "meni",
                    "edge" : "right"
                  },
                  "expectedDistance" : "-2 to 2px",
                  "realDistance" : "0px"
                } ],
                "highlight" : [ "stranice-4", "meni" ]
              }, {
                "status" : "info",
                "place" : {
                  "filePath" : "./testovi/mobilePocetna.gspec",
                  "lineNumber" : 34
                },
                "name" : "height 30 to 40 px",
                "meta" : [ {
                  "from" : {
                    "object" : "stranice-4",
                    "edge" : "top"
                  },
                  "to" : {
                    "object" : "stranice-4",
                    "edge" : "bottom"
                  },
                  "expectedDistance" : "30 to 40px",
                  "realDistance" : "40px"
                } ],
                "highlight" : [ "stranice-4" ]
              }, {
                "status" : "info",
                "place" : {
                  "filePath" : "./testovi/mobilePocetna.gspec",
                  "lineNumber" : 35
                },
                "name" : "width ~ 100 % of meni/width",
                "meta" : [ {
                  "from" : {
                    "object" : "stranice-4",
                    "edge" : "left"
                  },
                  "to" : {
                    "object" : "stranice-4",
                    "edge" : "right"
                  },
                  "expectedDistance" : "98 to 102% [431 to 448px]",
                  "realDistance" : "100% [440px]"
                } ],
                "highlight" : [ "stranice-4" ]
              }, {
                "status" : "info",
                "place" : {
                  "filePath" : "./testovi/mobilePocetna.gspec",
                  "lineNumber" : 49
                },
                "name" : "above stranice-5 ~ 0px",
                "meta" : [ {
                  "from" : {
                    "object" : "stranice-4",
                    "edge" : "bottom"
                  },
                  "to" : {
                    "object" : "stranice-5",
                    "edge" : "top"
                  },
                  "expectedDistance" : "-2 to 2px",
                  "realDistance" : "0px"
                } ],
                "highlight" : [ "stranice-4", "stranice-5" ]
              }, {
                "status" : "info",
                "place" : {
                  "filePath" : "./testovi/mobilePocetna.gspec",
                  "lineNumber" : 50
                },
                "name" : "below stranice-3 ~ 0px",
                "meta" : [ {
                  "from" : {
                    "object" : "stranice-4",
                    "edge" : "top"
                  },
                  "to" : {
                    "object" : "stranice-3",
                    "edge" : "bottom"
                  },
                  "expectedDistance" : "-2 to 2px",
                  "realDistance" : "0px"
                } ],
                "highlight" : [ "stranice-4", "stranice-3" ]
              } ]
            }, {
              "name" : "stranice-5",
              "specs" : [ {
                "status" : "info",
                "place" : {
                  "filePath" : "./testovi/mobilePocetna.gspec",
                  "lineNumber" : 32
                },
                "name" : "aligned vertically all stranice-2",
                "highlight" : [ "stranice-5", "stranice-2" ]
              }, {
                "status" : "info",
                "place" : {
                  "filePath" : "./testovi/mobilePocetna.gspec",
                  "lineNumber" : 33
                },
                "name" : "inside meni >= 10px bottom, >= 100 px top, ~ 0% of meni/width left right",
                "meta" : [ {
                  "from" : {
                    "object" : "stranice-5",
                    "edge" : "bottom"
                  },
                  "to" : {
                    "object" : "meni",
                    "edge" : "bottom"
                  },
                  "expectedDistance" : ">= 10px",
                  "realDistance" : "10px"
                }, {
                  "from" : {
                    "object" : "stranice-5",
                    "edge" : "top"
                  },
                  "to" : {
                    "object" : "meni",
                    "edge" : "top"
                  },
                  "expectedDistance" : ">= 100px",
                  "realDistance" : "260px"
                }, {
                  "from" : {
                    "object" : "stranice-5",
                    "edge" : "left"
                  },
                  "to" : {
                    "object" : "meni",
                    "edge" : "left"
                  },
                  "expectedDistance" : "-2 to 2px",
                  "realDistance" : "0px"
                }, {
                  "from" : {
                    "object" : "stranice-5",
                    "edge" : "right"
                  },
                  "to" : {
                    "object" : "meni",
                    "edge" : "right"
                  },
                  "expectedDistance" : "-2 to 2px",
                  "realDistance" : "0px"
                } ],
                "highlight" : [ "stranice-5", "meni" ]
              }, {
                "status" : "info",
                "place" : {
                  "filePath" : "./testovi/mobilePocetna.gspec",
                  "lineNumber" : 34
                },
                "name" : "height 30 to 40 px",
                "meta" : [ {
                  "from" : {
                    "object" : "stranice-5",
                    "edge" : "top"
                  },
                  "to" : {
                    "object" : "stranice-5",
                    "edge" : "bottom"
                  },
                  "expectedDistance" : "30 to 40px",
                  "realDistance" : "40px"
                } ],
                "highlight" : [ "stranice-5" ]
              }, {
                "status" : "info",
                "place" : {
                  "filePath" : "./testovi/mobilePocetna.gspec",
                  "lineNumber" : 35
                },
                "name" : "width ~ 100 % of meni/width",
                "meta" : [ {
                  "from" : {
                    "object" : "stranice-5",
                    "edge" : "left"
                  },
                  "to" : {
                    "object" : "stranice-5",
                    "edge" : "right"
                  },
                  "expectedDistance" : "98 to 102% [431 to 448px]",
                  "realDistance" : "100% [440px]"
                } ],
                "highlight" : [ "stranice-5" ]
              }, {
                "status" : "info",
                "place" : {
                  "filePath" : "./testovi/mobilePocetna.gspec",
                  "lineNumber" : 53
                },
                "name" : "below stranice-4 ~ 0px",
                "meta" : [ {
                  "from" : {
                    "object" : "stranice-5",
                    "edge" : "top"
                  },
                  "to" : {
                    "object" : "stranice-4",
                    "edge" : "bottom"
                  },
                  "expectedDistance" : "-2 to 2px",
                  "realDistance" : "0px"
                } ],
                "highlight" : [ "stranice-5", "stranice-4" ]
              } ]
            }, {
              "name" : "global",
              "specs" : [ {
                "status" : "info",
                "place" : {
                  "filePath" : "./testovi/mobilePocetna.gspec",
                  "lineNumber" : 55
                },
                "name" : "count any stranice-* is 5",
                "highlight" : [ "stranice-5", "stranice-4", "stranice-1", "stranice-3", "stranice-2" ]
              } ]
            } ]
          }, {
            "name" : "slike-*",
            "place" : {
              "filePath" : "./testovi/mobilePocetna.gspec",
              "lineNumber" : 57
            },
            "objects" : [ {
              "name" : "slike-1",
              "specs" : [ {
                "status" : "info",
                "place" : {
                  "filePath" : "./testovi/mobilePocetna.gspec",
                  "lineNumber" : 59
                },
                "name" : "inside sadrzaj",
                "meta" : [ ],
                "highlight" : [ "slike-1", "sadrzaj" ]
              }, {
                "status" : "info",
                "place" : {
                  "filePath" : "./testovi/mobilePocetna.gspec",
                  "lineNumber" : 60
                },
                "name" : "width ~ 250 px",
                "meta" : [ {
                  "from" : {
                    "object" : "slike-1",
                    "edge" : "left"
                  },
                  "to" : {
                    "object" : "slike-1",
                    "edge" : "right"
                  },
                  "expectedDistance" : "248 to 252px",
                  "realDistance" : "252px"
                } ],
                "highlight" : [ "slike-1" ]
              }, {
                "status" : "info",
                "place" : {
                  "filePath" : "./testovi/mobilePocetna.gspec",
                  "lineNumber" : 62
                },
                "name" : "inside sadrzaj ~ 10 px top, ~ 9% of sadrzaj/width left",
                "meta" : [ {
                  "from" : {
                    "object" : "slike-1",
                    "edge" : "top"
                  },
                  "to" : {
                    "object" : "sadrzaj",
                    "edge" : "top"
                  },
                  "expectedDistance" : "8 to 12px",
                  "realDistance" : "12px"
                }, {
                  "from" : {
                    "object" : "slike-1",
                    "edge" : "left"
                  },
                  "to" : {
                    "object" : "sadrzaj",
                    "edge" : "left"
                  },
                  "expectedDistance" : "7 to 11px",
                  "realDistance" : "40px"
                } ],
                "highlight" : [ "slike-1", "sadrzaj" ]
              }, {
                "status" : "info",
                "place" : {
                  "filePath" : "./testovi/mobilePocetna.gspec",
                  "lineNumber" : 63
                },
                "name" : "above slike-2 ~ 25 px",
                "meta" : [ {
                  "from" : {
                    "object" : "slike-1",
                    "edge" : "bottom"
                  },
                  "to" : {
                    "object" : "slike-2",
                    "edge" : "top"
                  },
                  "expectedDistance" : "23 to 27px",
                  "realDistance" : "24px"
                } ],
                "highlight" : [ "slike-1", "slike-2" ]
              } ]
            }, {
              "name" : "slike-2",
              "specs" : [ {
                "status" : "info",
                "place" : {
                  "filePath" : "./testovi/mobilePocetna.gspec",
                  "lineNumber" : 59
                },
                "name" : "inside sadrzaj",
                "meta" : [ ],
                "highlight" : [ "slike-2", "sadrzaj" ]
              }, {
                "status" : "info",
                "place" : {
                  "filePath" : "./testovi/mobilePocetna.gspec",
                  "lineNumber" : 60
                },
                "name" : "width ~ 250 px",
                "meta" : [ {
                  "from" : {
                    "object" : "slike-2",
                    "edge" : "left"
                  },
                  "to" : {
                    "object" : "slike-2",
                    "edge" : "right"
                  },
                  "expectedDistance" : "248 to 252px",
                  "realDistance" : "252px"
                } ],
                "highlight" : [ "slike-2" ]
              }, {
                "status" : "info",
                "place" : {
                  "filePath" : "./testovi/mobilePocetna.gspec",
                  "lineNumber" : 65
                },
                "name" : "above slike-3 ~ 25 px",
                "meta" : [ {
                  "from" : {
                    "object" : "slike-2",
                    "edge" : "bottom"
                  },
                  "to" : {
                    "object" : "slike-3",
                    "edge" : "top"
                  },
                  "expectedDistance" : "23 to 27px",
                  "realDistance" : "24px"
                } ],
                "highlight" : [ "slike-2", "slike-3" ]
              }, {
                "status" : "info",
                "place" : {
                  "filePath" : "./testovi/mobilePocetna.gspec",
                  "lineNumber" : 66
                },
                "name" : "below slike-1 ~ 25 px",
                "meta" : [ {
                  "from" : {
                    "object" : "slike-2",
                    "edge" : "top"
                  },
                  "to" : {
                    "object" : "slike-1",
                    "edge" : "bottom"
                  },
                  "expectedDistance" : "23 to 27px",
                  "realDistance" : "24px"
                } ],
                "highlight" : [ "slike-2", "slike-1" ]
              } ]
            }, {
              "name" : "slike-3",
              "specs" : [ {
                "status" : "info",
                "place" : {
                  "filePath" : "./testovi/mobilePocetna.gspec",
                  "lineNumber" : 59
                },
                "name" : "inside sadrzaj",
                "meta" : [ ],
                "highlight" : [ "slike-3", "sadrzaj" ]
              }, {
                "status" : "info",
                "place" : {
                  "filePath" : "./testovi/mobilePocetna.gspec",
                  "lineNumber" : 60
                },
                "name" : "width ~ 250 px",
                "meta" : [ {
                  "from" : {
                    "object" : "slike-3",
                    "edge" : "left"
                  },
                  "to" : {
                    "object" : "slike-3",
                    "edge" : "right"
                  },
                  "expectedDistance" : "248 to 252px",
                  "realDistance" : "252px"
                } ],
                "highlight" : [ "slike-3" ]
              }, {
                "status" : "info",
                "place" : {
                  "filePath" : "./testovi/mobilePocetna.gspec",
                  "lineNumber" : 68
                },
                "name" : "above slike-4 ~ 25 px",
                "meta" : [ {
                  "from" : {
                    "object" : "slike-3",
                    "edge" : "bottom"
                  },
                  "to" : {
                    "object" : "slike-4",
                    "edge" : "top"
                  },
                  "expectedDistance" : "23 to 27px",
                  "realDistance" : "24px"
                } ],
                "highlight" : [ "slike-3", "slike-4" ]
              }, {
                "status" : "info",
                "place" : {
                  "filePath" : "./testovi/mobilePocetna.gspec",
                  "lineNumber" : 69
                },
                "name" : "below slike-2 ~ 25 px",
                "meta" : [ {
                  "from" : {
                    "object" : "slike-3",
                    "edge" : "top"
                  },
                  "to" : {
                    "object" : "slike-2",
                    "edge" : "bottom"
                  },
                  "expectedDistance" : "23 to 27px",
                  "realDistance" : "24px"
                } ],
                "highlight" : [ "slike-3", "slike-2" ]
              } ]
            }, {
              "name" : "slike-4",
              "specs" : [ {
                "status" : "info",
                "place" : {
                  "filePath" : "./testovi/mobilePocetna.gspec",
                  "lineNumber" : 59
                },
                "name" : "inside sadrzaj",
                "meta" : [ ],
                "highlight" : [ "slike-4", "sadrzaj" ]
              }, {
                "status" : "info",
                "place" : {
                  "filePath" : "./testovi/mobilePocetna.gspec",
                  "lineNumber" : 60
                },
                "name" : "width ~ 250 px",
                "meta" : [ {
                  "from" : {
                    "object" : "slike-4",
                    "edge" : "left"
                  },
                  "to" : {
                    "object" : "slike-4",
                    "edge" : "right"
                  },
                  "expectedDistance" : "248 to 252px",
                  "realDistance" : "252px"
                } ],
                "highlight" : [ "slike-4" ]
              }, {
                "status" : "info",
                "place" : {
                  "filePath" : "./testovi/mobilePocetna.gspec",
                  "lineNumber" : 71
                },
                "name" : "above slike-5 ~ 25 px",
                "meta" : [ {
                  "from" : {
                    "object" : "slike-4",
                    "edge" : "bottom"
                  },
                  "to" : {
                    "object" : "slike-5",
                    "edge" : "top"
                  },
                  "expectedDistance" : "23 to 27px",
                  "realDistance" : "24px"
                } ],
                "highlight" : [ "slike-4", "slike-5" ]
              }, {
                "status" : "info",
                "place" : {
                  "filePath" : "./testovi/mobilePocetna.gspec",
                  "lineNumber" : 72
                },
                "name" : "below slike-3 ~ 25 px",
                "meta" : [ {
                  "from" : {
                    "object" : "slike-4",
                    "edge" : "top"
                  },
                  "to" : {
                    "object" : "slike-3",
                    "edge" : "bottom"
                  },
                  "expectedDistance" : "23 to 27px",
                  "realDistance" : "24px"
                } ],
                "highlight" : [ "slike-4", "slike-3" ]
              } ]
            }, {
              "name" : "slike-5",
              "specs" : [ {
                "status" : "info",
                "place" : {
                  "filePath" : "./testovi/mobilePocetna.gspec",
                  "lineNumber" : 59
                },
                "name" : "inside sadrzaj",
                "meta" : [ ],
                "highlight" : [ "slike-5", "sadrzaj" ]
              }, {
                "status" : "info",
                "place" : {
                  "filePath" : "./testovi/mobilePocetna.gspec",
                  "lineNumber" : 60
                },
                "name" : "width ~ 250 px",
                "meta" : [ {
                  "from" : {
                    "object" : "slike-5",
                    "edge" : "left"
                  },
                  "to" : {
                    "object" : "slike-5",
                    "edge" : "right"
                  },
                  "expectedDistance" : "248 to 252px",
                  "realDistance" : "252px"
                } ],
                "highlight" : [ "slike-5" ]
              }, {
                "status" : "info",
                "place" : {
                  "filePath" : "./testovi/mobilePocetna.gspec",
                  "lineNumber" : 74
                },
                "name" : "above slike-6 ~ 25 px",
                "meta" : [ {
                  "from" : {
                    "object" : "slike-5",
                    "edge" : "bottom"
                  },
                  "to" : {
                    "object" : "slike-6",
                    "edge" : "top"
                  },
                  "expectedDistance" : "23 to 27px",
                  "realDistance" : "24px"
                } ],
                "highlight" : [ "slike-5", "slike-6" ]
              }, {
                "status" : "info",
                "place" : {
                  "filePath" : "./testovi/mobilePocetna.gspec",
                  "lineNumber" : 75
                },
                "name" : "below slike-4 ~ 25 px",
                "meta" : [ {
                  "from" : {
                    "object" : "slike-5",
                    "edge" : "top"
                  },
                  "to" : {
                    "object" : "slike-4",
                    "edge" : "bottom"
                  },
                  "expectedDistance" : "23 to 27px",
                  "realDistance" : "24px"
                } ],
                "highlight" : [ "slike-5", "slike-4" ]
              } ]
            }, {
              "name" : "slike-6",
              "specs" : [ {
                "status" : "info",
                "place" : {
                  "filePath" : "./testovi/mobilePocetna.gspec",
                  "lineNumber" : 59
                },
                "name" : "inside sadrzaj",
                "meta" : [ ],
                "highlight" : [ "slike-6", "sadrzaj" ]
              }, {
                "status" : "info",
                "place" : {
                  "filePath" : "./testovi/mobilePocetna.gspec",
                  "lineNumber" : 60
                },
                "name" : "width ~ 250 px",
                "meta" : [ {
                  "from" : {
                    "object" : "slike-6",
                    "edge" : "left"
                  },
                  "to" : {
                    "object" : "slike-6",
                    "edge" : "right"
                  },
                  "expectedDistance" : "248 to 252px",
                  "realDistance" : "252px"
                } ],
                "highlight" : [ "slike-6" ]
              }, {
                "status" : "info",
                "place" : {
                  "filePath" : "./testovi/mobilePocetna.gspec",
                  "lineNumber" : 77
                },
                "name" : "above slike-7 ~ 25 px",
                "meta" : [ {
                  "from" : {
                    "object" : "slike-6",
                    "edge" : "bottom"
                  },
                  "to" : {
                    "object" : "slike-7",
                    "edge" : "top"
                  },
                  "expectedDistance" : "23 to 27px",
                  "realDistance" : "24px"
                } ],
                "highlight" : [ "slike-6", "slike-7" ]
              }, {
                "status" : "info",
                "place" : {
                  "filePath" : "./testovi/mobilePocetna.gspec",
                  "lineNumber" : 78
                },
                "name" : "below slike-5 ~ 25 px",
                "meta" : [ {
                  "from" : {
                    "object" : "slike-6",
                    "edge" : "top"
                  },
                  "to" : {
                    "object" : "slike-5",
                    "edge" : "bottom"
                  },
                  "expectedDistance" : "23 to 27px",
                  "realDistance" : "24px"
                } ],
                "highlight" : [ "slike-6", "slike-5" ]
              } ]
            }, {
              "name" : "slike-7",
              "specs" : [ {
                "status" : "info",
                "place" : {
                  "filePath" : "./testovi/mobilePocetna.gspec",
                  "lineNumber" : 59
                },
                "name" : "inside sadrzaj",
                "meta" : [ ],
                "highlight" : [ "slike-7", "sadrzaj" ]
              }, {
                "status" : "info",
                "place" : {
                  "filePath" : "./testovi/mobilePocetna.gspec",
                  "lineNumber" : 60
                },
                "name" : "width ~ 250 px",
                "meta" : [ {
                  "from" : {
                    "object" : "slike-7",
                    "edge" : "left"
                  },
                  "to" : {
                    "object" : "slike-7",
                    "edge" : "right"
                  },
                  "expectedDistance" : "248 to 252px",
                  "realDistance" : "252px"
                } ],
                "highlight" : [ "slike-7" ]
              }, {
                "status" : "info",
                "place" : {
                  "filePath" : "./testovi/mobilePocetna.gspec",
                  "lineNumber" : 80
                },
                "name" : "above slike-8 ~ 25 px",
                "meta" : [ {
                  "from" : {
                    "object" : "slike-7",
                    "edge" : "bottom"
                  },
                  "to" : {
                    "object" : "slike-8",
                    "edge" : "top"
                  },
                  "expectedDistance" : "23 to 27px",
                  "realDistance" : "24px"
                } ],
                "highlight" : [ "slike-7", "slike-8" ]
              }, {
                "status" : "info",
                "place" : {
                  "filePath" : "./testovi/mobilePocetna.gspec",
                  "lineNumber" : 81
                },
                "name" : "below slike-6 ~ 25 px",
                "meta" : [ {
                  "from" : {
                    "object" : "slike-7",
                    "edge" : "top"
                  },
                  "to" : {
                    "object" : "slike-6",
                    "edge" : "bottom"
                  },
                  "expectedDistance" : "23 to 27px",
                  "realDistance" : "24px"
                } ],
                "highlight" : [ "slike-7", "slike-6" ]
              } ]
            }, {
              "name" : "slike-8",
              "specs" : [ {
                "status" : "info",
                "place" : {
                  "filePath" : "./testovi/mobilePocetna.gspec",
                  "lineNumber" : 59
                },
                "name" : "inside sadrzaj",
                "meta" : [ ],
                "highlight" : [ "slike-8", "sadrzaj" ]
              }, {
                "status" : "info",
                "place" : {
                  "filePath" : "./testovi/mobilePocetna.gspec",
                  "lineNumber" : 60
                },
                "name" : "width ~ 250 px",
                "meta" : [ {
                  "from" : {
                    "object" : "slike-8",
                    "edge" : "left"
                  },
                  "to" : {
                    "object" : "slike-8",
                    "edge" : "right"
                  },
                  "expectedDistance" : "248 to 252px",
                  "realDistance" : "252px"
                } ],
                "highlight" : [ "slike-8" ]
              }, {
                "status" : "info",
                "place" : {
                  "filePath" : "./testovi/mobilePocetna.gspec",
                  "lineNumber" : 83
                },
                "name" : "above slike-9 ~ 25 px",
                "meta" : [ {
                  "from" : {
                    "object" : "slike-8",
                    "edge" : "bottom"
                  },
                  "to" : {
                    "object" : "slike-9",
                    "edge" : "top"
                  },
                  "expectedDistance" : "23 to 27px",
                  "realDistance" : "24px"
                } ],
                "highlight" : [ "slike-8", "slike-9" ]
              }, {
                "status" : "info",
                "place" : {
                  "filePath" : "./testovi/mobilePocetna.gspec",
                  "lineNumber" : 84
                },
                "name" : "below slike-7 ~ 25 px",
                "meta" : [ {
                  "from" : {
                    "object" : "slike-8",
                    "edge" : "top"
                  },
                  "to" : {
                    "object" : "slike-7",
                    "edge" : "bottom"
                  },
                  "expectedDistance" : "23 to 27px",
                  "realDistance" : "24px"
                } ],
                "highlight" : [ "slike-8", "slike-7" ]
              } ]
            }, {
              "name" : "slike-9",
              "specs" : [ {
                "status" : "info",
                "place" : {
                  "filePath" : "./testovi/mobilePocetna.gspec",
                  "lineNumber" : 59
                },
                "name" : "inside sadrzaj",
                "meta" : [ ],
                "highlight" : [ "slike-9", "sadrzaj" ]
              }, {
                "status" : "info",
                "place" : {
                  "filePath" : "./testovi/mobilePocetna.gspec",
                  "lineNumber" : 60
                },
                "name" : "width ~ 250 px",
                "meta" : [ {
                  "from" : {
                    "object" : "slike-9",
                    "edge" : "left"
                  },
                  "to" : {
                    "object" : "slike-9",
                    "edge" : "right"
                  },
                  "expectedDistance" : "248 to 252px",
                  "realDistance" : "252px"
                } ],
                "highlight" : [ "slike-9" ]
              }, {
                "status" : "info",
                "place" : {
                  "filePath" : "./testovi/mobilePocetna.gspec",
                  "lineNumber" : 86
                },
                "name" : "above slike-10 ~ 25 px",
                "meta" : [ {
                  "from" : {
                    "object" : "slike-9",
                    "edge" : "bottom"
                  },
                  "to" : {
                    "object" : "slike-10",
                    "edge" : "top"
                  },
                  "expectedDistance" : "23 to 27px",
                  "realDistance" : "24px"
                } ],
                "highlight" : [ "slike-9", "slike-10" ]
              }, {
                "status" : "info",
                "place" : {
                  "filePath" : "./testovi/mobilePocetna.gspec",
                  "lineNumber" : 87
                },
                "name" : "below slike-8 ~ 25 px",
                "meta" : [ {
                  "from" : {
                    "object" : "slike-9",
                    "edge" : "top"
                  },
                  "to" : {
                    "object" : "slike-8",
                    "edge" : "bottom"
                  },
                  "expectedDistance" : "23 to 27px",
                  "realDistance" : "24px"
                } ],
                "highlight" : [ "slike-9", "slike-8" ]
              } ]
            }, {
              "name" : "slike-10",
              "specs" : [ {
                "status" : "info",
                "place" : {
                  "filePath" : "./testovi/mobilePocetna.gspec",
                  "lineNumber" : 59
                },
                "name" : "inside sadrzaj",
                "meta" : [ ],
                "highlight" : [ "slike-10", "sadrzaj" ]
              }, {
                "status" : "info",
                "place" : {
                  "filePath" : "./testovi/mobilePocetna.gspec",
                  "lineNumber" : 60
                },
                "name" : "width ~ 250 px",
                "meta" : [ {
                  "from" : {
                    "object" : "slike-10",
                    "edge" : "left"
                  },
                  "to" : {
                    "object" : "slike-10",
                    "edge" : "right"
                  },
                  "expectedDistance" : "248 to 252px",
                  "realDistance" : "252px"
                } ],
                "highlight" : [ "slike-10" ]
              }, {
                "status" : "info",
                "place" : {
                  "filePath" : "./testovi/mobilePocetna.gspec",
                  "lineNumber" : 89
                },
                "name" : "below slike-9 ~ 25 px",
                "meta" : [ {
                  "from" : {
                    "object" : "slike-10",
                    "edge" : "top"
                  },
                  "to" : {
                    "object" : "slike-9",
                    "edge" : "bottom"
                  },
                  "expectedDistance" : "23 to 27px",
                  "realDistance" : "24px"
                } ],
                "highlight" : [ "slike-10", "slike-9" ]
              } ]
            } ]
          } ],
          "objects" : {
            "meni" : {
              "area" : [ 55, 80, 440, 310 ]
            },
            "slike-4" : {
              "area" : [ 95, 810, 252, 96 ]
            },
            "slike-3" : {
              "area" : [ 95, 690, 252, 96 ]
            },
            "slike-6" : {
              "area" : [ 95, 1050, 252, 96 ]
            },
            "slike-5" : {
              "area" : [ 95, 930, 252, 96 ]
            },
            "slike-8" : {
              "area" : [ 95, 1290, 252, 96 ]
            },
            "slike-7" : {
              "area" : [ 95, 1170, 252, 96 ]
            },
            "slike-10" : {
              "area" : [ 95, 1530, 252, 96 ]
            },
            "slike-9" : {
              "area" : [ 95, 1410, 252, 96 ]
            },
            "screen" : {
              "area" : [ 0, 0, 551, 1638 ]
            },
            "sadrzaj" : {
              "area" : [ 55, 438, 440, 1200 ]
            },
            "stranice-5" : {
              "area" : [ 55, 340, 440, 40 ]
            },
            "logo" : {
              "area" : [ 225, 30, 100, 100 ]
            },
            "stranice-4" : {
              "area" : [ 55, 300, 440, 40 ]
            },
            "stranice-1" : {
              "area" : [ 55, 180, 440, 40 ]
            },
            "stranice-3" : {
              "area" : [ 55, 260, 440, 40 ]
            },
            "slike-2" : {
              "area" : [ 95, 570, 252, 96 ]
            },
            "stranice-2" : {
              "area" : [ 55, 220, 440, 40 ]
            },
            "slike-1" : {
              "area" : [ 95, 450, 252, 96 ]
            }
          },
          "screenshot" : "layout-1-screenshot.png",
          "type" : "layout"
        } ],
        "time" : 1573637484439,
        "type" : "node"
      } ],
      "time" : 1573637469312,
      "type" : "node"
    } ]
  }
}